# 3D point list with one line of data per point:
#   POINT3D_ID, X, Y, Z, R, G, B, ERROR, TRACK[] as (IMAGE_ID, POINT2D_IDX)
# Number of points: 5807, mean track length: 5.234372309281901
5758 -0.49444790526321608 1.9514157722495518 1.9676738064482686 123 58 3 0.21289694651462077 9 67 94 553 69 123
5754 -0.95303834019728828 1.6733038799142748 1.4138193407900674 254 199 56 0.90953670913060403 9 389 69 484 94 486
5749 0.15923534771689152 1.9589921578212124 2.1462650472707221 143 69 5 0.63121616777300349 13 431 69 398 94 380 9 296
5743 -0.59072753730976435 1.5698649926422075 1.6446675590925544 164 160 175 0.86279791900340996 9 395 69 321 94 282
5739 -0.90971577346782062 2.3197468253831661 2.0574931433223465 162 158 172 0.77943387878925552 9 138 69 198 94 152
5732 -0.68176286644255513 2.1300900744433973 2.0983439801196662 28 26 27 0.21897927520435112 9 105 94 125 69 171
5729 -0.83295245455082678 2.0912110806103765 1.9763473763930746 82 64 60 0.22230830827502701 9 78 94 97 69 134
5721 -0.98747515420585252 2.255412536661026 2.2387538798349147 72 49 37 0.83857446022440196 13 468 18 725 75 1001 66 992 69 444 57 959 17 1022
5705 -0.59161914190589382 1.8706466567004645 1.8285989323098761 255 197 53 0.75296012272769774 9 605 69 785 18 803
5693 -0.83292230678428669 2.0872567970257738 1.9786207560881777 55 52 57 0.27019418473370399 9 79 69 135 18 361
5668 -0.53923785527713963 2.5727692336257619 1.3635628326764653 19 16 21 0.11819651579951924 23 285 49 89 67 112
5657 0.07309043656137737 1.9032006760724249 1.559390543780085 70 37 7 0.81261140955083844 23 649 49 619 67 597
5656 -0.37440854502386006 2.8586544700831369 1.2546247974233977 53 36 30 0.33260420825150794 23 629 49 593 81 575 67 627
5646 -0.85469512326324215 1.6558143129384963 1.3661847560946541 239 191 56 0.84587820234443523 23 500 49 473 67 576
5645 0.95350934065102555 1.3383540750376033 1.5978732823751562 99 77 18 0.26593651742500302 23 581 49 472
5628 -0.023260471382587793 2.4125415482644401 1.4888294025884807 27 7 0 1.0552033157487455 3 439 49 252
5626 -0.25650296033866427 2.4375356425387658 1.5498325181342372 22 13 8 0.24126774190961062 81 406 49 247 67 444
5612 0.033389480580796591 2.0780183292233172 1.7275404756356225 90 68 32 0.81843392153752825 23 675 81 656 67 660
5608 -0.44267211988989164 2.9811492654403966 1.2310923956879847 0 0 0 1.6940414178704917 3 869 98 1242 81 625
5606 -0.085622976362483227 2.8562475369066527 1.3404738104154978 0 0 0 1.0937396883471535 29 1086 81 588
5584 -0.44102690920627052 2.5175330694077336 1.3819772677042788 32 22 3 0.20682159802838707 77 408 81 252
5583 -0.47250398835816571 2.4961555103045443 1.3534611107230481 26 19 5 0.16265118039269658 23 257 38 680 81 242 49 81 67 102
5580 0.20190070267643459 1.8514409192591261 2.0365630531367858 111 91 25 1.002882768650343 69 382 49 214 13 403 67 256
5579 -0.054666496609012662 1.8842498785868707 1.6108011123468726 60 26 2 0.24266594112870513 93 88 81 199 49 41 67 51
5574 -0.25895499496471169 2.2804762211818179 1.5217608442717578 85 75 19 0.080080319673090164 38 179 81 63 67 87
5561 0.17537702827350701 1.9523925035518603 1.6042171355334003 73 81 86 0.60901512754781895 79 755 23 592 81 540
5543 1.3683037632531798 2.129029979090618 2.260889995403303 232 206 164 0.13407539295924545 20 1278 50 1276 26 1198
5539 -0.74240303430558885 2.9320731131642113 1.1897840493025755 162 159 142 0.32070917782502545 50 1269 72 849 26 1106
5534 0.27946826299509819 2.2904525685099175 1.9661633058761159 96 79 60 1.2883654707543652 91 616 26 548
5508 0.44305555620596487 1.7719642694100863 2.8155949487608622 150 99 71 0.62261371133638055 91 471 72 350 39 163 97 467 74 198 97 222 86 547
5507 0.31465277046869683 1.8732087038078971 2.7422709369714253 224 209 173 0.17013320822645164 91 459 72 342 97 465
5484 0.20632652427595979 1.7647277711150078 2.783108110417202 0 0 0 0.1461202972960273 50 893 3 688
5415 -1.0038406672988114 1.6265087835684011 1.1771500735488676 0 0 0 0.17072243438502849 15 1035 50 1279
5413 -0.45969430824751673 2.8561254651745869 1.343044304126511 46 32 27 2.6390003993925504 15 1069 50 1273 49 594 67 628
5410 0.25278686587579857 1.5871851464690419 1.9908672633457054 175 131 48 0.67035181917377029 15 1057 50 1261 3 912 49 615
5393 0.23027622914490747 1.8089571145329593 1.6663251377499135 107 87 24 0.6927173233324343 15 928 50 1081 3 846 49 486
5380 -0.5830452294278351 2.5895709227068657 1.3431126940364688 48 53 72 0.30798350750426851 15 949 50 881 49 586 67 616
5379 0.40624504259803113 1.8322990858323094 1.9515259800586657 14 15 18 0.79307367790101502 15 508 50 879 20 476 3 672 26 701 74 408
5378 0.25890116842986266 1.9651986359320506 1.6029361451179931 92 92 106 0.17787359256757293 15 502 50 875 3 403
5374 -0.28628890374145261 2.0754090649724426 1.3778547096334519 65 67 83 0.46871727525140594 15 487 50 862 3 74
5370 0.38424952301524834 0.85360194105887244 2.0137033972975917 202 118 11 0.19253301647111654 15 733 50 811 20 686 91 327 3 605
5369 1.4865553337881423 2.2325999984864828 2.052763257817249 35 23 20 0.40690540874690839 15 728 50 808 20 385 3 744 26 403
5336 -0.28096537082556611 2.4256704249943599 1.496263673194463 78 64 15 0.82404232289912094 38 1049 29 1067 79 811 85 1232 90 1052 98 891 85 853 15 950 3 858 77 769 23 658 81 610 49 626 67 665
5312 0.34316181085611286 1.7885335701781744 1.8096596462047991 112 90 25 0.042930338216222212 93 867 15 781 67 527
5310 0.22859915825413196 1.7602949251412801 1.6383389744462586 23 20 25 0.058168835270775661 79 497 15 771 50 541
5279 0.3140800854873777 1.7699401435356117 2.9061822246713542 97 59 41 0.31144135530888883 75 240 18 493 4 716 57 236 37 168
5260 -1.2516871732321058 2.5265381253303421 1.9684637668884908 225 207 166 1.4520258684268363 13 1122 69 979 63 1073 9 827 4 1054
5251 -0.86765806282830094 2.2776348421160191 2.0835192594636527 116 100 102 0.91239593082037329 75 907 69 905 18 910 57 1028
5245 -0.059734548718116377 1.617159655495815 1.9886681337039764 255 223 57 0.36239875802452526 13 1015 69 879 9 703 94 647
5227 -0.66698818525418235 1.808023965080271 1.8376098429645877 167 93 10 0.380177257789585 13 372 69 535 9 441
5210 -0.69766579581028076 1.8388065798718682 1.820947015230383 253 212 55 0.30619016338024946 13 375 69 362 9 259 18 265 94 325
5163 0.20792307832686172 1.7602428378518784 2.0704822875523234 158 84 10 0.34764041564276793 66 450 75 373 13 398 69 375 83 484 9 273
5161 -0.79372756518605803 1.8615335922829606 1.7751767869409338 182 101 13 0.40311962785879041 66 153 13 363 69 355 9 438 94 319
5154 -0.94547540245888129 1.98336536433189 1.662737787759643 113 89 75 0.39595350229050891 66 143 13 107 69 351 9 256 94 328
5149 0.80045842357028263 1.2907857691985796 1.467030225903545 255 147 18 0.15685915888169852 63 137 75 52 13 32
5135 0.013297804679887865 2.1410606198293287 2.3154650927453826 28 24 17 1.3810096286096529 11 909 22 878 63 1032
5134 -0.47575787971478906 1.7834277254068329 1.8682237151688703 213 205 211 0.49556229714941086 66 1164 63 1028 13 1071 69 938 9 777 94 785
5127 0.87143027028246811 1.2844536581798123 1.532317779715733 255 212 45 0.8716614983598725 11 836 63 949 13 996 69 846
5119 -0.2119624292630998 1.7113276208068315 2.0386345924972868 22 23 24 0.66014718713295018 11 628 63 767 4 835
5114 1.104100876942119 1.8795312383402505 2.6342633795835129 221 188 140 0.18389441369472945 66 590 63 706 13 617
5112 0.32376269886829068 2.1185551096645603 2.3624717699097899 205 178 131 0.10512973198903156 11 264 63 545 4 594 52 277
5108 -0.23645325815599452 1.7425229681623284 1.9799422953546792 194 148 34 0.53479566783793275 11 624 22 331 63 441
5106 0.2379609074527291 1.8615840103917554 2.1357834823919273 159 85 9 0.48410468971375509 66 203 13 419 94 561
5103 0.39075257338598224 2.3335583497825709 1.590877587698236 27 35 48 1.7873385657611844 11 163 63 239 4 249
5087 -0.528621152210767 1.7153146138508322 1.5877030886786703 255 243 66 0.47164530120884762 22 944 11 920 63 1065 4 1088
5086 1.096273778349198 2.2627718947981932 1.8458946721465446 0 0 0 1.0524584801940113 22 932 11 911 70 970
5085 0.70706935885462896 1.0858449239161365 1.2610852400268988 255 252 77 0.82341800969454026 75 1054 11 873 4 1061 13 1052 52 1018
5084 0.98690889674017968 2.3440993392176606 1.7981813745575055 0 0 0 1.4018603968391121 66 1136 11 858 63 927 4 1008
5082 0.69940830144273369 1.1306388896686383 1.3449026246790048 255 198 43 0.51978615158806551 22 849 11 819 63 940 13 903 4 974
5081 -0.12654030060971941 1.9808332624068639 2.7358339151161766 216 186 146 1.7705558363527742 100 948 70 838 52 940
5080 -0.21229711309455898 2.0206098786622242 2.7060272064176809 213 185 145 0.80694684158546259 28 586 100 944 11 792
5079 -0.67739547666138467 2.0559192361284113 2.4966665050658197 183 158 123 0.94457457426479419 30 757 100 931 11 776
5078 0.43232187941154115 2.3837509616131847 1.7822435916348669 27 25 21 1.7647814294772566 22 814 11 767 63 974 52 1033 70 956
5077 -0.45001461041822138 1.5774340029221861 1.4939981431579976 255 213 55 0.35740280306973998 22 853 11 740 63 950
5076 1.1217146730661023 1.8795940166770775 2.6059970860647566 254 233 180 0.21073768860348374 22 740 11 708 63 841
5075 1.158020238931788 1.9148210644392509 2.5456949907502886 254 232 177 0.34045162811784274 22 730 11 704 13 814
5074 0.065135792045061036 1.8106979523394602 1.944439670550596 173 106 19 0.26564726568586178 22 607 11 631 63 913
5073 -0.1964226326862647 1.6930285971966588 2.0490376970022406 20 20 23 0.46143667084752443 75 628 11 627 63 766
5072 -0.29442239488783045 1.7204465519082903 1.9027714641182072 191 129 26 0.11544333678412422 22 595 11 616 63 756
5071 -0.59106765348368673 1.8501239490216836 1.8936574620180162 254 219 54 0.54406242169589625 22 593 11 615 63 758 4 944
5069 0.41376095559099041 2.0988482129189263 2.3820475512415227 253 226 172 0.12962987584784549 22 426 11 445 63 559
5068 0.55954934102114107 2.4684336829304501 1.730311218282987 143 92 65 0.2306310770254853 75 380 11 396 63 484 70 569 59 483
5067 0.4227378597916292 2.4891710914448626 1.7560906007176982 184 166 130 0.52368185214305296 22 159 11 393 63 485
5066 0.39863526324350634 1.8317698146944994 1.975554442269821 34 30 22 0.27056543554986473 22 144 11 377 63 457 4 534 52 570 70 533 59 449
5065 0.35609302238168045 1.7235356031960007 2.032824150105832 36 32 23 0.36107762818319222 22 139 11 376 63 455 4 528 52 569 70 527 59 443 97 429 74 402
5064 0.19044921520094055 1.6230094492419693 1.9252211805943196 196 128 24 0.12695731776817373 22 600 11 366
5063 0.6808122311224748 1.7074033875294594 2.9734823964153372 224 207 165 0.045877475723004067 22 263 11 309
5062 0.096523003342088937 2.127235190849019 2.3808204492314777 245 216 163 0.17605263409125085 22 229 11 256 63 326
5061 0.34346637055267248 1.9222849213790396 2.1611658679113526 29 26 22 0.71212213303829386 22 188 11 204 63 274 13 435 94 112 4 559 70 562 59 464
5060 0.34295583700190824 1.925168856801919 2.1589710962631878 29 26 22 0.62104710420706699 22 187 11 203 63 273 13 434 94 111 4 558 70 561 59 463 97 450 26 257 74 428 86 519
5059 -0.044855159797881232 2.0412222826123769 2.2036115021489491 32 35 44 2.2509840124979927 28 141 30 165 11 192
5057 0.3785850532132593 1.7662423880439302 2.1737678464194019 28 27 24 2.1104395103680167 22 172 11 186 52 577 4 543 63 476
5056 -0.84671420469858094 2.3069538148948854 2.0889981415157677 165 167 183 0.54593444725490392 22 135 11 169 63 474 13 447 66 211 69 618 9 491 94 582 4 258
5055 0.39559594627354361 1.7759233370640541 1.9515869591054522 27 23 17 0.31722140842886531 22 131 11 164 63 453 4 526 52 567 70 525
5054 -0.49567153366560374 1.7720224210386379 1.9077483185987492 205 207 228 0.15874993260360179 22 104 11 128 63 438 4 204
5053 -0.90321337798860113 1.8887469932147312 1.5811654050035107 116 90 69 0.11581348420741287 22 73 75 299 11 95
5052 -0.53656468724048179 1.6334648454861067 1.6344944512750381 250 212 56 0.16895697546936472 22 71 11 93 63 163 4 502
5051 -0.99462754103697282 1.6183608787025916 1.4089490416653088 0 0 0 1.1453119189015013 40 973 66 1029 22 847 11 876 63 1006
5050 -0.043514247629855098 1.9741699942662034 2.4801924113311742 31 29 25 2.0986717661933261 66 1173 75 1070 28 967 30 922 40 1004 100 1154 83 1156 55 1034 88 1017 44 990 92 1020 22 963 11 945 84 834
5049 0.56492062030347101 1.6901418126690524 2.9557380368183774 151 100 71 0.43102786696397438 83 627 100 852 40 721 30 799 75 949 22 841 75 840 66 909 11 804
5048 0.071769172969238695 1.2031292136082525 1.838594311512173 254 204 51 0.32518675480362152 100 80 55 52 22 79 75 76 66 92 63 153
5046 -0.37727417572082061 1.7490081463554863 1.8442368809849106 255 229 63 1.1077741170682824 30 932 55 1025 22 973 83 1200 75 1106 66 1195 11 927 63 1068 13 1132 69 999 9 841
5045 0.14701223942405248 1.9059175812741476 2.1341225661975374 250 195 47 1.2650959934505499 100 475 83 512 40 354 55 365 75 387 66 701 22 349 45 172 40 358 11 180 63 473 13 710 69 559 9 462 100 483 94 563
5044 -0.50484928205560864 1.4945170661295197 1.4754860753945831 255 207 49 0.26785321863449851 40 734 28 451 30 479 55 784 22 564 83 900 75 860 66 931
5043 1.0209817291212113 1.2071163582680864 1.7509836242350463 206 147 39 0.78367869399472534 34 1161 43 1076 12 1112 27 1274 45 1124 100 1120 83 1097 40 951 28 938 30 914 55 961 22 914 75 973 66 939 11 888 70 916
5042 -1.1570748950126606 2.1631070863432948 1.9333859538352463 0 0 0 1.4366888254951997 22 998 11 967 69 1015 9 872 70 984 52 1073 59 892
5041 0.69408777024994184 1.1239838891324265 1.2812355659663011 255 196 46 1.1288498055043217 66 1202 22 986 84 849
5040 -0.33035588550271716 2.1065450625171098 2.3369760643156656 14 13 14 1.4049595710952567 75 1110 22 983 11 953 63 1090 57 1156 17 1226 8 1121 73 1063
5038 0.90002328323122893 1.2408307977715212 1.6815532577139622 255 233 59 0.4766792872686863 75 1028 22 912 11 885
5037 -0.99380623697803505 1.8011641921570298 1.5100797434922291 0 0 0 0.91880140118846276 75 1024 22 901 11 880 63 1014 13 1066 4 988
5036 -0.60725485551781777 1.5776853647097637 1.1857687815384974 254 214 57 0.58332559966549591 66 1107 22 889
5035 0.88679369506380257 1.0441144401779063 2.0591453281151577 0 0 0 0.64613841589926202 75 889 22 866 11 848
5034 0.86230678837868535 1.2407659832724152 1.3603657335633921 0 0 0 0.77012824061949747 75 960 83 888 4 977
5033 -0.32402596028379804 2.0102926769686937 2.6548772213508345 216 187 147 0.14954071190535051 83 967 22 832
5032 1.1787933870886156 2.2440399237151594 2.0379804946846529 107 70 52 0.42193900798031458 75 923 22 830 63 931 4 971
5031 0.72352079028759053 2.4365285728689097 1.7140485914267005 104 68 53 0.58087305785219145 66 695 22 817 11 771 63 924
5030 -0.32201333937857962 1.7660812964777479 1.9280254739791745 238 182 46 0.56511566152343751 75 891 22 805 63 761 4 518
5029 0.49984442070352819 1.7704133400596502 2.9130543875293018 152 101 73 1.3729317724356722 75 837 22 756 4 898
5028 0.90656120620196612 10.259423904386699 -0.36346571952810236 254 229 175 0.26716890605617954 66 576 22 679
5027 -0.089569441566797081 1.8976118163010893 2.4462579535578732 14 13 14 2.118352860239439 55 639 100 531 22 648
5026 0.16476621735037336 2.0645544278792749 2.2084319492204663 254 194 49 0.62727668767721689 66 991 22 638 13 1039 94 739
5025 0.71667061269888355 2.3952460276939735 1.8805529029810859 230 209 169 0.16017252047276268 75 658 22 637 11 653
5024 0.59299185090115014 2.4408055841323182 1.8271334082799355 227 206 166 0.13523932582518852 75 651 22 633 11 649
5023 -0.091844655423836297 2.2941685813728618 2.2022647051388309 0 0 0 2.075571358413677 55 394 83 757
5022 0.53074658850845746 2.4630855608035982 1.8002986471219269 224 203 163 0.14045354556682343 75 648 22 629 11 646
5021 0.16066849537635017 1.7976928640696592 2.0660252561733379 228 166 40 0.3918230244950649 75 904 22 612 11 635 63 917
5020 -1.3811742252724406 2.3629945739792011 2.1326349179316844 157 108 83 0.20910121213467248 75 909 22 608 52 916
5019 0.85503128499157988 1.6528912909356388 3.048247474029619 248 220 170 0.32806466753402869 55 225 22 554 4 765
5018 0.37985921617976898 2.1351339547341261 2.2846075874475162 254 227 172 0.22368052466528349 75 470 22 383 11 416 63 520 13 531
5017 -0.021681315965921759 1.9723494758708209 2.4454005278017092 33 30 25 1.3307860247327037 75 211 22 374 11 406 63 504
5016 0.25491720530622214 2.0236260157002492 2.1860010616583843 162 155 167 0.93359668350600422 75 665 22 354 13 968
5015 0.20959361231122792 1.6694398615387385 2.0228853664785627 234 169 38 0.16150963918714012 75 367 22 340 11 157 63 451 66 433
5014 -0.82719767432824587 2.3711856467700607 1.7985940610683768 0 0 0 2.338947637273586 66 435 75 627
5013 -0.14737189435296458 1.5824411446556816 1.9360204095188218 254 222 57 0.31624027745350358 75 616 22 323 11 130
5012 -0.11437673845021898 1.5187001358615067 1.906297224347018 255 209 50 0.2213227651211058 75 113 22 318 11 355 70 501 52 543 59 128
5010 0.82194845898811597 1.61322123876273 3.1177090248597539 148 91 61 0.17880668087204418 75 244 22 267 11 311
5008 -0.064679251811433969 2.1208174406380822 2.240611732929576 21 20 21 1.8191288382763482 22 202 11 210 4 273
5007 0.048903601666058089 1.8507252055625012 2.3294209234214351 21 20 21 0.069935073696196601 75 192 22 201 11 209
5006 -0.059700022322713688 2.0452435176497943 2.1500196681792598 24 21 21 0.71097023904683387 55 139 83 210 22 168
5005 0.39382339613842926 1.7786804567211552 1.9500165495698905 21 15 9 0.33414391405557053 75 148 22 132 11 165 63 454 13 126 4 527 52 568 70 526
5004 0.22416633384812187 1.6899004381925844 2.0450478332737694 186 113 19 0.21993161810286502 66 440 75 151 22 129 13 389 63 221 69 370
5003 -0.5536133589141955 1.5091200409110193 1.5284426049720292 255 242 64 0.16734695966419219 55 25 22 46 63 142
5002 0.68898893072339451 1.2654887917437927 1.3704901220383456 255 163 22 0.27089840223147948 66 3 22 45 63 97 4 111
5001 0.084136509943225135 1.9275383491946414 2.3216324069337269 31 28 23 1.7677833751291598 83 1121 66 1144 100 1091 40 906 28 906 30 886 55 976 88 970
5000 -0.55721035719997414 1.4668976183446731 1.5054976879717419 255 247 64 0.2582059344500035 40 461 75 568 66 932 12 922 83 998
4999 0.044870582481893212 1.9001028167154344 2.3375129164472175 92 94 101 1.5547874708384122 55 1046 75 1120 66 1214 63 1115 69 1004
4998 0.038694694415944135 1.1975123065254398 1.7406741219643764 255 224 59 1.5927294623372614 83 1197 66 1207 13 1143 94 841 69 996 9 856
4997 -0.77000783115447657 1.713786448730215 1.4406383175051101 0 0 0 1.2958114650409014 55 1018 66 1192 13 1115
4996 -0.78679446695148947 1.76663327896125 1.392186737958665 0 0 0 0.63437734495211962 75 1100 66 1191 13 1114
4994 0.23254496895824545 2.125271204988298 2.1958949760027173 106 83 61 1.4712630414784647 75 1069 66 1170 22 933 55 922 11 907 13 1102 63 1077 69 906 4 1097 52 1052 70 958 59 856
4993 -0.91956438677353958 1.6259246178259918 1.1283897290234615 0 0 0 1.2771204472781394 75 1079 83 1162 66 1154 11 941
4992 0.70394645296713088 1.0823425978383863 1.2668289902122725 255 245 72 0.19240602117865793 75 1055 66 1153 22 937
4991 -0.1962402087656939 2.0621929177003229 2.3437757772569472 137 127 135 1.3495306273130105 75 1007 66 1145 13 1104 69 980 18 1009 57 1022 17 1148 8 997 73 939 37 858
4989 -1.331704026905608 2.469660256574389 1.9607963677246056 0 0 0 0.47401717162184509 55 964 66 1138 63 967 4 956
4988 0.70582458436090789 1.1544490936330434 1.3646646896681771 255 197 39 0.075645776836104267 75 1020 66 1106 69 924
4987 0.75648964748552094 1.6452541349614365 3.1505674064793956 0 0 0 1.5366985973870209 40 844 66 1102 22 887 11 811 30 698 63 1000
4986 0.26658298183148876 1.8055886865450399 2.9546457128240915 0 0 0 1.7519044854066101 75 1013 66 1096 22 839 18 923 13 1084
4985 0.50893858016083393 1.7429390709050636 2.8796854633155506 91 63 53 0.91378484332248178 75 1051 100 1048 66 1092 4 1023
4984 -0.31292756053183213 2.0431091618675112 2.6965597692202929 0 0 0 0.54898930667497225 83 969 66 1087 13 1048
4983 -0.53301855313465318 2.1553586891490735 2.6017290519337601 0 0 0 0.95732410792431222 83 1057 66 1085
4982 -0.90930138762397805 2.2422223382160817 2.4433141249075536 0 0 0 1.4955440013830434 75 925 83 1053 66 1081 11 774 57 1042 18 939 8 1009
4980 1.0290959355641009 2.3568002400279462 1.8549330419709058 105 75 65 0.74987223791060487 75 915 66 1068 22 877 11 861 69 803 84 813 16 1096 39 715
4979 0.1583915738697054 1.7882684791942065 2.0629657662042096 229 165 39 0.42520462623193217 83 1033 66 1065 69 888 9 713
4978 -0.44125453219698019 1.9917451815348381 1.9863399093007197 248 187 47 0.22392816691604089 75 989 66 1064 22 867 11 850
4977 0.03260903851835123 1.7661287298373929 1.9667375676182179 15 9 6 1.0867541791727828 75 1045 66 1061 22 952 11 943 63 1069 13 1072 94 723 4 1092 52 1046 70 953 59 868
4976 -0.8487401838955706 2.0772433883119645 1.8397153695381325 27 20 11 1.8090306812370969 75 890 66 1057 11 132 13 952 63 442
4975 -0.69354764671563407 1.8062101587260577 1.786334760829982 255 237 62 0.095870745614414249 75 978 66 1050
4974 -0.40185143748136232 1.7709153818255499 1.752819642959315 255 241 61 0.38744979083506431 75 977 66 1046 22 913 69 775 13 935 9 424
4973 0.86023474343883344 1.044405988243891 2.0161546372826522 255 228 63 0.2773434321283465 75 1042 66 1043 11 891
4971 0.54462812958487894 1.113589314165621 1.3124165530044245 0 0 0 1.3096069525539369 75 956 66 1019 84 789
4970 0.51204372500044315 1.7535597387142421 2.837119806013058 227 214 178 1.1061234720974924 75 944 66 1012 63 994 4 890
4969 -0.34168663099985574 1.992000690722596 2.5229604977073423 109 70 51 0.69013008172392065 75 1009 66 1001 22 879 11 860 52 926
4968 -1.001130305915872 2.2914756181386795 2.397763991983481 0 0 0 0.39121009932369355 75 922 66 999 13 1044
4967 -0.98412448123366081 2.1634396033369012 2.3850309931125024 217 186 145 1.3630991504331786 75 920 66 996 22 621
4965 -0.18542781240992662 1.8984522341843559 2.2619505290656696 119 115 127 0.6227166942225808 75 660 66 988
4962 0.75176468389082385 1.0693321859077698 1.3153874187343586 255 247 72 0.17134759745966432 83 885 66 913 69 463
4959 -0.072491609751567321 2.0512449836032003 2.5277729113164566 223 203 159 0.0015519112053508873 75 725 66 821
4958 0.0028312277540526939 1.9157809955564278 2.4062107350171313 21 21 21 1.7508713838875793 55 439 83 581 66 756
4957 0.34898970256411005 2.1838784739285297 2.2026924615091534 251 222 168 0.30603076388968775 75 672 66 733 22 649 13 733
4956 0.11569794004857459 2.0594792977800567 2.1877979376084391 214 153 34 0.27700075850745609 75 663 66 714 13 969
4955 -0.045463081961973968 1.8271122210198814 2.2881812838955282 26 22 19 0.58069901554600278 75 917 66 712 22 631
4954 -1.2132682932541801 2.3800258074341234 2.1246930841325522 227 213 174 0.33755781439690868 75 645 66 709
4953 0.77783818489150536 2.3755854259840232 1.9072760380736298 233 211 167 0.206754223125239 75 661 66 704 22 641 11 655
4952 0.65474392242260149 2.4208124442333343 1.8541547587814324 237 212 167 0.19668116972400293 75 653 66 702 22 634 11 652
4951 -0.86693925537751815 2.1900583276959824 2.0115557567496829 144 136 147 0.13882790788552873 75 369 66 698
4950 0.61544925365367897 2.4449112084691667 1.7207427543617706 88 50 32 2.0841760615867888 75 905 66 696 63 923 52 925
4949 -0.1588879323364405 1.6928635836555972 2.0557345667753544 200 202 223 0.27783160291296211 75 629 66 688 22 605 11 630 63 768 13 698 9 451 18 264 4 522 57 431
4948 0.23902531711405423 1.633331620066101 2.0222583517108079 86 80 86 0.24864522355527682 75 365 66 684 22 338 11 156 63 448 13 387 69 367 9 260 94 329 4 214
4947 0.16449877225927476 1.7213151180835222 1.9467726775892384 201 132 28 0.016471999698253782 75 359 66 682
4946 0.036116313279066593 1.5688764507134076 1.9551295466697134 94 83 87 0.096910441313950921 55 326 75 350 66 673 22 111
4945 -0.84691700599808384 1.8038353465541341 1.5670080746184087 26 25 26 0.51552359191288288 75 868 66 642 22 787 11 745 63 746 4 934
4944 0.4083490745860241 0.83417591024922622 2.0691438103141979 255 197 51 1.0007391924726512 75 599 66 640 69 477 9 373 94 254
4943 -0.90691405222982402 1.6748569401815221 1.4070920593236615 254 198 53 0.83348954365515426 75 565 66 614 13 645 69 756 9 571 94 487
4942 -0.42758732309555231 1.6293336046915039 1.3336099794043488 87 56 32 0.58726688940327187 75 564 66 610 22 560 11 737
4941 0.84023153831467035 1.6237927412908062 3.0715507707989849 151 99 71 1.1222878851954363 75 847 66 599 22 844 11 868 63 998 13 985 52 1016 70 793 70 934 59 578 59 842
4940 -0.30118004820334271 2.1182313161274138 2.4246207151604633 31 28 22 0.0021936704407267719 75 475 66 557
4939 -0.92772930516287577 2.3281853920981161 2.0684900194299831 18 15 14 0.31727486878770056 75 381 66 474 69 615
4938 0.24922505953464152 1.8162390921954854 2.1290679345689196 127 75 11 0.33842877817648187 75 646 66 465 63 468 69 555 9 458
4937 -0.98855848093980703 2.3050825264275447 2.006274515593415 18 15 13 0.050455713378875208 75 370 66 463
4936 0.68697273025960914 2.4225109978844799 1.7882566517793721 151 97 69 0.32844490774545115 75 647 66 462 22 630 11 648 63 491 13 443 69 397 94 151 4 571 52 612 70 755 59 485
4935 0.62222577282376057 2.4465385769191679 1.7597900984105173 150 96 67 0.23610832933965278 75 383 66 459 22 351 11 399
4934 -1.0121691620011228 2.2733928777009993 1.9699775061809834 10 7 7 0.46517605021267172 75 368 66 457 22 118 69 575 9 476
4933 0.2092693805570387 1.7683490106108004 2.0650088319592195 159 94 14 0.33803361955968403 66 451 13 399 9 274 94 341
4932 -1.0099941085615385 2.2229004042468516 1.9489315880858751 8 5 6 0.20222779910804559 75 143 66 448 69 564
4931 -0.95109118941596926 2.0540239887568656 1.9755194604648256 124 108 112 1.7763865363210196 83 733 66 441
4930 -0.9933810675926481 2.1550203957504519 1.8350246095447804 158 163 177 0.52894524423740874 75 351 66 430 22 322 11 362
4929 -0.00060864154126483161 1.6330637773191947 1.9542911394065978 172 99 16 0.31862552892495027 75 132 66 424 13 379 69 352 9 247 94 316
4928 -0.10122798784029205 1.6070033444175287 1.9717803167334291 180 107 22 0.19081947753844911 75 130 66 423 69 533
4927 -0.10026693989970334 1.6063418255055233 1.973060187784482 180 107 22 0.30231926328104308 75 129 66 422 13 373 69 532 9 430 94 531
4926 0.032357337223186462 1.1753007472146415 1.8929027436854144 196 199 219 0.25937726106579045 75 82 66 375 63 154
4925 -0.94819527925517055 1.8448392091498516 1.4944848481579944 254 227 59 0.19487957745221537 75 59 66 368 94 37
4924 0.026769085143194298 1.165373581003198 1.8064385635336859 81 67 67 0.11846601633756582 75 289 66 352 4 136
4923 -0.94912592717990429 1.7916028628287064 1.4645070505692197 254 224 60 0.2037187684657642 75 272 66 348
4922 0.94123336460156004 1.2777224113395425 1.6229604489276077 255 230 61 0.067022955167218304 75 292 66 344 22 300
4921 0.67175071652485407 1.7543788644554941 2.9139549627380523 191 171 131 0.625194178762012 75 241 66 289 13 290 63 716 4 750
4920 1.3200203979663891 2.2039946570805218 2.0601765785146182 98 61 41 0.58583951337845386 75 206 66 226 69 174
4919 1.0512038956890954 2.3402034622824308 1.9156720560231721 105 75 64 1.2620754038176925 75 412 66 213 22 367 63 506 4 319 52 308
4918 -0.97754266416646585 2.3278982407398821 2.0240288579979686 19 17 15 0.24843569436322921 75 161 66 199 22 125 11 158
4917 0.34038635958873981 1.7602439459528929 2.0499376454046994 149 136 140 0.31359065546495835 75 374 66 186 22 342 11 379 63 773
4916 -0.082450050389395346 1.6001301730258102 1.963797943265666 254 225 58 0.17293705598084394 75 128 66 173 13 112
4915 -0.66909242712667449 1.8166613063457011 1.8320330257065756 188 110 18 0.39842062596572753 83 135 66 160 13 371 69 534 9 440 94 320 57 667 18 581 17 798
4914 0.13695867413236368 1.34395184494155 1.9734904783936895 218 160 49 0.56773498830347624 83 137 66 151 69 69 9 28
4912 -0.4311331412136421 1.6729550246475744 1.3539686842496548 231 162 36 0.20614308031685069 75 264 66 34 22 270
4911 -0.32513351113981237 1.7429154379533132 1.286778945788966 254 231 61 0.086287079662623126 75 263 66 33 22 271
4910 -0.5414945611699532 1.4855519754130917 1.4695529867003485 255 246 62 0.049464617647892908 75 38 66 28 22 36 11 40
4909 0.74864948198584058 1.281030857833001 1.4297177769651108 255 222 51 0.15236423582063613 83 11 66 16 13 24
4908 0.7198748517183563 1.292332083925342 1.409254569194319 255 198 38 0.25413020053481949 75 42 83 9 66 14
4907 -0.63615234424218692 1.5886296935145772 1.2492959627197302 218 9 1 0.047612531753639407 75 7 66 6
4906 -0.63615234424218692 1.5886296935145772 1.2492959627197302 218 9 1 0.047612531753639407 75 6 66 5
4905 0.7640397188510144 1.1667714922508994 1.3756613282216232 255 154 23 0.15141432083623094 55 19 66 2 22 38 63 60 13 10
4904 0.7640397188510144 1.1667714922508994 1.3756613282216232 255 154 23 0.15141432083623094 55 18 66 1 22 37 63 59 13 9
4903 0.70028784810156797 1.0778336499712546 1.3247120175992992 255 195 43 0.615484020967622 75 245 66 0 13 298 22 555
4902 -0.13979232078338938 1.9351717000297783 2.3510732708910549 130 123 134 1.5570645439145196 55 1033 75 1109 66 1216 22 976 63 1089 13 1148 4 1108
4901 0.94813334539658167 1.195978912359261 1.6867306075320172 200 155 39 1.7917171582595828 55 1054 75 1123 22 1002 63 1113 4 1116
4900 0.94813334539658167 1.195978912359261 1.6867306075320172 200 155 39 1.7917171582595828 55 1053 75 1122 22 1001 63 1112 4 1115
4896 -0.054819882936277146 1.948870192261809 2.5987379494837772 201 185 149 0.6732678550823481 83 1193 75 1094 57 1158
4895 -0.06643770508323274 1.9756819163898536 2.59422816294067 201 185 149 2.0125210815125301 83 1192 75 1093 66 1186 63 1058 13 1081 69 984 9 800 18 1027 57 1157 52 1055
4894 -0.76340110631806324 2.2258552949069181 2.0914776002264488 126 126 142 0.94338847360081246 83 1153 75 1091 22 955 55 1003 11 933
4893 0.20014064794453568 1.7648605200615239 2.0716490461713342 190 123 24 0.79637706826509103 55 1029 75 1089 22 957 11 931 63 1071 13 1120 4 1093
4892 1.4856014847117809 2.2903063035765672 2.1927908469564241 0 0 0 1.466562396818573 55 927 75 1071 66 1147
4891 -0.28503109105691699 1.8501074981580548 2.0559444173010037 118 92 68 1.7331903027880142 55 968 75 1066 66 1180 18 1025
4890 0.95012646492319264 1.1372725149009955 1.8646801054777837 255 224 64 0.51385880684307794 55 997 75 1037 66 1036 22 916 11 926
4889 -0.66275920543835154 1.578468327574126 1.2387519586529632 203 1 0 0.48489582940928422 32 943 75 1019 66 1109 22 891 11 816 18 857 57 1094 17 1166 57 1051 8 1033
4888 -0.32290019579435852 1.4069303065716317 1.2824163583185697 0 0 0 2.12745639372989 83 1089 75 1017 22 939
4887 1.1831434269837653 2.2845692857033093 1.8494310250715851 0 0 0 0.95155981428592273 55 913 75 1002 13 1034 4 1011
4886 -1.385721780713979 2.4000166202157085 2.1911955556482474 220 188 146 0.84440295099494089 55 599 75 999 66 1076 22 610 11 852 63 972 18 940 4 1005 57 1043 17 1033 8 1064 73 1010 37 914 52 837
4885 -0.54761580596636306 1.8470617685582311 1.9050770566565869 168 163 179 0.49437209439085411 55 901 75 984 66 1131
4884 -0.59708571930184096 1.848837608915642 1.8549991022995351 255 217 54 0.22913984850623503 55 808 75 981 66 969 13 1016
4883 0.2428302308017283 1.7233398127792114 2.0732147701890966 229 167 40 0.45447096288449884 55 603 75 900 66 979 13 956 69 792 9 611 94 666 4 840
4882 -0.99019811353256115 1.9827862699550449 1.6192200972308481 255 228 69 0.66938348225002953 40 241 83 1012 75 871 66 948 22 794 11 747 63 903 13 936 69 877 9 702 94 654 52 903
4880 0.41010378403180242 2.1057347178567012 2.3780273023213829 254 226 172 0.081308416897509908 55 660 75 707 66 788
4879 1.0255675650694169 2.2859183999590078 2.0133717055680513 234 216 178 0.12891295411474141 55 619 75 671 22 655 11 666
4877 0.19688798222515741 1.9202242888869354 2.1548910268967947 249 184 45 0.52973380398000869 55 612 75 655 66 986 22 628 30 532
4876 -0.93945828012191968 2.2923392433816518 2.0165971575723387 147 138 149 0.59199885859688806 83 745 75 636 66 982 13 1032 69 904 9 790 94 738
4875 -0.5727482749491285 1.9014054531239757 1.900986212878975 213 122 19 0.20116668443204239 83 712 75 622 66 679 13 695
4872 1.0512608657626894 2.2900347727494696 1.9417105420012284 106 76 65 0.48447787228247879 55 616 75 411 66 212 22 366 63 505 69 155
4871 0.16375865984280666 1.8519827532255593 2.0989825022205868 246 180 44 0.54924716899622483 55 359 75 382 66 699 22 346 11 175 13 708 63 245 69 556 9 620 94 559 4 242
4870 0.33090209837678108 1.7743686355336152 2.0721120071559711 13 12 13 0.38707513155389484 55 126 75 377 66 452 13 401 94 345
4869 -0.71836006562483545 4.8178357005810124 0.5469968513189214 253 205 60 1.5700385258576264 83 365 75 360
4868 0.4187291062741863 0.91496278826481992 2.1037049693408574 255 255 67 0.58774572117191937 55 336 75 332 22 317 11 346 63 392 13 320 4 127 94 5 52 113
4867 -0.64915875025377756 1.581322277691297 1.2808266933846366 255 234 64 0.030212464165932429 55 230 75 247 11 3
4866 0.97237366488976451 1.9322376041248919 2.5738984256162953 207 182 137 0.20507654282127838 55 210 75 232 22 252
4865 0.97237366488976451 1.9322376041248919 2.5738984256162953 207 182 137 0.20507654282127838 55 209 75 231 22 251
4864 0.081262090892551042 1.8764855128644169 2.7365744447684737 102 71 53 0.60756268300783844 55 204 75 230 66 280 52 318 70 588 22 502
4863 1.3470585326368469 2.2373083174128183 2.0177955124232927 149 92 60 0.19603931565598884 30 202 75 204 22 419
4862 -0.27860941262085015 1.8175699475686413 1.9426882847879965 237 177 42 1.0645665791705083 83 157 75 138 66 178
4860 0.32356678123321886 1.8734569173255691 2.7434275760024698 222 207 171 0.47699884679504612 78 415 54 449 5 437 43 649 89 557 34 777 12 791 27 885 76 897 45 802 100 556 40 691 30 648 88 672 28 427 30 459 55 212
4858 0.51693493226967391 1.1132467460370576 1.3509496353496615 173 182 202 0.59459510261899418 100 857 83 316 40 732 28 701 45 828 88 868 30 705 55 529
4857 0.26854778888546971 1.9041185285610889 2.7284911375280494 223 207 169 0.66794110613605551 12 958 45 936 100 822 54 723 43 656 89 562 78 423 5 448 34 787 12 793 27 891 76 905 88 765 83 282 40 436 30 457 55 502 57 933
4856 -0.13065583339075093 1.9999240408188341 2.5848994801160776 107 69 50 1.1172400093012307 54 945 5 964 43 966 34 1071 12 1046 92 755 45 1040 88 736 27 393 45 535 83 267 28 546 55 681 88 558 75 520 22 416 11 428 63 334 84 627 52 251
4855 -0.29053899150634743 1.8188508484615651 1.6289652430585275 250 198 55 1.544155955572426 28 825 30 717 55 890 40 944 88 867 71 969 34 1128 12 1080 44 924 92 992 27 1239 76 1218 45 1070 100 1071 83 1102
4854 0.33883930974005322 1.7686417619825845 2.7852353969850445 152 106 84 0.43211312855950823 36 676 78 405 54 441 5 428 43 642 34 784 12 803 92 643 47 98 88 682 28 193 30 207 84 528
4853 -0.44504025999993141 1.7468067891918018 1.851395183240939 238 220 117 2.3207130265978773 34 1224 12 1177 27 1344 76 1315 45 1179 88 1032 100 1184 40 1045 28 988
4851 0.82062289659983456 1.6317578397999495 3.1353190026299798 173 127 96 1.112225117848576 43 801 45 1050 83 1079 40 842 87 1042 95 921 41 950 71 927 28 868 30 806 55 863 88 923 34 1035 44 901 92 971 66 1100 11 869 69 959 57 1024 8 991 18 916 37 777
4850 -0.21618934951714733 1.8173997691917221 1.6134950706207618 29 24 14 0.37806780284109837 45 1068 100 1070 83 1101 40 939 28 884 88 934 87 1362 95 1234 41 1246 25 1142 16 1058 44 927 89 971 71 1033 92 994
4849 -0.34425867662758197 1.7621338515558431 1.6967709873981955 253 209 56 0.40809093361376397 83 426 40 252 28 252 88 484 44 503 92 542
4848 -0.60540398452309652 1.5897387037405333 1.2493471554688096 255 226 74 0.556015531710497 40 453 28 449 88 463 19 1268 42 1311 61 1436 64 1215 24 819 53 951 82 874 89 795 71 720 44 634 92 687
4847 -0.92672912729173895 2.2559650983735628 2.2289437775725003 50 35 30 0.38358890489141156 78 956 54 1015 5 1021 89 640 34 837 12 819 92 532 45 496 27 641 76 659 47 968 88 316 100 194 40 100 84 269
4846 1.1478499914690317 2.275597193066639 1.9970261079229212 70 49 46 0.23374645566121133 40 1001 88 999
4844 1.0796964856662647 1.2431958978013402 1.6698334960848427 255 223 64 0.08656070409827657 45 853 88 901
4843 -0.30214962263472439 1.7615168790470175 1.2214004637490237 197 204 232 0.19019828528088226 45 976 88 853 84 779
4842 0.32316688607608257 1.7767524927136928 2.9257356133114261 182 175 161 0.029734175677850888 40 828 88 689
4841 1.501997078220165 2.2214905943228223 2.1381662343206007 0 0 0 1.0416581800909697 28 864 55 657 88 625
4840 1.503010034455371 2.2327468378952791 2.0773755623235841 158 154 145 0.38868681774814168 28 557 88 604 11 677
4839 -0.34657401560860462 2.0655332109487996 2.4894445072581255 121 81 62 0.20657301361029948 12 813 45 530 88 404
4838 -0.72443106132939106 2.1006557797111647 1.8674373269813738 254 245 63 1.3467083105725739 12 733 88 290
4836 -0.2255487521874974 1.9820911881730998 2.6086016211350076 94 63 52 0.16457448833694555 30 203 88 177 22 239 11 260
4835 1.3102829241242528 4.1434525548488228 1.751439994632372 209 147 44 0.37563000726985446 40 91 88 108
4834 0.79580577174818345 1.3273830945883909 1.534618849254161 255 223 55 0.017618404350598162 45 326 88 77
4829 0.83628658554028157 1.2452724048744395 1.5670266670242616 255 222 54 0.67603168590976148 100 343 55 41
4828 -0.87799244374497554 1.5975903654716652 1.3804371768084363 143 74 7 0.43647562500542597 83 18 55 11 75 255 63 131
4827 0.029763301621543923 1.9409801408699345 2.6180450011990604 158 142 111 0.89802357029151803 28 989 30 957 83 1214 100 1188 40 1047 55 1056 75 1121 88 1037 22 994 11 963 45 1182 84 873 70 978 59 884
4825 1.3938594722214783 2.2196996931771067 1.8986012096137868 0 0 0 0.93705997198893098 30 953 55 1052 75 1119 66 1220 22 999 11 968 63 1109 84 874
4824 -0.16741670429337738 1.9157510844589489 2.1591182630495789 34 25 14 1.7227669012150457 83 1201 55 1045 22 991 11 959 63 1103
4823 -0.14018527859878246 1.9211117210682589 2.3428194083861733 119 117 133 1.2924607314846774 83 1191 55 1032 75 1108 66 1215 13 1147 94 863 17 1224 8 1118 73 1060
4821 -0.76193579106756393 2.2297975295347716 2.0928478149774206 151 144 156 0.42520763294081948 83 1154 55 1004 22 956
4820 -1.036896385449285 2.2625957648610329 2.0020933619218328 60 60 55 0.80358540919047261 30 910 55 1001 84 793
4819 -1.2556469441923013 2.2791505595780519 1.9994419687405736 0 0 0 1.3728859086878085 30 907 55 1000 84 731
4818 0.82886211839996005 1.1128204967385114 1.9126218421024173 54 27 0 0.26324005700847858 83 1105 55 999 22 918 11 842
4817 0.82615218583984396 1.1138269835657009 1.9116639486202367 0 0 0 0.80227474625144635 83 1104 55 998 22 917 75 975
4816 0.46842551764633666 1.7854284413072499 2.853842608828749 106 72 56 0.51900989447746504 28 911 40 968 55 979
4815 0.69395878645006814 1.0337761210176348 2.0848963429348863 255 228 59 0.58139141537522532 83 1113 55 969
4814 0.85815459328914834 1.3136695681559529 1.5249794323622137 255 231 57 1.7539443188320494 30 871 55 952 88 957
4813 0.89320266414636018 1.2010141403272163 1.3686862896521932 0 0 0 0.039618838440574192 100 989 55 944
4812 0.45523356352384753 1.0484443822168872 1.3628361557989233 0 0 0 0.372040854421543 30 857 55 936 66 1020
4811 1.3101076180392068 2.1700589181243481 1.9358425483876258 0 0 0 1.8183711138344616 75 1068 18 884 52 1038 69 893 55 921 70 961
4810 1.0136803779198491 2.3154915142714669 1.9546163433606076 107 72 58 0.32722966636196837 30 849 55 920 66 1071 84 814
4808 -1.1269591914929495 2.2957779689881619 2.36100070310298 0 0 0 1.3146122591924392 55 917 75 1004 66 1079 18 993
4807 0.96053897757036844 1.2665241593650156 1.5067669015601508 255 253 72 1.2710932079170727 83 897 100 1000 55 885 66 930 13 914 69 472
4806 -0.37577816746439435 1.6499362630742316 1.3584047910661976 252 198 51 0.61235785318511371 30 813 55 871 75 961 22 852 11 822
4805 -0.30345244536125843 1.7667223360637649 1.2118168691848181 204 210 239 0.20923412032774513 28 695 83 635 55 870
4804 0.80369219988369933 0.98126820379184609 2.114129026275875 255 228 65 0.0036161833373243211 83 928 55 823
4803 -1.0675357417409777 2.1295863588133632 1.8527578513609104 0 0 0 2.0752087813935733 30 722 55 806 75 985 66 1060 22 863 11 755 52 829
4802 0.43277882194004508 1.7142023932228003 2.8841947934936134 152 101 71 0.48276947831775541 83 625 55 767 75 831 66 596
4801 0.17763631195862173 1.9662572765766577 2.6229047619313941 247 224 174 0.099323124550823219 28 598 55 708 88 609
4799 -0.51817381206045754 2.0012943125476021 2.5652847168557749 225 197 136 2.0324520551755314 40 597 55 650 22 880 30 766
4798 0.4397493150870373 2.1193371655701845 2.3125679789187403 254 231 177 0.037692431269780044 30 560 55 644 75 685
4797 1.4580594968580711 2.1982068185179964 2.0392414899999052 109 77 65 0.45885715466694438 30 777 55 631 88 438 75 678 22 834 11 672 63 801 4 871 52 856 70 845 59 686
4796 0.3144880779771157 2.1475596204898051 2.2555899265420338 252 223 171 0.44774616128723677 30 402 55 629 66 742 13 516 69 632
4795 0.25020369808048859 2.1981669667492918 2.2214767336880885 246 214 163 0.73833452255149146 83 758 55 622 75 441 66 736 22 646 11 407 69 436 9 345
4794 0.96361707380612938 2.3128483697271958 1.9849566088896822 231 213 173 0.22016128483684505 30 544 55 618 75 668 22 653 11 663
4793 0.73635517545530427 0.92183670345497781 2.2114738527261966 251 228 71 0.54238630245557351 83 171 55 608
4792 -0.81736913586358761 2.3417721169519412 2.1264764739915547 14 13 14 0.13607019551390831 83 756 55 601
4791 0.25734856397230116 1.6683963593527129 2.0474618611979962 227 165 41 0.55102655091311104 83 724 55 600 66 689 69 789 13 950 9 607 94 662
4790 0.019234864969515746 1.6773748353607094 1.966497785782805 240 172 41 1.043148482799453 30 337 55 590 75 624 66 680 22 806 13 944 69 364 9 444 94 655
4788 0.18219405034907421 1.8691849574871606 2.7127451706679087 101 67 48 0.27320686125098054 40 433 55 501 75 228
4786 -0.60886699663445942 1.8550624364479447 2.028088116760713 20 17 15 1.684781078087412 40 308 22 332
4785 0.3371916336855319 0.84647245161715656 2.0111857173599805 255 255 67 0.20753876248071157 30 322 55 306 75 298
4784 0.93171867239697537 1.2490151196346244 1.6509107631283459 255 229 60 0.24655868099655839 28 291 55 284 88 365
4782 1.182674568609305 2.2613989915580892 1.9710994941617073 109 68 47 0.35864613238167414 30 194 55 161 75 194
4781 0.19495463599520474 1.7890659670303299 2.0841432976234713 235 166 40 0.28862161003150849 83 179 55 119 75 165 66 453 22 149 13 402 69 381 18 267
4780 -0.50476289191955825 1.9128625653642584 2.01342510543954 25 16 4 1.5060268758949482 83 482 55 86 75 631
4779 -8.7173917557858971e-06 1.5871743125658708 1.9467975371923378 250 179 41 0.41025153467298431 83 145 55 78 75 348 66 420 22 110 11 138 63 193 13 366 69 527 9 426 94 527
4778 -0.4892028104750154 1.7676575477707932 1.8330277908084638 233 196 87 0.35282570878956782 83 131 55 60 66 415 75 340
4777 -1.0208317251699401 2.1366960580275176 1.7645333345843039 0 0 0 0.4403140307856257 30 51 55 58 22 96 11 123
4776 -1.0214540819707378 2.1369571093303255 1.7651891965476894 0 0 0 0.46991064824264367 30 50 55 57 22 95
4774 0.91213124451740668 1.2738804389710483 1.6082262122815991 254 239 59 0.30287180320300666 30 82 55 48 66 47 84 291
4772 -0.91305118203465252 1.6763115853657755 1.4882470876819394 255 251 65 1.6592035007414059 40 3 55 23 28 7 13 55
4771 -0.51907406756498531 1.4921495626159711 1.4594501252717336 255 207 49 0.5005224182436171 28 8 83 24 55 16
4768 -0.99760452129387922 1.6031298742855939 1.2973038926618878 0 0 0 1.3801283681895493 40 728 28 691 30 810 45 1056 100 1108 83 1090 55 987 88 851 66 1110 11 734 94 620
4767 0.89830039805251327 2.0406477560244958 2.3514405689212223 232 217 179 0.58013379433499046 83 572 28 421 30 604 100 705 83 768 40 595 55 676
4766 -0.82312966408749821 1.5685905357749375 1.3117839011103261 254 221 69 1.1585441441573743 30 954 55 1047 75 1115 66 1218 22 987 11 955 84 863 52 951
4765 -0.88184318230724534 1.9923485800401446 1.930889572886511 32 37 47 0.98034809540284773 40 1039 30 947 88 1027
4763 -0.62034295090578451 1.4637958953188184 1.1660581585854215 255 225 73 0.41657747147678925 100 1136 30 892
4762 -0.61841844830356318 3.286379223902006 2.6786034220710468 108 75 62 3.0348310113202785 27 1268 30 888
4761 -0.46320567017082964 1.8533891838599397 1.6996682567247074 255 242 63 0.38066470734997671 28 885 45 1123 30 870
4760 -0.66015843282711206 1.5070762489255507 1.4490591899298713 255 241 67 0.2005403426946622 28 800 30 856
4759 0.38393864090654078 0.84548939688333613 2.0287743327920422 233 169 42 0.83794681967189555 28 857 30 841 55 900 66 1032 75 970
4758 0.89600280677630062 1.1479600850084424 1.7793121185541212 63 42 0 0.29478095776119306 28 854 30 839
4757 -0.68577375459148726 1.8058806002432386 1.7830527567809304 255 237 63 0.40946300610709113 83 1110 30 829 55 893
4756 -1.0261014501583412 2.1117654544869691 1.7404320156211568 144 144 144 1.3080330420703581 28 707 30 826 55 804 40 752 88 474 75 884 66 1055 22 862 11 840 63 906 4 945
4755 -0.40085653169685498 1.9774144387436108 1.4337087882177066 76 78 88 0.27154544873318109 28 808 30 821 88 927
4754 -0.61509802893010634 1.4897435292147774 1.1167186825992979 0 0 0 2.3844221253864455 83 1083 30 809 55 865
4753 0.46488221469863156 1.7555775938398857 2.9497573758614832 147 95 66 0.13462306170605293 28 782 30 793
4750 0.8854787856084827 1.1943307687075295 1.3801981163830486 0 0 0 0.70956875020180887 28 822 30 713 11 878 70 861
4749 0.79480525277178116 1.6693114108250418 3.018857466246506 229 210 164 0.067903295649307499 40 725 30 696
4748 1.0757091124206057 2.0705612598736569 2.3242477308313259 250 226 175 0.00094232654825766589 28 597 30 616
4747 0.95292346381847204 2.0994891349491196 2.2724772320974544 252 227 176 0.014318099276498297 28 416 30 589
4746 1.2122111463137824 2.2196022386736192 2.1074979375192533 253 228 175 0.16820828529177362 28 536 30 577 55 636 88 576
4744 0.81569421314016632 1.0903172069201463 2.075586599936416 223 204 166 0.58337027367860173 40 531 30 533
4743 -0.040552279960748928 1.6532673409141005 2.0282556326216823 254 228 57 0.30433603314009161 28 743 30 519 88 727 75 626 22 809
4742 -0.50121729190159514 1.4864353618820001 1.4764849844324277 255 207 51 0.10348002990183229 28 452 30 480 22 563
4741 0.70758197140743417 1.6825193550295037 3.0073511852668222 141 91 64 0.19186814926651133 28 448 30 474 88 264
4740 0.64626575944190434 1.6592531273583406 2.9731781761001321 138 90 62 0.27220340603452325 28 214 30 472 55 219
4738 1.2956794630720914 2.238398758066813 2.0534129775206127 228 208 170 0.35994926713984576 83 181 30 429 55 172 75 207 22 240
4737 -0.25947168608507348 2.0435664398651716 2.5114843856638847 136 88 61 0.17834939157982327 28 395 30 408 55 185 88 414
4736 -0.40447373372834738 2.186755626127963 2.3100919138054028 17 15 15 0.11291111833528535 40 374 30 383 55 395
4735 0.20865203396722745 1.8541113551623301 2.1295562025344776 245 180 44 0.58790577559537627 40 530 30 380 55 610 75 649 66 983 63 776 13 959 69 799 9 621 18 810 94 673 57 900
4734 0.25779259570198854 1.7104547696948003 2.0655974571563767 234 170 41 2.3411137884480864 40 521 30 372
4733 -0.55071927191035608 2.03293970707688 2.2641015956632069 16 14 15 1.7137030592507176 28 344 30 368 30 362
4732 -0.0048911804058936262 1.735813442876641 2.1040719309686065 254 231 60 0.25597188760116035 28 121 30 360 55 106 22 134 66 187 11 162 63 229 4 230 52 830 59 442
4731 0.42272717955865807 0.90296505677705596 2.1046981174314214 255 254 66 0.21788276689946592 28 364 30 359 55 335
4730 -0.048180136575965225 1.6663047833208418 2.0686345111601567 183 178 186 0.36674807808918736 28 112 30 349 55 97 75 366 66 180 22 337 11 370
4729 0.3373350307482112 0.84361685765234029 2.0121944957916162 255 255 67 0.23382422622717752 28 332 30 321 55 305 88 399
4728 -0.12182457723189755 1.6243200563489082 1.9813626005239771 254 227 58 0.24426231862141687 28 302 30 319 55 589 75 623 22 328
4727 -0.90379590109982766 1.7158265312969676 1.4016226897971091 254 212 52 0.38200245569620039 28 228 30 224 55 530 75 569 66 622 22 561 13 648 94 493
4725 0.27699521097769575 1.8389674116759769 2.7502477698889307 93 63 52 0.06021989576347217 28 188 30 206
4724 -0.27458326800268612 1.9783221446168904 2.584478371484757 151 96 67 0.2480823035936297 28 174 30 199 84 145
4723 -0.067260910416018421 1.9122234874290234 2.4178839937391259 9 8 7 1.4712467713197561 27 343 30 192 76 341
4722 -0.0050568468311967749 1.9581761139496558 2.2282023254113388 23 18 14 0.88437858911192835 28 148 30 166 11 193
4721 -0.6575187697821957 2.2136269382246447 2.3344284923783549 214 194 151 0.21536661367717078 28 133 30 151 11 196
4720 -0.91819115344391733 2.205622743624462 2.3452075352183663 161 100 68 0.28414493067121632 28 118 30 145 55 147 22 167
4719 -0.93052147264506291 2.215619775296422 2.3122465839558934 144 96 73 0.43704307614864868 83 241 30 139 22 158 57 274 17 346
4718 -0.89982029481616643 2.5120588134159081 2.1460616401339174 18 17 19 1.6944515442860897 76 432 30 122 55 120
4717 -0.96975835519962661 2.3358551688838678 2.2037786564383075 216 199 157 0.03364453904286667 100 187 30 121
4716 0.43633441613713986 0.81121584506493316 2.0426655302086707 254 190 45 0.5512863635103199 28 122 30 120 55 312 66 635 75 591 22 580
4715 0.077474472680175571 1.1838470359469246 1.8491192383075794 254 198 51 0.22346244635901247 28 72 30 74 22 78
4714 -2.1216853254443206 9.8424232344555787 -0.022032084206841048 254 233 59 0.61419336530595459 40 7 30 62
4713 0.66498783063157774 1.3174277993743415 1.4820676904316854 255 253 64 0.44801993301089144 28 48 30 52 55 260 88 66 75 271 66 32 63 385 4 480
4712 -0.44504123722127648 1.9392291981870438 1.5513407248600872 255 226 58 0.28928275669843012 28 25 30 36 55 270
4711 0.70377383215963418 1.04379691579611 1.3125091030464457 255 253 76 0.20903592648862016 28 16 30 15 88 36
4710 -0.75437510693083121 1.5943744841120802 1.2593270373505805 255 244 62 0.050765669431073017 28 217 30 2 88 2
4709 -0.12674008415349949 1.9945596213263741 2.5851156102099973 117 77 56 1.0286273572610849 27 392 76 393 45 534 100 545 83 266 40 425 28 545 78 904 54 944 5 963 92 754 47 935 30 575 55 680 88 557 75 519 22 415 11 427 63 333 52 250 70 580 59 195 59 739
4708 -0.075817685198786594 1.9291269281945909 2.692969311599855 64 46 41 0.64887742049855091 34 971 12 978 27 1196 76 1176 45 1044 28 909 83 1123 40 964 88 916 57 1082 18 979 17 1150
4707 0.55194193272198622 1.856534560073422 2.7826874188941186 236 218 176 0.21577133547191676 43 606 34 732 12 767 28 665 100 834 83 870 40 707 30 670 55 759
4706 1.3086199578957536 2.2254590227967346 2.0670835174385527 228 211 174 0.58922045291113234 100 669 83 740 40 542 28 759 61 1364 7 1140 87 1330 95 1210 41 1223 25 1125 16 1033 91 1153 44 770 53 625 71 705 92 816 30 776 55 632 88 741 75 679 22 662 11 671 84 768
4705 -0.3449721973789977 1.7362825350755602 1.2758946281030521 255 223 61 1.4575003290104043 40 1035 28 979 30 945 55 1042 88 1026 66 1190 13 1113 84 867 39 808
4704 -0.80103611382047879 1.6693904461875471 1.1301192057772587 255 232 70 1.4423148274194082 40 1027 28 970 30 923 55 1014 75 1056 11 874
4703 -0.40293853907787897 1.8294803919062148 1.7670440564864303 255 236 61 0.41918109397366682 45 1152 28 958 88 1012
4702 0.27812569660962533 1.9178009335288724 2.7109358986243395 221 204 165 1.3463404464301791 34 1181 28 945 88 1001 11 939 84 839 39 795 97 968
4701 -0.36333957214642371 2.0406235437853426 2.5271598233140589 106 71 56 2.380447168617819 83 1180 92 1055 28 943 30 920 55 1010 88 998 57 1113 84 828
4700 1.0902479039664625 1.2337293851435558 1.7331574794226929 0 0 0 1.8525768052191496 40 991 28 937 30 916 55 960 22 915 66 1034 11 889 70 943
4699 -0.091477057660928118 1.5615641598351928 1.9514675889170598 255 229 58 0.74179786460324648 40 993 28 936 30 911 55 1027 75 1087 22 975 11 929
4698 -0.46176120913454471 1.8069938374797736 1.6867530368055108 255 229 59 0.64321040321982925 40 983 28 929 30 905
4697 -0.082179448471515176 1.6742396195249594 2.1080472209680945 188 192 214 0.31031976196975369 45 1018 28 898 30 877 88 896
4695 -0.32287882823081521 1.7121469893628432 1.1670216407818241 0 0 0 1.0125667048494089 100 987 28 871 30 853 55 935 75 1022 66 1027 22 895
4692 0.046254869773135997 1.898499825359381 2.4004845414218634 31 30 29 2.0433695125658295 27 1179 28 862 76 1067
4691 0.6729710401454696 1.3012097788988908 1.408091956576941 255 253 63 0.71597626631123723 40 852 28 823 30 823 55 787 75 859 66 608 22 782 11 824 63 877 13 309 4 913 52 950 70 864 59 786
4690 0.76132155340754926 1.7287573896507116 2.9425364219577546 246 224 178 0.14652588702153327 45 964 28 792 88 841
4689 1.0298742549432713 1.8893736765937013 2.6393930432329036 246 226 181 0.11450903947188706 40 818 28 775 55 850 83 838
4688 0.90851377547639645 1.9854651490908037 2.4361894202780592 242 222 178 0.12225400876556014 40 802 28 763 88 761
4687 1.1256336026502596 1.2486500109700256 1.6683645485921486 0 0 0 0.84134695928894154 83 664 28 740 30 838 88 733
4686 -0.44188156200312495 1.5250333681061645 1.3900223900097544 255 234 66 0.41590280071926122 40 733 28 696 30 701 55 783 100 861
4684 -0.72002765157982829 1.4371333666908419 1.1438789134254397 255 235 75 1.6022152062477755 100 1055 28 690
4683 0.76643038708574762 1.7257382236802092 2.9426025467900558 246 225 178 0.098812383779939381 40 722 28 683 30 693
4682 1.0604584319814911 1.8908715211323657 2.5786024905560341 253 233 181 0.10397481121680004 40 682 28 662 30 668
4679 1.2401774648594084 1.7822172812711645 2.1710742636035198 252 229 177 0.13580790757382771 40 559 30 587
4678 0.41081775931121001 2.1034511172385222 2.3797191493063443 253 226 174 0.16813564178574239 40 579 28 538 55 661 30 431 66 789
4677 1.2114649465300942 2.204301595730783 2.1097258958850857 248 225 176 0.20235466336989344 40 387 28 537 30 578 55 637
4676 0.028401532236886417 2.0114940082507951 2.4821873137927568 231 207 161 0.35600417668587775 40 420 28 527 55 837 30 772
4675 0.063113749147293938 2.0402156809210532 2.4289927213684446 231 207 160 0.34420798945876102 40 412 28 517 30 769 55 836
4674 -0.32213362830212 1.8472397742728324 2.0239625245165715 202 156 36 0.26656225235521008 27 281 76 275 28 480
4673 -0.16353568647008496 1.5762997206575864 1.9709802320810614 133 82 10 0.79916130459506818 40 768 28 478 30 742
4672 -0.360824990166215 1.7938031351619093 1.7797732063376079 255 212 52 0.17448303846882593 40 270 28 472 55 295
4671 0.77829781375666962 1.3362127813969287 1.5108165401886489 255 225 54 0.38824055628449677 40 477 28 471 55 556 88 721 75 278
4670 -0.45343768448665017 1.664452587336303 1.6821463972324604 255 244 63 0.27012674480891752 40 481 28 462 30 250 55 566
4668 -0.48574803272180161 1.4678647477665059 1.4462497290051706 255 246 68 0.25948998565868037 40 458 28 450 30 478 55 248 75 260 66 322 69 19
4666 0.21071249523230984 1.9180371224104955 2.7059447570719173 223 203 160 0.13548754079745634 40 432 100 551 28 425 30 453
4665 0.052699813326478745 1.9271393605926501 2.7068115516507461 222 203 160 0.091210029873502727 40 430 28 422 30 450
4663 0.12564725402271928 2.0679388685761735 2.4612622103640729 245 220 169 0.086758449353551301 40 418 28 407 30 425
4662 0.25394687205296423 2.1110428776989885 2.3804365807700263 254 226 173 0.059454262577281813 40 408 28 403 30 421
4660 1.2300792357148145 2.2504235617619619 2.0261350351534557 220 202 164 0.42305705905445662 40 371 28 396 30 419 55 165 22 238
4659 -0.74248162789902028 2.2572488014836649 2.1490569678273057 17 16 17 0.35000205450847793 27 625 40 338 28 316 76 642 30 347
4658 -0.54522778306083064 1.9978000975286143 1.9940878859224402 18 14 11 0.40364386065826463 40 307 28 284 30 310
4657 0.080507412226451525 1.1775590850038147 1.7730153717741968 255 221 54 0.11335566274537756 40 263 83 80 28 258
4656 0.64218661387858955 1.295069721872961 1.4627929237020345 255 251 64 0.18775528503823569 40 237 28 251 55 253 75 265 66 20 22 280 11 333 63 134
4655 -0.41111666953344572 1.8425176538682977 1.6378118183812829 254 207 53 0.2805648246863186 40 245 28 250 88 477
4654 -0.46525361740915744 2.0465844313552264 1.3974521660165413 175 183 205 0.19913772145399969 40 227 28 238 30 237 55 259
4653 -0.60637318156562481 1.5089289385546822 1.3900948218020481 255 249 65 0.095858129355357327 40 220 28 230 30 14
4652 -0.37848474260815973 1.5540848213152192 1.2868070990066423 255 247 65 0.14751745928177337 40 455 28 227 30 223 55 232 88 466 11 319
4649 -0.19181667035158506 2.0296772408881187 2.5536121621547645 135 87 60 0.22057737830252444 40 149 28 173 88 168
4648 -0.21852330910227832 2.0469886872517358 2.5212144998438779 216 196 152 0.094900919311594764 40 148 28 171 30 195
4647 0.10120515656589131 1.9898406140874823 2.3297547540599437 32 28 22 1.1710306134325903 45 225 28 166 55 426 40 550
4646 0.4782449475615328 0.84740101443512883 2.0866133082130185 255 192 47 0.41775978433557936 40 105 28 139 30 138 55 328 66 647 75 603
4645 0.45223001905699728 0.8280094707462845 2.0669702114755188 255 248 69 0.11729838429451023 40 97 30 130
4644 -0.70710452176375771 2.2580585517323657 2.248824370600484 22 20 20 0.09543694151332148 40 113 28 114 30 140
4643 -0.98290358879648554 2.2174592026630591 2.2867540705705975 147 99 74 0.20956938172672188 40 351 28 107 30 134 55 135
4642 -0.87396042847774968 2.0267231173420903 1.925982037796041 24 23 25 0.18816789231152398 40 284 28 58 30 73 84 35
4641 -0.5057726881702248 1.4604477292674143 1.4730103463489848 255 208 49 0.82699944847219009 45 329 28 9 55 17 88 279
4640 -0.67593732630012482 1.5822949578326457 1.2642687617743797 223 1 0 0.50653596059012329 27 122 40 1 11 1
4639 -0.23398614569202195 1.7347872819882981 1.3197362426044916 0 0 0 1.3437336266197291 83 1136 40 975 27 1306 76 1301 100 1140 30 901 28 920 55 942 100 1058
4638 0.32180787309061953 0.94227785581141354 1.6207407443319992 189 200 229 0.32628446168074676 12 95 45 55 40 19 71 133 92 122 100 27 83 16 30 33 88 67
4635 1.3679248989020389 2.2318400033778834 2.0424919257202605 94 63 49 0.48636431275842312 100 899 83 941 40 788 41 1225 95 1213 24 940 62 937 25 1126 91 1156 71 836 16 1034 44 799 92 824 28 758 30 775 55 832 88 740 75 927 22 833 11 864 69 810 72 938 57 623 17 417 84 769 39 726 70 903 59 814 97 900
4634 1.3708946488279492 2.205368525799801 2.0891818214995133 226 211 176 0.86676514025839513 100 670 83 744 40 790 96 825 19 852 99 357 42 1133 31 536 48 1418 98 1011 85 983 93 1196 10 1488 61 1360 87 1332 95 1212 41 1224 91 1157 44 801 71 837 92 834 24 745 53 616 71 709 82 383 36 377 78 351 54 345 60 27 28 761 30 778 55 640 88 743 75 683 22 664 11 675 63 802 49 537 67 485 84 770 70 768
4633 -0.39396150806577607 1.7732340972011251 1.9393413624731179 30 30 32 1.0530121263901764 34 801 12 711 44 508 54 771 43 455 71 306 53 904 43 973 89 777 92 553 27 1051 76 1061 45 640 47 743 40 885 100 891 83 933 28 729 30 738 55 811 88 716 22 804 11 620 63 908 4 943
4632 -0.21498452803009141 1.8104073794308138 1.6111060831155668 20 20 20 0.72402627188106372 71 1034 44 926 92 993 40 938 53 1076 89 970 12 1120 34 1172 27 1238 76 1216 45 1067 100 1069 83 1100 88 933
4629 -0.4796787991431673 1.7281042504382176 1.5755998179340749 255 231 62 1.175404046804339 100 1172 40 1037 28 985 88 1030
4628 -0.73658322534877407 1.6970292240788887 1.3354617270483475 255 227 71 0.97651702230326609 100 1162 40 1028 28 971
4627 -0.17969923466799501 1.9709597948650925 2.6321077316861232 117 78 60 1.5609553134865037 100 1155 40 1025 28 968 30 936 55 1035 66 1175 22 965 11 938 18 1015 57 1110 17 1181 47 1078 8 1061 52 1037 59 838
4626 0.83361564707049762 1.1168776503626401 1.9137989452147366 89 56 43 0.25567638779676793 100 1127 40 1023 28 963 30 935
4625 0.83361564707049762 1.1168776503626401 1.9137989452147366 89 56 43 0.25567638779676793 100 1126 40 1022 28 962 30 934
4624 -0.15018930332526456 1.8456889050076035 1.4820719126630038 253 211 67 1.1326533721358534 100 1114 40 1017 28 972 30 939 88 1021
4623 -1.0090017176636865 1.8090775015966893 1.4980959841305079 0 0 0 1.1781745163484891 83 1170 40 1014 28 919 30 899 75 1058 66 1157 22 942 63 1042 13 1096 69 968 9 839 94 833
4622 -0.29192003018288698 1.9001800070321484 1.3762958188708929 255 216 56 1.334842211131821 83 1167 100 1143 40 1012 28 954 88 1020
4621 -0.40209885634856696 1.6036658647778026 1.4263637698255356 98 96 109 0.91041892669112257 40 1010 28 950 30 925
4620 0.011917896344189279 3.8749052467172804 2.0857040455706826 96 73 52 1.110869697329578 76 600 40 999
4619 0.84319880362313404 1.0838380662421965 1.9998837291525335 253 210 55 0.12700179085570337 100 1130 40 998 30 918
4618 -0.86316823289043987 2.3137120730344174 2.1444524755110494 19 19 19 0.87653547288865219 76 1275 83 1155 40 997 28 894 30 875 55 1006 88 952 66 1168 22 959 11 935 84 746 52 1006 70 926 59 835
4617 -0.26444687771931003 1.6253079795298422 1.8430283561132019 126 81 12 1.1943462652132286 100 1123 40 988 28 844 55 898
4614 0.47459728701623821 0.81438341808947112 2.06126334428243 255 253 71 0.1408602774593618 83 1022 40 955 28 858 88 910
4613 -0.6439101988489786 1.8799871581513017 1.6752432532643426 156 158 176 0.44539600531599 100 1076 40 940 28 820
4612 0.43320695727210795 1.0161159243799789 1.5896472349397803 0 0 0 0.64944587401021259 83 989 100 1112 40 933
4611 -1.2877135172385996 2.4184976907637701 2.1600361585390928 125 84 63 2.1572598250689889 83 1120 40 892 28 850 55 973 75 1047 66 1143 22 929 63 1030 69 914 66 1073 17 1154
4610 -0.34907771953267008 1.7071271284007024 2.0135320537350925 190 144 33 1.2906062626673183 100 1023 28 736 30 837
4609 -1.118374780947206 2.1071614637660478 1.6336191373391729 0 0 0 1.9382375944177164 100 880 40 861 75 873 9 709 94 725
4608 0.73230043269038991 1.353510770892093 1.47012284254879 255 254 63 0.46498288383842562 100 998 40 859 28 835 30 828 55 880 88 885 75 866 66 615 22 856 11 833 63 885
4607 -0.70740344095790486 1.7391392571149964 1.006895225401105 0 0 0 0.35240362586028823 83 1082 40 845 28 799
4606 1.0298742549432713 1.8893736765937013 2.6393930432329036 245 224 180 0.11450903947188706 83 839 40 819 28 776 55 851
4605 -0.30730641198418174 1.9697479628021384 2.5891211626474924 158 102 72 0.58894059004891208 100 938 40 800 28 757 30 770 55 838 75 935 66 1006 22 829 11 788 63 930 4 968 52 929
4604 -0.056988598299675015 1.9246888800131532 2.4158319978856908 134 129 144 1.9151063782888615 100 921 40 796 55 924 83 1122 75 1050 66 1146 11 859
4603 0.50434253280960295 0.85537569599699381 2.0803739405156843 255 252 70 1.4743491716416293 100 459 40 779 30 522
4601 -0.83442197638988935 1.5577436055251808 1.3688730937469609 255 243 67 0.31636294000417059 45 981 100 992 40 731 30 700 28 693 55 781 75 857 66 1028 22 780
4600 0.735403166447261 1.0609257195296886 1.238499944972713 0 0 0 0.66576779845555611 45 974 40 729 30 702 55 780 66 600
4598 0.77010624164744668 1.8069609576796553 2.807836265185319 251 227 178 0.187209652775404 100 838 40 713 30 684
4597 0.27810683653027946 1.6976744738483345 2.6439738986454784 243 222 174 1.9460212997037023 100 810 40 675 28 614 30 625
4596 0.23955787571905035 1.9483391840503432 2.6508153833869654 244 222 173 0.047991453969404615 100 801 40 668
4594 0.94498486200119092 2.2655753746104863 2.5299357860071301 252 228 178 2.5229138654236185 100 746 40 651 28 645
4593 0.78607108754810062 2.0367735113203462 2.3897337660227573 251 228 178 0.087597743373501472 100 718 40 605 28 587 30 605
4592 0.72647406156806404 2.0765743132071806 2.3620038468094831 250 227 177 0.26567372037655762 76 747 100 707 40 589 27 746 28 567
4591 0.600811329587566 2.112579108880408 2.30126523053812 238 219 176 0.21012892322087984 100 695 40 569 28 532 30 568 55 648
4590 0.44055105326256472 2.1174258424232004 2.3132637258356601 254 230 175 0.074688011800322945 100 698 40 565 28 523 30 559
4589 -0.75085927619833615 2.2845058680600285 2.1138646953567339 150 143 156 0.41175166048205947 100 904 40 519 30 338
4588 -0.8231976201565554 2.0272149166647098 1.876378079407232 37 28 16 0.32086267242724587 100 641 40 497 28 470 30 269 55 578
4587 -0.60628972378589063 1.8484707761120851 1.6771676106668505 173 176 195 0.23487946466869958 100 621 40 483 28 461 30 495 55 571
4586 0.66324645288791717 1.3186805906978636 1.5605252859912886 255 249 65 0.49485250296249639 83 341 40 479 28 717 30 723 55 560 75 281
4584 -0.30342570765159516 2.12781507184464 2.4222362789249736 26 23 20 0.12757185421013359 100 527 40 402 55 433 22 219
4583 -0.011082358411792309 1.9290722785250596 2.3307497929721386 27 25 27 1.9911152569346999 83 568 40 396 22 640 55 620 11 400 52 599
4582 -1.0364605419687085 2.358354911457019 2.1721817644036596 220 201 157 0.11951854738789307 100 489 40 337 28 94
4579 -0.96328935743192357 2.2543703385333349 1.9871980687807116 144 140 152 0.14655993850723209 100 654 40 301
4578 -0.51158035665816159 1.8130389822787116 1.9277820298854049 147 146 163 0.31868417130303001 100 433 40 292 28 71 30 283
4577 0.096701136646568542 1.2246225659258669 1.8611816373595371 252 184 45 0.22388025332156489 45 119 40 283 28 271 30 280 55 288 88 85 75 308 66 379
4576 0.0057219802720948759 1.2037958940114046 1.8113039569815208 246 196 51 0.14649821502816368 100 626 40 272 28 259 30 267
4575 -0.88605497177025072 2.0198047510270802 1.8268691161864263 17 12 4 1.3563137177433924 100 1082 40 266 88 28 88 865
4573 -0.51023294257052076 1.6820143270378365 1.6803220533329737 254 220 57 0.26714907802197702 100 620 40 246 28 34 30 38 55 271 22 77
4572 0.68623270746363851 1.3229653859260881 1.5149125509064321 255 251 64 0.43421568378618347 83 20 100 340 40 243 28 467 30 502 55 265 88 504 75 274 66 35 22 282 11 336 63 146
4571 -0.94956588959894128 1.9243040741358979 1.6022416842093126 171 149 131 0.47043875497110355 100 366 40 240 28 17
4570 -0.50968181530716095 1.5857758984602306 1.5954203923939039 255 248 65 0.40131407508601136 45 593 40 239 28 239 30 238 88 476
4569 -0.92675007138968934 1.8310377568892466 1.5790211338997091 200 201 222 0.15544778660256239 100 357 40 235 30 18
4568 0.81200960739247108 1.1551143251748452 1.4036767196139557 254 164 32 0.4443814036495769 45 6 83 318 40 229 30 242 55 534
4567 -0.55401005791417024 1.4860296533827433 1.448907684520683 255 210 49 0.19485913101252073 100 333 40 223 55 13 66 23
4566 -0.95445013306780624 1.7367574517773798 1.4238157125271078 254 221 59 0.55675359800941049 83 660 40 222 55 15 100 13 66 627 69 495
4564 0.59399889326151045 2.1386914143940245 2.2836373977144229 235 216 176 0.18248867835447191 100 204 40 142
4563 -0.027219593934916582 1.8047328199631838 2.2008280665083295 34 23 15 0.20346013039349814 100 186 40 120 30 153 88 129
4561 0.76866590009489955 1.0751806312825296 1.9799310718426386 255 228 59 0.18874669152733628 100 118 40 88
4560 -1.314441880892961 2.4175603736270816 2.1243469760687796 216 200 161 0.29551163889628279 100 167 40 69 30 99 55 96 84 243
4559 -0.93884797239194939 2.3504326362232404 2.0607311744992898 15 14 13 0.17233232900462694 100 462 40 63 30 104
4558 -0.97958024882413086 2.3351387379072297 2.0222843156945856 14 13 12 0.12573416575737451 100 141 40 56 30 97
4557 0.41195221280856104 1.0956569188865535 1.4319677820749295 131 139 164 0.30530886756346948 83 4 40 4 28 18
4556 -0.89966921530811816 1.6234637507926384 1.3915788202599735 255 212 55 0.32076815222016314 83 333 40 2 55 241 66 325 22 28
4555 0.89497807379583083 1.7416134666524803 2.0551278011238079 255 227 58 0.56036221698545741 100 1026 83 1031
4554 -0.44503969979366476 2.180253408966438 2.3849960981601956 211 195 157 0.025695473464687126 100 211 83 246
4553 -0.34958915784486327 2.1185340204479219 2.4479939253148109 217 202 163 0.24384990072935636 43 982 34 1076 12 1104 27 1194 76 1242 83 1052 45 1102 100 1096 40 962 88 967
4552 -0.53318353394111662 2.2514530466419038 2.4349563819198501 110 74 53 1.5475414622618515 100 1187 83 1213 55 1055 22 1003 11 971 63 1110
4551 -0.063921276043892777 1.7397090145742709 2.0463454373532706 183 140 37 1.2500295828186825 100 1176 83 1206 40 1040 28 984 30 949 55 1039 88 1029 75 1114 66 1213 63 1083
4550 -0.70023152095057073 1.935762372358409 1.8180427543258004 255 235 60 0.74381274754470394 100 1175 83 1204 40 1038 28 975
4549 -0.0062809335304245054 1.6318846059089458 2.3342482414701848 86 89 98 0.20998409526964545 100 1182 83 1202
4547 -0.76172494740209795 1.8975523523281137 1.5463831989560965 26 23 21 1.4944927895846856 100 1173 83 1199 40 1036
4546 -0.66130139791391152 2.2448808718571587 2.1857430232265282 16 15 16 1.4663100445047155 83 1190 40 1024 28 961 100 1170 30 933 55 1040 75 1107 22 982 66 1199 57 1159 17 1227
4545 -0.90199216846168873 1.775370317744638 1.4771100995390654 253 195 52 1.6787664076761712 100 1164 83 1188 40 1013 28 949 30 924 55 1019 75 1102 66 1194 22 969 11 942 63 1063 13 1130 69 997 9 850 18 1054 94 842
4544 0.14195436694406868 1.471068283635389 1.3997822018866153 0 0 0 0.84149131358084406 83 1186 40 1011 28 925
4543 0.25544909811158961 1.3782966443635287 1.3711461374692913 237 198 62 0.29594035793053008 100 1161 83 1185 40 1009 28 955 88 1009
4541 -1.0396150688598929 2.2536109291518289 1.9819253227838121 66 65 60 0.47408293403291851 100 1150 83 1178 40 1021 88 987
4540 -0.16206097878003919 1.4908272034239769 1.8326391780294717 246 206 64 0.24258813030832557 100 1148 83 1174 40 987 28 891 30 872
4539 -0.54716572020470888 1.8220177906139032 1.7343614942056451 91 69 43 0.74784890850152075 100 1145 83 1172 40 1020 28 957 30 931 22 947 11 925
4538 0.3390579324733794 1.1757683417388032 1.479811958861335 20 16 11 1.5259171573086732 100 1141 83 1164 40 977
4537 0.56868044235932802 1.0701256691112826 1.3310329423303902 0 0 0 1.1930648812059581 100 1158 83 1161 40 974 28 922 30 900 55 990 88 986
4536 0.70246668868023543 1.0560903188510504 1.2899991876601067 253 228 65 0.83961397965149054 100 1138 83 1160 40 1030 45 1142 28 953 30 898 55 989 88 1011 75 1016 66 1103
4534 0.94311246409521732 1.1498314096378035 1.8583244076103109 242 204 63 0.30374982329477002 100 1122 83 1145 40 996 28 939
4531 0.61544880394136858 1.7063781152749795 2.9895539783356986 138 91 66 0.4492927390522099 100 1051 83 1128 40 914 88 919 69 955
4529 -0.49525841460479331 1.9223435072940922 1.967267166140247 255 235 63 1.2871990775405884 100 1020 83 1115 40 886 28 849 30 835 55 965 75 1065 66 1179 22 924 11 895 63 1070 13 1135 69 1002 9 853 18 1043 94 844 57 1141 17 1177 37 969
4528 -0.95040459214254414 1.8421889547849011 1.5606854613142147 169 177 202 0.83677972614123941 100 1006 83 1099 40 930 28 805 30 862 55 948 88 856 75 1027 22 904 11 831 63 1016 69 872 94 714 4 1042 52 962
4527 0.52658856635494777 1.0726744525745666 1.4131295903354868 0 0 0 0.61203822512646422 100 991 83 1088 40 924
4526 -0.4036725089592858 1.636737551819706 1.1377700574062959 0 0 0 0.64386334899494335 27 1225 83 1086 76 1202 66 1023 55 934
4525 0.79329867690010225 1.653350216788557 3.1622386277408245 0 0 0 1.7085732743365503 45 819 83 1081 40 726 76 902 28 688 30 808 22 775 11 732 52 886
4524 -0.47481096693794594 2.1583961902173319 2.3925602858919932 221 204 164 0.059656116907105282 27 1263 100 1093 83 1050
4523 1.6799344177145281 3.1059742132798021 2.3738040222868886 242 224 184 0.54835150774209562 100 1041 83 1046
4522 0.84076978959435744 2.0763975001070571 2.338135872451244 230 215 178 1.6100843598617207 100 1040 83 1041 40 909 69 640 57 908
4520 -0.61194041554323597 1.792134891919851 1.8149659469342394 255 239 60 0.60566871905235331 100 1016 83 1023 40 877 55 894 75 979 66 1052 13 1014 69 878
4519 0.38457896334604413 0.8163728670229693 2.0280320465885282 226 163 42 0.36632647882591846 100 893 83 1021 40 772
4518 -0.52289498079438035 1.8023494930693604 1.7344050208730866 121 87 17 0.79099447314445825 100 884 83 1015 40 493 55 573 75 607 11 107
4517 -0.57577758447895278 1.8544884674647428 1.6470263004760233 132 98 40 1.2673173895721321 100 1008 83 1011 40 478 75 872
4516 -0.38783457982847747 1.8851216340150765 1.5599306688246137 242 191 52 0.85840348601743377 100 1066 83 1005 55 953 66 944 75 972
4514 0.68213147011165021 1.3255038420931602 1.5499032221924076 255 240 59 0.26630295257872394 100 1004 83 996 40 937 55 951
4513 0.82524520503186638 1.3268396332768173 1.5170799731639832 255 227 55 0.12042908155358557 100 1002 83 994 40 864 55 887
4512 0.82422690734197523 1.326770329257819 1.5174643878922012 255 227 55 0.20733989403207126 100 1001 83 993 40 863 30 831 55 886 75 573 66 623
4511 0.076213637074621504 1.6443947333556905 1.3893869777250618 0 0 0 1.3797833398401833 100 994 83 992
4510 -0.82783804468579636 2.001817780638917 1.316234735424243 255 227 64 0.79471046733956308 100 993 40 847
4509 0.4859690610771944 1.0392666828259767 1.5052124748302931 2 2 2 0.44388096741708399 100 995 83 987 40 928 88 944
4508 0.2629577745579933 1.3562185235585662 1.3036025639837956 0 0 0 1.2007687433624119 45 1055 100 988 83 985 28 697 55 869 88 864 57 833 8 842
4507 0.53721285038423028 1.7146430709314346 2.9763997258151389 152 100 70 0.39804881935039188 100 970 83 976 40 833
4506 -0.27185997499429232 1.9742114086422644 2.6316720803156182 106 71 55 0.30262077319099895 76 936 83 965 27 918
4505 1.0952868234197102 1.9314111749302487 2.5155115424821513 240 221 181 0.13051388898354638 100 934 83 957 40 807 28 769 30 786 55 844 88 788
4504 1.0952868234197102 1.9314111749302487 2.5155115424821513 240 221 181 0.13051388898354638 100 933 83 956 40 808 28 770 55 845 30 787 88 789
4503 -1.1315998057828183 2.3504094713978776 2.3149783378729776 219 188 146 1.4616366512575965 27 1121 76 1114 83 952
4502 0.30784021009943496 2.0407096206762576 2.24945571722421 228 204 159 1.0573033132964913 100 689 83 947 40 388
4501 -1.3651229762377763 2.4135274310944057 2.0375135034524483 0 0 0 1.4289128918220351 100 901 83 944 30 833 55 905 75 991 22 927 57 1038
4499 -1.2581020864862611 2.5445255286386921 1.8636315574043298 0 0 0 0.99820122201018668 100 645 83 939 57 1084
4498 -0.78214478365196294 1.9995122548812887 1.8980225637169448 23 16 7 0.40347865959943446 100 1019 83 934 40 765 55 902
4496 0.028667633967574699 1.5834411882402974 1.9857349366564918 239 170 44 0.24611581900115861 100 649 83 932 40 514
4495 -0.090842055542716321 1.4286514985827243 1.9350857439353744 255 198 44 1.2501314930866174 100 890 83 921 40 767 55 579
4493 0.724208784148756 1.7217395535666922 2.8810897868405507 235 219 181 0.27185531333021151 100 848 83 880 30 690
4492 0.24871711714220626 1.7728436728081634 2.8086180373199698 149 99 71 0.3823305121872238 100 840 83 875 40 702 28 656 30 657 55 749 88 680 75 815 66 893 22 708 11 683 63 350
4490 0.64707715727517867 1.8501741057948602 2.7552081807183333 251 226 177 0.14697296666828968 100 827 83 867 40 704 28 666 30 671
4489 0.081090470449344351 1.966074587852396 2.6511122796595288 244 221 172 0.16981143808343432 100 804 83 854 40 662 28 595 30 609 55 711
4488 -0.29572083124740495 1.9767736193640295 2.6024884735565936 154 100 71 0.74160255136477216 100 784 83 847 40 621 30 564 76 934 27 917 66 586 17 894 57 813 8 786 37 679
4487 0.11573954342312012 1.992585902323909 2.5975311447127458 248 224 174 0.091082265717505648 100 781 83 840 40 646
4486 0.053135424192766449 2.0178743201230587 2.570182847791028 249 225 174 0.10029790196428184 100 771 83 833 40 630 28 559
4485 -0.0078776938046940734 2.0238492245787842 2.49792804469311 13 12 13 0.29511687101127404 100 930 83 813
4484 0.313066168750879 2.0922678067240836 2.4060303705045665 248 223 173 0.13171765883197514 100 723 83 786 40 585
4483 0.31360156195546046 2.0956438302009603 2.4057846267441252 248 223 173 0.11054821870989037 100 722 83 785 40 584 30 571 66 797
4482 0.84847712850089918 2.0185199749321265 2.4171158559603314 252 227 177 0.1237847231529265 100 725 83 780 40 616 28 605 30 621 55 691 75 738
4481 0.25183187158779324 2.1198966925154248 2.376849033496228 249 223 171 0.088208742369001586 100 714 83 779 55 649 75 696 66 785
4479 0.20346556309021335 2.004944455307291 2.1621526390684411 248 185 49 0.45866827182892783 100 486 83 752 40 534
4477 0.22423511600336718 1.7874860780115609 2.1035874881256338 235 173 44 0.69125863342717564 100 672 83 743 40 525 55 606 75 640 66 980 22 615 11 636 63 774 13 957 69 795 9 618 94 669 4 844
4475 1.411367701711215 2.2308572679810994 2.0170551580154026 108 76 64 0.4511367131631171 100 658 83 732 40 540 28 526 30 774 55 628 22 661
4474 0.27865904837610705 1.6870359235390278 2.0744208853160835 40 36 30 0.47391454054857324 100 666 83 729 55 602 75 371 22 140 63 230 13 393 69 371 9 270 18 256 94 541 4 229
4473 -0.18892470296734687 1.6919237091656472 2.041463319357991 31 32 31 0.40353741783894992 100 659 83 727 40 517 28 484 27 821 76 836 30 516 55 819
4472 -0.46648067219300021 1.8126086586825692 1.9386294779126343 220 139 32 0.63526431081740398 100 435 83 719 40 46 55 584
4471 -0.57362072626159621 1.9038474665478888 1.898509986412819 188 105 15 0.23109742406722888 100 643 83 713 40 500 66 678 13 696 94 544
4469 -0.48804255444832495 1.7752835632835946 1.9078249119292041 209 211 232 0.32004880205412278 100 428 83 710 40 289 30 278 55 581 75 617 66 674 13 689
4468 0.12320767624177487 1.3676214766479717 1.982514300666653 94 90 100 0.38503393266538138 100 444 83 708 40 317 28 103 55 319 75 614 66 663 22 105 69 509 9 403 94 505 13 670
4467 -0.16716640586498829 1.4343769905308681 1.9267053077670637 196 200 224 0.057183671820531044 100 426 83 701 40 295
4466 -0.16716640586498829 1.4343769905308681 1.9267053077670637 196 200 224 0.057183671820531044 100 425 83 700 40 294
4465 -0.48547524373669154 1.7364985574466181 1.7266363309722885 254 218 58 0.27896556897858893 100 624 83 687 40 253 28 41 55 281 66 657 22 298
4464 -0.92101074026730589 1.9753851465476533 1.6015690349871052 254 212 53 0.14320179812809911 100 368 83 682 55 267
4463 0.91944057045866689 1.248086836380158 1.5751531770457261 255 228 61 0.9866954343437021 100 599 83 657 28 721 55 568 66 331 22 793 11 599
4462 -0.54553443527880441 1.4845242064806783 1.4200543781069555 255 252 63 0.11088889144845523 100 592 83 652 40 456 28 233 30 227 55 244 88 468 75 258 66 321
4461 0.775086332562269 1.3443633495832095 1.4712618060997025 255 172 25 0.31280451310358426 100 593 83 650 40 473 55 551 88 502 75 572 66 612 22 283 63 732 13 638 4 800
4460 -0.57320345187212796 1.5392874059319344 1.3366563969644156 255 247 63 0.094289608693144608 100 581 83 639 40 215
4459 0.68091002014458268 1.2524579166377576 1.3769889455137316 255 171 25 1.6544230085740375 100 328 83 632 40 850 88 878 28 879
4458 0.82304517593195736 1.9060743907089652 2.9729606239589246 242 222 177 2.0443077470845146 100 568 83 626 30 695
4457 -0.043424273953771499 1.9055066388585808 2.4569021291281148 5 4 4 1.5787749378630029 100 534 83 593 55 448 22 652
4456 0.37825422408918175 2.0790480028559948 2.4351525137576426 247 223 174 0.040967498357731995 100 530 83 588 40 419
4455 0.38080780395595171 2.1349101797027963 2.2860549006507838 252 228 173 0.14373406522167106 100 511 83 565 40 397 28 392 30 411 55 436 75 471 22 384
4454 -0.14282578300488985 1.8217975822017931 2.1927838520076541 23 19 15 0.1572861206188626 100 494 83 537 40 356
4452 -1.0643047022271115 2.2176483857132756 1.9864664105936107 11 8 8 0.39364378718777254 100 454 83 491 40 45
4451 -0.98623377814581403 2.1353429142689095 1.9866166396662863 15 14 13 1.4096644280179194 100 450 83 490 55 320
4450 -0.12624482504066614 1.6903768598819688 2.0348423889420739 163 118 23 0.58786068691764148 100 656 83 475 40 327 28 318 55 344 88 340 75 364 22 336 11 147 63 446 13 694 69 109 9 59
4449 -0.078650748867409914 1.6585298398223951 2.01953178804292 27 27 33 0.13576456364961498 100 135 83 470 66 431 75 358 22 114
4448 0.037297386079497563 1.5658707017327351 1.9562680464831814 93 90 100 0.10081960001283648 100 441 83 461 40 59 55 325
4447 -0.73197496061677758 1.8386275453674825 1.809313765628481 11 13 19 0.19957111366803268 100 91 83 452 75 105 66 414 13 369 69 537 9 443
4446 -0.7321015067862644 1.840553288805677 1.8086386679485928 11 13 19 0.22783576517102583 100 90 83 451 75 104 66 413 13 368 69 536 9 442 94 535
4445 0.10246364817859402 1.3192247587081516 1.9346897386175685 177 116 26 0.44652511906529851 100 105 83 449 66 406 13 663
4444 0.25336538083981341 0.8768405798022918 1.7618438586559912 190 197 222 0.34063447005909847 100 376 83 363 40 492 28 473
4443 0.24777762756881255 0.89255944505244011 1.7333640326450979 30 35 44 0.40019839764988552 100 611 83 355 40 488 28 468
4442 -0.51903600895736901 1.5354345252908546 1.5075619541163994 255 245 61 0.2515765270113357 100 25 83 348 28 234 30 229 55 251 88 281 75 266 22 273 11 327
4441 0.16816283413616961 1.6838654255974277 1.4188692498989364 119 125 146 0.57987996626960869 76 701 100 336 83 339 27 958 17 386
4440 0.32190942518247506 0.92850260553341046 1.6491609505412677 10 10 10 0.08594912489165879 100 603 83 335 40 476 88 720
4439 0.32190942518247506 0.92850260553341046 1.6491609505412677 10 10 10 0.08594912489165879 100 602 83 334 40 475 88 719
4438 -0.70207956887841216 1.5871269160246724 1.2669035608669599 254 233 73 0.19153589539350716 100 572 83 323 30 218 55 229 75 10 66 10
4436 0.71792785809062565 1.7237076525757367 2.9392046503197884 238 218 174 0.1464004322445476 100 314 83 306 40 189
4435 0.63452682341424849 1.7421413523287073 2.9082196224776546 100 65 49 0.20560787643029335 100 309 83 303 28 209
4433 0.62162770083719132 1.7833709640257178 2.8358806502767981 232 217 178 0.13350533977597687 100 563 83 295 55 516
4432 0.3795132671489802 1.8930262848160662 2.7276844325557281 225 208 170 0.062266472021285865 100 272 83 281 40 168 28 189
4431 -0.3450022727765264 1.9681367751275789 2.5939292361096284 151 99 71 0.095581141928240368 100 241 83 268 75 221 66 273
4430 0.00038759833079041878 1.8074532013723126 2.2202671206123932 34 26 18 0.24238716972072591 100 192 83 225 30 160 55 144 88 133
4429 -0.90700134630325524 2.255782670497545 2.0810467175146039 12 11 11 1.3314778470310595 100 150 83 213 75 164 22 127 11 160 63 253 55 98
4428 1.4260998106733043 2.2059950740163581 2.1062070588008877 231 216 181 0.23303241097685981 100 154 83 197 40 135 28 415 30 443 84 382
4427 0.18014134513096164 1.8431590730700302 2.1103282293176955 252 187 45 0.13646343469182365 100 157 83 194 55 130
4426 1.3597636809932119 2.2181137570369631 2.0801040608820007 230 216 181 0.34793993194506384 100 149 83 193 40 384 30 436 55 175 75 208
4425 0.92254483894297923 1.7189929085787523 2.0815462181410544 196 138 43 1.0085436836181909 100 148 83 173
4424 0.60464170197997158 0.94533124859044659 2.1176829204580896 182 117 29 0.10322021702865174 100 467 83 150 40 119
4423 0.00016404936681975457 1.5915755961884273 1.9455347245097983 244 176 49 0.28704864522046686 100 116 83 144 75 347 22 109 11 137 63 192 13 365 69 526 9 425
4422 -0.69417204533420263 1.8288288419167626 1.7567103273509523 253 227 64 0.45627988884167164 100 402 83 117 88 479
4421 -0.090569647117170415 1.4562298099490414 1.8271817966625217 157 114 25 0.041673328265285546 100 83 83 101 40 277
4420 0.85921545407966982 1.1818940971932634 1.7630705002742009 255 232 67 0.063371227746263442 100 386 83 71
4419 0.89925173762987565 1.2279811969861882 1.6976855460021332 255 231 72 0.034568365390400056 100 56 83 53
4418 -0.55244326785814113 1.4815138159763521 1.4498711764781242 255 209 48 0.19135301391412768 100 334 83 22 40 224 55 14
4416 0.38619095268766696 0.99131496561987875 1.5155527260861807 181 192 220 0.17108321419467834 100 12 83 10 40 231
4415 -0.66831412116825439 1.5615192411742647 1.1158636287536536 254 223 71 0.82689140651370974 27 1332 76 1304 28 948 47 1139
4413 -0.93306837124562514 2.0576349131519236 1.6706389140512197 187 179 174 2.2883615707214973 100 1178 83 1211 40 1042 30 951 55 1048 75 1124 66 1224 22 996 11 964 63 1114 69 1013 9 870 13 1160 4 1117 52 1066 70 979
4412 -1.0508231537186232 1.8115594505876529 1.500902166896416 0 0 0 1.0674753487477864 45 1170 100 1177 28 980 30 946
4411 0.06962471399727431 1.6740816299845582 1.4620046035649339 203 171 57 1.0925393646447152 76 1300 100 1163 83 1166 40 1016 45 1162 28 926 30 868
4410 0.25766993601492633 1.3781240910032206 1.3734127539933039 238 205 70 0.20124870097774647 45 1161 100 1160 83 1184
4409 0.36346908481421464 1.199667117312804 1.3639392880683112 0 0 0 1.3264668755246203 45 1169 100 1159 40 1008 28 924 30 860
4408 0.16932069434863595 1.8963936606453116 2.7470855302049446 109 73 55 0.89567556076075239 45 1160 100 1156 83 1181 40 1026 28 969 30 937 55 1036 88 1018 75 1095 66 1187 22 966 13 1124 63 1078 69 993 9 831 94 826 57 1144 17 1204 18 1014 8 1087 73 1034 37 940 52 1056
4405 -0.39612665661194535 1.8738042153129923 1.5438028050393313 254 207 58 0.92396639192237773 45 1120 100 1117 40 978 28 927 30 930 88 981
4403 0.43297636666663736 1.0941927511560683 1.3495645778958074 0 0 0 1.9223548944526145 45 1110 100 1107 83 1085 40 918
4401 -0.96254769199935508 2.3151870989890915 2.1788438604991325 213 196 157 0.43460984833371019 45 1091 100 1088 83 1118 55 909 75 1000 66 1074 22 871 69 818 18 918
4400 0.92738237591510331 1.2352334935688662 1.7150872734047025 255 229 62 0.60889417520307176 45 1077 100 1073 83 1003 40 950 30 873 55 958
4399 0.92138444922658758 1.2191178416343613 1.7155371252659999 255 229 62 0.31539919830588348 45 1076 100 1072 83 1002
4397 0.28698335169708117 0.88863842686046712 1.6981577233920531 189 200 229 0.41134004755500336 45 1125 100 1068 83 1093
4396 0.65682207293692196 1.0682511279149434 1.2357954768580595 0 0 0 0.88163627292454749 45 1054 100 1056 83 981 40 917 28 802
4394 -0.74190510995761816 1.8352740982061575 1.7593828679555794 254 236 62 0.81428673277870234 76 1237 100 1014 27 1257 83 1020 40 874 55 892 75 881 66 961 22 797 11 751 13 679
4393 0.44581831904189406 1.7105014173086792 2.8983227946681396 152 101 71 0.6712994403705056 45 962 100 964 83 972 40 827 28 778 55 931 88 821 75 1012 66 1015 22 885 11 801
4392 0.51350670332056203 1.803662514140095 2.8280601556020701 228 212 174 0.28683281410958689 45 950 100 957 40 823 28 777 30 791 88 809 84 659
4391 0.050088291302880492 1.834052771951832 2.8030040400712277 223 192 151 0.24937414109951062 27 1088 100 955
4389 -0.10016949848896511 1.3784602043056122 1.904356971170283 10 11 12 0.11439078204338611 45 878 100 888 83 913
4388 1.0605593128270066 1.1867379204249631 1.7739575500902571 0 0 0 1.259223147967119 27 935 100 881 28 745 45 866 30 749 55 809
4387 0.83117111537702371 1.1605606678198335 1.3753165062853321 255 252 73 1.1918825732092042 45 978 100 858 55 872 40 851 22 850 66 916 63 941
4386 -0.80110309530210788 1.7375654902375786 1.0232611781662777 0 0 0 0.61512969197025169 45 820 100 855 40 727 28 689 88 695 84 597
4385 0.37371765809661239 1.7068877476909383 2.9070400960401708 129 79 54 0.28401657953030612 27 378 100 851 40 718 28 437 30 679
4384 0.082424180535883462 1.9262719008169329 2.6451464747702262 244 221 174 1.1207962185906895 45 924 100 803 83 853 40 661 28 594 69 732
4383 -0.17191590972744863 1.997132972734013 2.5733862255061473 114 76 55 0.83050329396183376 76 925 100 772 83 836 66 829 22 398 13 254 69 253
4382 0.058216036974578882 1.9062464630774265 2.562190607972139 247 223 174 1.6536456781368336 27 888 100 770 76 1072 83 832 40 629 28 558
4381 0.66266431369145218 2.0904349453492714 2.3358143987372593 251 226 176 0.24295802191370733 76 751 100 702 83 573 40 578 30 582 55 455 75 501 66 554 22 438
4380 -0.92007008469675988 2.2043025871936557 2.3283289819438076 148 98 72 0.65733752926775946 45 692 100 701 40 533 28 490 30 524 55 613 88 513 75 664 66 739 22 620 11 640 63 483 13 499 69 681 9 534 18 729 94 424 4 265 57 962
4379 -0.12702844876608385 1.6963107173862582 2.0333913141506739 172 127 27 0.68354634793267977 76 594 100 655 27 808 83 474 40 326 28 317 30 340 55 343 75 363 22 335 11 146 63 445 13 693
4378 -0.16101304934522495 1.8786593594237744 1.5702889792299584 231 189 59 0.22112534801061015 45 583 100 609 83 676
4377 -0.60687198797492403 1.5089987099921012 1.3906534809601052 255 251 66 0.080827623640173429 45 572 100 589 83 649 40 221
4376 -0.79304380640039462 1.5714873217104715 1.3110602898200827 255 247 64 0.031559880666234476 45 562 100 579 83 328
4375 -0.44327347540962442 1.5931288030257345 1.2451497209186437 255 239 71 0.18850696782437276 45 824 100 571 83 631 40 454
4374 -0.50470292218309165 1.6018556395562866 1.2300973006308911 255 246 66 0.088890845718466491 45 546 100 570 83 319
4372 0.74269518641758936 1.1160657714462359 1.8769948480826764 254 238 63 0.31980248989399468 76 487 100 413 27 481 83 422 40 310 28 336 30 342 55 310
4371 -0.54330021680654861 1.7957565969622944 1.8009026176668712 254 227 62 0.29794413097801192 45 398 100 409 83 121
4370 -0.11267559118631196 1.854029315157903 1.5893155858623771 221 182 61 0.13651972886911276 45 586 100 362 83 395
4369 0.85459499656881299 1.1957881064696532 1.4453909553742659 254 163 31 0.379204634421625 27 445 76 445 100 332 22 276
4368 0.41495819190951805 1.0080994009272284 1.4827990456641531 188 200 231 0.21533821265166228 45 580 100 331 40 464
4367 -0.78660105341036879 1.6585338060774542 1.1770664956802068 255 245 65 0.16238637533368006 45 544 100 321 83 630 40 198
4366 0.61819030151696741 1.8102120581240349 2.8108910801766251 231 213 172 0.27271241812200686 27 291 100 293 40 442 28 435 30 469 55 514 88 254
4365 0.61784725120286876 1.8107880787263908 2.810952560763528 231 213 172 0.28871657628217162 27 292 100 292 40 441 83 619 28 434 30 468 88 253
4363 -1.3455559894341718 2.3830373545246619 2.1284017612861974 138 95 73 0.15152820976013223 45 475 100 177 28 74
4362 0.22366451961569647 1.4019525155677171 1.369101248856512 97 54 5 0.48346338345471129 31 432 32 606 46 516 77 284 56 487 80 567 2 594 65 689 60 664 21 713 47 683 58 373 68 351 33 318 1 511
4361 0.40306673922146641 1.1568105988317521 1.7274411307482209 129 110 36 0.3634411853410926 80 13 2 12 65 6 5 11 60 405
4360 0.64635533566627723 1.0274959362017739 1.3303461435237507 212 191 65 1.265254793817322 19 1249 31 1093 99 1105 51 1085 96 1171 38 1021 98 1046 32 853 56 671 2 801 65 948 21 1032 47 868
4359 -0.89777089368438068 2.111767108923301 1.4943346849953898 235 192 55 0.56680752055958294 46 87 80 408 2 425 65 532 96 310 19 817 99 289 42 327 64 713 6 602 36 580 78 269 64 364 36 282 54 274 60 283 21 590 31 611 32 165 47 555 8 179 73 155 1 416
4358 0.35675454745162832 1.0191423977250318 1.5560565868606115 11 12 15 0.46789967617175443 31 1094 32 854 56 584 77 605 46 694 80 792 2 804 65 951 21 1037 47 993 8 837 73 780 37 709 33 406 35 320 14 444
4357 -0.59011636034547466 2.8978933382212997 1.0616917955133509 0 0 0 0.80295217562229626 5 1221 47 1154
4356 -1.0586988291171964 2.2220034234401118 1.9170065845555997 27 25 22 1.3183515674497694 47 1162 73 1092 8 1143 37 1003
4355 0.32308658322015127 0.70912793564917398 1.8978796965469789 152 133 52 0.96491655553261624 2 799 21 1157 65 1057 58 439 33 458 35 402 14 513
4354 -0.32853227754304076 2.7970163666878123 1.205143883115001 0 0 0 0.10155293965595374 21 1097 65 999
4353 0.38797877748174919 1.0539038344053087 1.5035966199156265 97 109 137 0.48357277669618204 2 723 65 953 33 410 1 699 35 322
4352 0.1632379101918626 2.6514678568275634 1.4700980319341508 49 42 46 0.68482595564016313 5 775 65 894 1 653
4350 -0.72005885318340068 2.6553109006227795 1.6439446574147281 66 69 64 0.4554768528344737 47 806 65 785 33 385 1 595
4349 -0.83691714396962069 2.5507971570210408 1.7685229891013314 113 107 90 0.059169562127396047 21 849 60 832 65 783
4348 -1.0058080992753802 2.3023767609286545 2.0953162931690095 23 20 17 0.851007846910938 60 819 65 771 1 582
4347 0.41065777911429874 1.0740196339479695 1.4564663109948419 10 12 14 0.095837762659349568 2 378 65 680
4346 -1.0794517081520356 2.2944506802386431 2.1998254339138223 169 154 150 0.47169734783815703 21 832 65 591 1 188
4344 -0.62313795172981323 2.8332911370638683 1.3554650750359556 75 75 68 0.11905716122948347 21 334 65 385 1 233
4343 -1.041242554146012 2.4535932264667766 1.9951700417360709 75 78 73 0.2015201877211171 47 334 65 370 1 222
4341 -1.0127964122549988 2.708527961075792 1.5867917193605525 81 84 78 1.7452567156773626 96 911 31 937 19 539 99 860 38 720 64 449 78 326 32 715 77 595 56 574 46 598 2 714 80 686 96 1283 31 1074 19 1374 99 1196 42 1397 38 1009 64 1170 62 754 24 714 82 768 6 892 36 834 78 817 54 855 5 874 43 745 21 1018 58 352 68 328 33 295 1 492
4340 -0.89679593644894084 2.2350481617074824 1.5517092003943871 63 43 2 0.49621030380522252 77 123 56 121 2 157 31 269 32 201 46 399 80 137
4339 0.31976608283809882 0.76109434106223595 1.8610482409291333 79 64 15 1.2411709432907165 46 826 80 908 32 1013 77 780 56 790 2 925 33 566
4337 -0.81744095230780223 3.0246000576096033 1.1640834291258804 0 0 0 0.61077768727023041 56 817 2 911
4336 -1.0001480973319936 1.6788986920020974 1.4078117099449337 0 0 0 0.048099374292720751 80 892 2 897
4335 -1.1422420475727848 2.6912290863771848 1.6504856692328571 108 110 100 1.7036484782140964 32 832 2 852 58 560 68 553 33 504 14 558
4333 -0.95941602583943608 2.2695699817837465 1.6658526249571441 62 65 71 0.32321121963399319 80 827 2 835 58 543 68 510 1 735 33 490
4332 -1.1007475808853042 2.0541408134498877 1.7649054831524598 0 0 0 1.2080912946513225 46 553 80 610 2 830
4331 -0.99082898693844534 1.6165309338777558 1.3855589620972237 0 0 0 0.60513985293723571 80 801 2 818 68 491
4330 -0.76128513915991736 2.6875943175782351 1.6140032882394397 102 103 95 0.3688399009478191 80 665 2 699 58 431
4329 -0.97802624765194979 2.6027170676471667 1.6934321516742323 125 122 109 0.25274692069613541 80 505 2 694 58 335
4328 -1.2388486883010172 2.4928407767071992 1.9280073737559851 208 197 167 0.14046320323949138 32 686 80 501 2 693 58 435 68 425
4327 -1.2643747861582102 2.45752693165179 1.995493569129009 229 216 181 0.56758932758468195 80 492 2 687 58 342 68 317 33 395
4326 -1.3035071639039095 2.4275665856558706 2.0410844580436853 229 216 181 0.52993638869842319 32 676 2 685 58 340 68 314 33 394
4325 -1.3931439047525795 2.3199564192478328 2.1585975726102391 0 0 0 0.88377501990676677 80 645 2 673 68 412 1 604
4324 -0.86543506163086725 2.1497819087866983 1.4083832850972713 165 133 38 0.21436579742467693 80 410 2 631 58 273 68 246 33 71
4323 0.39647640809296963 1.1855912577218877 1.4393934540473308 9 13 20 0.13220528933951456 80 562 2 586 58 365 68 342 33 308
4322 -0.67781496139889841 2.6397088639194468 1.6529314930842802 48 48 40 0.1851306832657359 80 490 2 509 58 194 68 168 33 145
4321 -0.90715959574814675 2.3588699434474498 2.0733434444411558 6 5 5 0.47851605163164429 80 449 2 463 1 454 35 308
4320 0.38000806466509324 2.4587907738120403 1.7639191333265418 35 32 25 0.56749439606125118 32 211 2 435 58 141 68 115
5347 0.47292015807127918 1.7364191055528164 2.885429481919612 53 28 19 0.19885695221979213 10 197 15 138 50 200 20 223 3 151 26 605
260 -0.83731871668802715 1.6510013942661106 1.1891723602443407 172 129 28 0.036479345514791511 96 115 19 660
5348 0.24111632484523562 2.33765518746918 1.7141576730996437 29 33 48 0.1608892218228484 15 201 50 230 3 145
261 -0.58761022385223938 1.6504430342256471 1.1645814696531374 165 124 31 0.11531350254659037 96 120 19 662 99 109 42 638
5349 0.31142695274682403 2.3176837588800083 1.7356506837143246 31 33 45 0.077860179678403044 15 212 50 239 3 155
262 -0.5879672994010523 1.6504666146670235 1.1666512547413725 165 124 31 0.12682845961442946 96 121 19 663 42 639
5350 0.31142695274682403 2.3176837588800083 1.7356506837143246 31 33 45 0.077860179678403044 15 213 50 240 3 156
263 -0.70620789429006292 1.67223999068931 1.1279153352282776 255 236 81 0.12574485403432958 96 123 19 666 99 116 42 652 48 750 10 39 61 1050
5351 0.62291931899133246 2.1407982679849331 2.277607263514887 106 95 75 0.12101756378242752 15 251 50 293 20 257
264 -0.70574649658434974 1.6726141370879173 1.1262938198859374 255 236 81 0.031108276913890891 96 124 19 667 99 117 42 653
5352 0.33673854837051415 0.75948302407830814 1.8534350309216241 113 48 2 0.27636253637632729 15 1 50 490 20 13 3 327 72 246 26 655
265 0.28112591141128412 1.629463399713827 1.5668893776263138 147 127 51 0.57675400060547388 96 1016 19 676 99 958 38 953 29 961 51 1115 90 1097
5353 -0.30368232925328503 1.785485665439871 1.2107599200635977 30 32 45 0.069333008288507955 15 458 50 510 3 359
266 -0.029648975319555189 1.7041297555093176 1.7976339703691719 121 93 21 0.17425581531505374 96 666 19 683 42 651
5354 -0.68986103366311524 2.1309429635047676 1.3131588949559385 127 72 5 0.26477234037035552 15 62 50 532 20 415
267 0.28390287335880693 1.6861547712611302 1.6292986725137111 106 67 11 0.099160029114958692 96 664 19 684 99 669
5355 -0.20754078936053674 1.9693056090212933 1.4513266045273925 115 87 35 0.11256415438914062 79 48 50 539
268 -0.059988914787095678 1.7325779189500787 1.75731940794088 173 141 48 0.09821811550058536 96 153 19 686 51 68
5356 -0.13044371849140524 1.9450130416581741 1.6136231238919592 71 36 2 0.1630413972740789 15 490 50 543 3 395
269 0.76030964840238868 1.718079982652807 2.9422838087885936 236 221 184 0.41151391114675701 96 169 19 690 99 173 51 97 90 105 48 1044
5357 0.16401250528505204 1.7850285413927931 1.7802004875330479 63 24 0 0.26634679407776429 15 491 50 551 3 391
270 -0.17181532779360287 1.7684108285192746 1.6879132757773425 166 138 42 0.49283366232295561 96 1026 19 691 99 154
5358 0.36675403389963568 1.7557527125456589 1.8111767901207423 27 29 38 0.21487384524452985 15 495 79 281 3 398 49 376 50 558 67 405 20 472
271 -0.058937586607376309 1.7771897875414557 1.7090180512756268 171 138 38 0.17287769863067845 96 672 19 695 99 156
5359 0.39387931379396485 1.797305772070644 1.9721584862674413 147 140 148 0.072391801081661253 15 95 50 565 3 408
272 0.23403639037474033 1.7616661189592819 1.6243638533672338 31 37 49 0.02191022332630015 96 671 19 696 99 675
5360 -0.61234643376094644 2.6356224525832554 1.3425998105697778 2 1 3 0.11248690591701684 15 528 50 571 49 423 67 450
273 0.3710075564231089 1.756707210004864 1.8073691797843168 34 41 55 0.18379164193744912 96 675 19 697 99 680 42 681 51 662 38 566 29 553 90 598 98 602 85 580 48 814 79 280 77 337 23 388 81 201
5361 0.28355794967091907 2.0681885422272033 1.9493566253697578 67 38 4 0.043660723929750143 15 530 50 582 3 437
274 0.37081961298829619 1.7563858579043454 1.8057484117766547 34 41 55 0.14429337936552644 96 676 19 698 99 681 51 663 38 567 29 554 90 599 98 603 85 581 93 613 48 815 10 796 81 202
5362 -0.52935650964372583 2.7055674378204064 1.433598501515587 1 2 3 0.22598338095374193 15 814 50 583 3 459
275 0.68985598864845576 1.7780312816494235 2.8286609264253646 108 98 76 0.38856569663317464 96 684 19 699 99 691 51 688 38 142 29 121 90 621 98 640 85 615 93 642 48 810 79 325 15 561 50 617 3 481
5363 -0.001303531751517352 2.3522338475364744 1.6465762380669748 60 39 4 0.048219556856153867 15 542 50 586
276 0.14672316003975303 1.7887001539006695 1.4065750594988213 29 38 56 0.10788141019706614 96 1029 19 704 99 974 42 725 51 658 38 557 29 544 90 588 98 593 85 574
5364 0.25354383114292489 2.1968516068504536 2.1939200924316848 89 68 47 0.2618378054922193 15 564 50 609 3 201
277 0.35320751290500191 1.8170446072809889 1.8268616531798445 83 59 10 0.21737047269447321 96 683 19 716 99 684 42 719 51 670 38 574 29 566
5365 0.29704618482667666 2.3249711859216347 2.0551284914918089 186 167 127 0.070610097419942702 15 608 50 643 20 566 26 578
278 -0.11684608789541212 1.839456709689824 1.5954186606073479 226 189 68 0.26180951634578292 96 177 19 717 99 167 42 738 98 51 93 73 48 805 10 148 61 823 7 881 64 608 24 666 62 671 53 650 82 695 89 616 71 599
5366 0.31986636799255963 2.3566436323594346 2.007890151729244 206 185 143 0.16596907650406045 15 624 50 659 3 506
279 0.3337896940909314 1.8505094466405503 1.8339212407535486 112 90 23 0.19506007636154121 96 687 19 729 99 687 51 676 38 814 29 802 90 833 98 831 85 804 48 829
5367 0.3573461246569154 2.3854223870527713 1.9548805021265623 219 196 150 0.11231963392975468 15 645 50 677
280 0.33375338600800031 1.8502677585885952 1.8343838074591376 112 90 23 0.20361714285264015 96 688 19 730 99 688 38 815 51 677 29 803 90 834 98 832 85 805 93 878 48 830
5368 1.1832373327388217 1.9487772626968476 2.5251201945447019 124 111 86 0.13318499004642351 15 701 50 763 20 669 3 564
5371 -0.36178142604328112 1.7098926082353245 1.2209152283015061 39 38 37 0.081037371166037764 15 748 50 829 3 622
284 0.58579486701748196 1.9559270692579385 2.5972445593832481 232 215 178 0.07933223352661456 96 716 19 757 61 1067
5372 0.28827913662434296 1.4212629642514725 1.3809687756486968 27 28 38 0.060562738081980726 15 744 50 832 3 613
285 -0.4172720467922012 1.9086069408834199 0.83395116318406082 255 221 68 2.1302792238393238 96 195 19 761
5373 -0.29690136458284472 1.7843942202856022 1.2485612398741874 197 195 210 0.3348973687608196 15 460 50 835 67 30
286 0.10664853821443557 1.9289716728104798 1.6445728613257455 63 42 5 0.27271432734770618 96 699 19 762 99 699 51 686 38 582 29 571 90 835 48 284 61 248
5375 0.34685648989725248 1.5848355858074026 2.0250634790403401 167 165 168 0.30928660860787383 15 926 79 496 50 865 3 781
288 0.32398793201928039 1.9413478666624093 1.8795467229718839 88 57 8 0.13125908095782376 96 708 19 767 42 193
5376 0.35634200790972942 1.6137704981051015 1.9662135558647584 21 14 2 0.19885429959826748 15 774 50 866 3 389
289 -0.25251633283108837 1.9609314760188816 1.3993913391004369 66 74 96 0.55274979857313 96 701 19 773 99 704 38 111 51 86 29 97 48 260 61 862
5377 -0.42887902138417222 2.3232131294926601 1.381543854437145 2 2 1 0.33596097594301566 96 1081 50 871
290 -0.2201968484477648 1.9573392477240259 1.3895304058029287 158 168 195 0.51126962620474381 96 702 19 774 99 698 42 1088 51 89 90 81 98 60 93 84 48 832 10 165 61 278 7 259
5381 0.31807239488842531 2.0391319071180969 1.9472335758572359 118 95 22 0.17553488328273467 15 792 50 899 3 799 67 540 49 503
294 -0.38079311578952685 2.0052292098490763 1.4779505187510771 61 41 5 0.30486068076577283 96 720 19 785 99 711 42 804 51 964 48 827 61 270 31 184 32 113
5382 0.34777855828292198 1.7209810730912032 2.8198823939495226 113 80 68 1.1030463009131564 15 790 50 900 3 448
295 1.2182149943569762 1.9929983830004296 2.4434530807617043 245 229 189 0.35149430253900094 96 736 19 786 99 286 42 758 51 737 90 645
5383 0.46526793766227603 1.7915742344348711 2.8425647081080312 78 52 40 0.4984282326483625 48 1309 50 913 3 466
296 0.15629448904297719 1.986140073848889 1.5579243962478295 77 91 123 0.31525392999046153 96 725 19 787 99 712 31 527 42 793 51 695 38 132 29 577 90 616 98 632 85 601 93 885 48 1153 61 1145 23 44 81 44
5384 0.75999265502087532 1.6505081559156656 3.0163740325028083 98 65 45 0.10352464480242482 50 922 3 475
297 -0.51752873264829058 2.0253087283517393 1.4265548185684784 254 213 60 0.24604831408227915 96 726 19 792 99 228 51 681 48 826 10 787
5385 0.35006657471996322 2.3005022641782711 2.0854824344323788 225 201 154 0.31141120079573792 15 611 50 937 20 823 91 831 3 500 26 727
298 -0.44365537876498728 2.0270920092587841 1.4630132035724408 62 43 6 0.18210396964687561 96 727 19 793 42 817 51 687 99 991 98 823 93 610 48 249 10 790
5386 0.73285034748217026 2.1498029321283689 2.2513581660194788 126 114 88 0.23740083445285864 15 834 50 959 3 715
299 0.72323502508667203 2.0582514931714777 2.3703948147153451 233 217 178 0.027671874986072521 19 799 42 780
5387 -0.69294621875961415 1.7928905997165094 1.176072818895233 150 88 20 0.37083404185205121 15 900 50 1040 3 836
300 -0.48518832390587469 2.0585046036823389 1.4006769443026843 170 175 197 0.17812841971761492 96 737 19 803 99 720 42 1118 32 441 31 569
5388 0.57395620206507381 0.90188761517433391 2.1825441433853041 239 230 78 0.94848319641368828 15 441 50 1041 3 755
301 -0.15966753690123309 2.0432943886039241 1.4391990421066847 59 40 4 0.3322654474265444 96 738 19 804 99 257 42 820 51 145 90 102 98 624 48 843 10 802 20 112
5389 0.31602444049085332 1.408073963628842 1.4067524309735759 109 89 20 0.13759833236677474 15 897 50 1046 3 615
302 1.0401428549696574 2.0594655972259597 2.3791654292274633 231 217 181 0.0018029836527083207 19 805 42 777
5390 -0.63784662831420036 2.0194327697348893 1.2099537026794325 12 10 13 0.2538745387177368 15 759 50 1057 3 641
303 0.65671001886081104 2.0800005489184659 2.3418955378124733 233 216 178 0.28214471740833347 96 757 19 810 99 315 42 790 51 736 29 158 38 172 48 1177 10 1180 61 1121 7 1031
5391 -0.73729462033673854 2.2468422287362797 1.1487815100984411 0 0 0 1.2209137623186883 15 769 50 1067 3 844 23 589 49 568
304 -0.20802042752566116 2.0495698935375395 1.3785916216244447 162 174 203 0.23202395407698465 31 544 19 812 42 828 61 880 7 738 87 597 95 474 41 492 24 551 62 546 53 269 25 324 16 317 91 66
5392 0.21594275204964827 1.5786061252855073 1.9214492156733096 0 0 0 1.0485845938419116 15 1006 50 1072 3 775
305 -0.67769114801382935 2.0677305290879437 1.1674772851548316 76 94 132 0.14272926971367028 96 739 19 816 42 844
5394 -0.094681085652562308 2.0613196407878513 1.4557199432997816 8 11 16 0.10886449503620776 15 931 50 1083
307 -0.93078031699547514 2.1190512670700103 1.5176157843174196 92 69 11 0.55497216607781019 96 751 19 818 99 727 42 1147
5395 -0.74382621988827335 2.4955581197877041 1.2806108524231248 55 59 74 1.0329258693161152 15 1018 50 1084 3 795 67 609 49 578
308 -0.60336303719274231 2.1048326192781697 1.4427812988828523 150 119 37 0.19586199535651763 96 752 19 823 99 287 48 833
5396 0.37530092236082835 1.8475705054047638 1.8678307400153584 114 93 24 0.15564125720274494 15 942 50 1088 3 793
309 -0.29318616096934091 2.0779880072633872 1.3170370921458163 254 214 58 0.31601581958988317 96 748 19 824 42 839 31 566 51 698 29 116 90 611 61 885 64 965 24 708 62 743
5397 0.3439828846419038 1.9134365198785215 1.8991468550596848 111 90 22 0.2850245473128698 15 946 50 1089 3 796
310 -0.29315332058713872 2.0784889038040553 1.3109039359599655 254 214 58 0.15586154967253568 96 749 19 825 99 724 42 840 31 567 51 699 38 134 29 117
5398 0.35639964798407414 1.9727091021080527 2.1816565972017981 255 221 55 0.44778569136863416 15 799 50 1102 20 1071
311 1.3695871903669699 2.1673980844161869 3.119956136967371 232 218 181 1.8848979515718765 19 826 99 766
5399 -0.49735861051055247 2.7909325790663919 1.4027470978327388 79 89 92 0.69930016725052202 15 820 79 713 50 1107
312 0.80501782653746645 2.126325059650215 2.2778729533344504 109 101 82 0.33036028647131527 31 185 96 771 19 828 99 742 42 809 51 752 38 632 29 624 90 654 98 683 93 937 85 866 10 1194
5400 -0.57851745575887703 3.0156378218978657 1.1632803564093328 0 0 0 0.3217977780145323 38 1073 50 1113
313 0.94826947097430025 2.1345707961225924 2.2691401009283627 232 217 181 0.17216983195126945 96 777 19 832 99 746
5401 0.58576063583712512 2.5096199894454148 1.2550661446626206 87 86 81 3.4983859070814027 96 1274 50 1128
314 0.94826947097430025 2.1345707961225924 2.2691401009283627 232 217 181 0.17216983195126945 96 778 19 833 99 747
315 0.66103556648789985 2.1682733988515435 2.2400120510028545 110 99 76 0.28753477733605232 96 781 19 837 99 756 42 824 51 757 29 628 90 659 98 896 85 862 93 935 48 1186 10 1193 61 1146 7 935 64 597 79 577 87 717 95 629 41 637 24 534 62 524 15 655 3 305
5403 -0.56886161573626781 1.4643200361761344 1.5876904825498113 0 0 0 1.1510200434225606 15 990 50 1164 20 1235
316 0.66169595607928955 2.1658665017413736 2.2423229718508075 110 99 76 0.32876634578419611 96 782 19 838 99 757 42 825 51 758 38 634 29 629 90 660 98 897 85 863 79 578 81 120 49 305 67 475
5405 -0.65681348189418587 1.7652507712453047 1.0725342721705786 88 50 4 0.40231814206018246 15 1041 79 837 50 1166 3 834
318 -1.3132776605312311 2.3785033805856668 2.1224457941079646 71 46 29 0.62798781794050262 31 667 96 837 19 857 42 397 96 404 51 231 38 646 29 635 90 638 77 415 56 196 46 445 80 474 2 502 81 99 58 209 68 184 33 283 1 477 65 638
5406 0.28147196938697261 1.3454033765262643 1.3715339089108218 255 226 61 0.11727641858078054 15 892 50 1168 3 750
319 -0.1207468971430829 2.2550151632153059 1.5782315519961363 7 5 2 0.01821347209241431 96 828 19 860 99 779
5407 -0.53443908527271733 2.510477883333643 1.3091687422910476 49 54 75 0.25123257792740755 15 1020 50 1204 3 857
320 0.39237696216486623 2.2659869435991307 1.7759878486220102 47 53 72 0.86872103652432198 96 834 19 862 99 1161 42 354 51 1167 38 993 29 997
5408 0.17713763148434214 1.9795296591142368 1.80983112799289 61 50 38 0.53741254231831048 15 943 50 1205 3 856
321 0.3645249586250035 2.2779626287066437 1.7470409286099362 63 65 85 0.19304508679087581 96 842 19 864 42 365 51 781 85 682 48 526
322 0.36610061700219204 2.2777329337118326 1.75662263163912 63 65 85 0.09279470759531501 96 843 19 865 42 366
5411 0.17425855832426257 1.8894711204095938 1.746495217959134 6 4 3 0.46170175211696335 15 1011 50 1262 3 849
324 -1.1256784699791129 2.4957998679075066 1.9618587502058458 148 144 129 0.46100653610876374 31 909 96 864 19 871 99 820 42 899 38 330 29 315 32 683
5412 0.17425855832426257 1.8894711204095938 1.746495217959134 6 4 3 0.46170175211696335 15 1012 50 1263 3 850
325 0.22002294403551484 2.3757602621701421 1.7104385080050015 61 69 92 0.36664661099928536 96 859 19 873 99 807 42 875 51 1017 38 865 29 660 90 882 98 922 85 693 48 897 79 388 50 235 3 464 23 308 81 271 49 430 67 457
5414 1.3824840381816952 2.2466759671144203 2.0254568628600533 46 31 25 0.32965418089294446 15 1080 50 1277 3 935
327 -0.78047772898985479 2.390172750617094 1.3070613339030497 118 130 157 0.52325548277250911 96 860 19 876 99 1025 38 637 29 184
5416 0.59647537052614719 1.0220132551915575 2.1052465089846493 255 228 63 1.494215743741768 15 1043 50 1283 20 1289 26 1180
329 -1.2002114665449082 2.5296434495236513 1.8852989406689711 196 187 160 0.092237852930131647 96 507 19 882 99 496 42 910
330 0.71599805365118674 2.4143535669955836 1.7978928231479361 35 21 19 0.25053764450058358 96 870 19 883 99 466 51 842 90 422
5418 -0.69667533660389724 1.9533770323891728 1.1574555953582608 101 90 27 1.1404730170776405 15 1107 50 1310 20 1306 3 961
331 -1.1020719403301069 2.5409257206702054 1.8625928830108536 135 134 123 0.21392741664579584 96 510 19 886 99 502 42 913 64 1002 6 870 36 824 78 814 54 854 5 876 43 750 82 757
5419 0.31689137731987493 2.2919687030231635 1.9084070329904497 61 60 61 1.3179763935435622 15 1109 50 1314 3 976
332 0.71917751109891115 2.431656782227785 1.729049864862402 105 74 62 0.10847694544568276 96 875 19 888 42 1212
5420 -0.62718262802392533 2.3765127988225929 1.5059973517998326 2 3 4 0.51341171274692377 79 878 3 974
333 -1.1659876462522785 2.5616032885261797 1.834483199990524 193 184 158 0.041355649073051601 96 877 19 889 42 922
5421 -0.3622933983939679 2.5427383018708194 1.3969005488672614 60 67 91 1.7249890161811907 15 1116 50 1322 3 985
334 -1.1659876462522785 2.5616032885261797 1.834483199990524 193 184 158 0.041355649073051601 96 878 19 890 42 923
335 -1.195920112622153 2.5685987775312387 1.8428789831513479 200 190 162 0.066075447599274084 96 879 19 891 42 924
5423 -0.84612088768029325 2.187851257498822 1.1368931424709192 0 0 0 2.1580259027037085 15 1112 50 1329 3 982
336 -0.73433473056413112 2.5089182619606527 1.3261830634167933 53 55 67 0.3252638286336364 96 883 19 899 29 856
5424 -0.73824563689000455 2.6336241676385304 1.2410845156835917 0 0 0 1.3737067569134771 15 1124 50 1330 3 990 49 683 67 726
337 0.20521030983181837 2.5341809776997022 1.7134307756280334 5 7 8 0.29535432110031823 96 887 19 900 99 830 42 915 51 1056 38 709 29 715 90 933 98 1138
5425 0.53063870848431638 2.3925329212798503 1.8688738727472616 207 190 152 1.8586822328553509 15 1128 99 1380 50 1332
338 -0.52473685979220741 2.5179919772716142 1.3339940687173184 58 64 85 0.50456125208969116 96 1119 19 904 99 1056 77 669
339 -0.38198252082047252 2.5335531414784223 1.4228061284056179 57 66 90 0.17872116254976356 96 888 19 905 42 935 38 882 29 870 90 890 10 841 48 907
5427 -0.46893327356868048 1.5768100582796138 1.3628809419068388 255 212 60 2.4920211285112792 15 1121 79 879 3 997 49 679 67 723
340 -0.96459647658240388 2.6414321208424791 1.625986795762425 125 125 116 0.05813848369917602 96 896 19 909 42 945
5428 1.017616674585121 2.3282347059602473 1.8901993417738385 33 19 16 0.32779740071020302 19 430 51 452 98 490 85 730 93 769 48 649 10 948 61 470 50 1008 79 442 15 723 20 665 3 735
341 -0.806577027370877 2.6568311515613856 1.644408742350854 95 97 90 0.26063419637800944 96 901 19 912 99 847 42 946 6 863 78 581 54 596 32 547
5429 0.34026534191050428 1.977228630302136 1.9184307436603014 115 94 23 0.35547315560626541 79 684 15 948 50 1094 51 1152 90 1028 98 1107 85 1062 93 1131 10 1341 3 797
342 -1.0272096228075343 2.6625091176980988 1.600319083035411 130 130 121 0.1020647199698593 96 903 19 913 99 850 42 950 51 460 38 389 29 374 90 358
5430 -0.69655707013506662 2.1166809332269727 1.3390481752306944 177 138 41 0.64351352449531618 50 87 20 67 26 173
343 -0.41016799127135956 2.5967987455364709 1.4482934226368984 59 68 93 0.32948241520292154 96 899 19 914 42 482 51 844 38 887 29 875 90 736 98 947 85 697 93 934 10 845 79 373 77 578 56 564 15 546 50 157 23 311
344 -0.98117340397308872 2.6713216833106168 1.5928479947751433 122 123 114 0.047366616274752936 96 904 19 915 42 952
5432 0.28105293395966879 1.8019601396234226 2.80005358580472 37 19 11 0.24273177025397843 91 221 20 201 72 200 39 154
345 -0.77004338516940751 2.6866002556059794 1.5935334027608348 100 102 93 0.22054346305132069 96 906 19 917 99 853 42 955 31 731 29 384 38 399
5433 0.43522224263061215 1.749045410606747 2.8680298318419832 42 22 14 0.050280104750811405 91 238 20 219 72 212
346 -0.7684069965361946 2.6851451785110299 1.5860032200232588 100 102 93 0.12326334959242032 96 907 19 918 99 854 42 956 29 385 38 400
347 -0.92822304587287041 2.6968351603683445 1.5870021235574827 115 118 110 0.093047615282944696 96 908 19 919 42 957 51 484
5435 0.60402063829633268 1.6913161795570042 2.9582641405353858 152 103 78 0.13361786168493253 25 244 20 234 26 326 97 244 74 217
348 -0.52689273121451985 2.6324421328315841 1.3883366444774443 59 68 91 0.20990093481578415 96 1137 19 920 99 1077 42 953 51 1057 38 889 29 719 23 445 81 420
5436 0.63657683497762674 1.7877289828724727 2.8296798976721482 115 102 78 0.046290098005891039 91 258 20 243
349 -0.52690716220269196 2.6342808385889041 1.3943882174811431 59 68 91 0.15719657958678981 96 1138 19 921 42 954
5437 -0.39461908414922064 1.6331563613024709 1.2248791652898408 254 231 60 0.12612923033008874 91 303 20 398 72 235 26 73
350 -0.83065945409603081 2.7050639533427292 1.5537374396674719 112 114 104 0.060132537353421507 96 912 19 923 42 958
5438 -0.32814961023663675 1.7427124874789461 1.2883498770715851 254 232 64 0.23263868947974925 91 307 20 405 72 242 26 447
351 -0.83130537849149899 2.7057116179209251 1.5561896931117543 112 114 104 0.083750382706192908 96 913 19 924 99 862 42 959
5439 0.33549212044352134 1.0018034717933846 1.9499921527750539 254 221 57 0.25501849969583212 91 538 20 406 72 392 26 668 39 492 74 594 86 469
352 -0.89372630596912062 2.7273470131439894 1.5298794815625465 120 122 113 0.080869134608700738 96 920 19 927 42 964
5440 0.40075717555103396 1.7527965127608749 2.8188245306978401 149 102 77 0.23401718587440826 48 162 20 529 26 304
353 -0.89419774626925674 2.727639086412994 1.5310049517872879 120 122 113 0.095728494553205784 96 921 19 928 42 965 99 872
5441 0.37750959700196618 1.8540120937621676 2.7689614986337925 214 200 165 0.047415909148396405 91 465 20 545 72 346 26 598
354 -0.95677432462461864 2.7491869621485865 1.5083416768974385 125 127 120 0.097855037485979929 96 926 19 933 99 876 42 969 51 508 29 398 90 427
5442 0.43652498525144745 1.8350286795119328 2.7982742326586671 213 199 163 0.18627232871095559 91 474 20 560 72 527 26 606 97 593
355 -0.95694939435613258 2.749393751152386 1.5093597786357964 125 127 120 0.06746152534752077 96 927 19 934 99 877 42 970 29 399 38 413
356 -0.36625484119919621 2.7493221102472174 1.4221526554304118 71 82 84 0.36877343997876016 96 936 19 942 99 883 42 1256
5444 0.41701026657733659 2.5026527908768386 1.7544027131670987 192 172 133 0.15206943137807685 10 668 20 601 26 733
357 -0.66899723980302228 2.7806400882740219 1.4333020494097406 107 109 102 0.15570355164753338 96 937 19 943 99 888 38 441 29 423 51 551 90 469
5445 0.84893504708369305 1.6290832269792945 3.057773627689119 80 51 34 0.44901750084603786 50 256 20 623 3 227 26 635 97 497 74 480 86 437
358 -0.66935385449681606 2.7808656926112443 1.4298483986092747 107 109 102 0.025056826645979888 96 938 19 944 99 889
5446 0.84939799265214677 1.192092399198714 1.3985929132564749 114 91 23 0.28953098062700305 91 577 20 730 26 674
359 -0.6355454234100375 2.8079695385329364 1.3690465269677923 110 113 106 0.093196496820610097 96 947 19 955 42 988
5447 -0.07232052726416538 2.6598421815184321 1.5749449214484816 76 85 86 0.30957046772124025 91 585 20 777 72 305
360 -0.6971750989640827 2.833115411955295 1.3462722385727821 122 124 115 0.049578225688048774 96 950 19 960 99 899 42 1262
5448 0.41628746004791906 2.2775802522797925 2.1133137519740122 233 208 161 0.12627970021399934 91 839 20 840 72 485 26 737
361 -0.69725822715929864 2.8331981156442518 1.3463039560937211 122 124 115 0.068351777470464462 96 951 19 961 99 900 42 1263 29 461 38 466
5449 0.84169562000634401 2.0171431690456387 2.4185784703724416 248 224 177 0.16585259457765011 91 929 20 916 72 720 39 561
362 -0.67614133736535276 2.8466030453797564 1.3340864145408835 80 85 80 0.1859544930154286 96 956 19 966 99 593 42 995 51 581 38 474 29 467 90 507
5450 -0.0058677434489513847 1.8751532104293231 2.7562317797654874 114 78 64 0.084721184024845367 50 891 20 1058 74 876
363 -0.67636245847965959 2.8470976317681767 1.3332416053871607 80 85 80 0.15642974666031323 96 957 19 967 99 594 42 996 29 468
5451 0.22594134730708382 2.5858771397135967 1.6181393434927127 62 44 35 0.19764510488706014 91 817 20 1079 72 624 26 972
364 -0.66148715418987536 2.8648403139332963 1.2881410535105458 128 131 121 0.16183018795479812 96 965 19 975 99 909 42 1004 51 868 38 737 29 735 90 522
5452 0.50809615850458112 0.80778475043498943 2.1092299993147656 0 0 0 0.75942753925790074 91 1133 20 1169 26 1071
365 -0.66113287278609123 2.8651008447160651 1.2899563539902439 128 131 121 0.25628972585304688 96 966 19 976 99 910 31 781 42 1005 51 869 90 523 98 523 85 466 48 957
5453 0.76523800740741532 1.5622374913905461 3.0402998004916473 0 0 0 0.22146399925650018 15 958 49 510
366 -0.50430911822700086 2.8526187054490038 1.269215195183456 36 26 23 0.16019161228864362 96 967 19 979 99 906 42 1001 31 390 32 355
5454 1.0305536109486635 1.9585483834738753 2.4957370210997336 244 220 172 0.26266591446317961 91 1104 20 1220 72 892 26 1123 39 725
367 -0.80171976532117961 2.8894653659169576 1.2751475082914345 90 95 89 0.057986775888320498 96 974 19 984 99 914
5455 1.0306287733981387 2.2796086983649664 2.0204673137231226 245 219 169 0.22190641206969253 50 1007 91 1149 20 1223
368 -0.79057731749277371 2.9096021864906176 1.2426987081790115 136 138 129 0.11187574573092991 96 979 19 986 99 919 42 1277
5456 1.4131432418918719 2.1779950494418552 2.0843180616555199 242 219 171 2.2836646000126568 50 1027 20 1228 26 1129
369 -0.69210688346273053 2.9183028737266694 1.195071256320041 152 150 134 0.67493854332805003 96 981 19 989 99 1100 38 748 29 744
370 0.2696048458483325 1.0017792385944126 1.7141246425701815 48 48 53 0.19156616102066396 96 991 19 992 99 932
5458 0.68039158172459735 0.91353237213088867 2.2664030087658951 255 230 68 0.46535274040124175 15 1085 20 1245
371 0.2696048458483325 1.0017792385944126 1.7141246425701815 48 48 53 0.19156616102066396 96 992 19 993 99 933
5459 0.78199830450995367 0.9651790841639718 2.1992817947175891 0 0 0 0.96025801575310343 50 1053 20 1247 26 1147
372 0.48550931156523036 1.033451734098124 1.5185906813773633 83 91 109 0.26913051234388446 96 608 19 994 42 1025
373 0.045168718562361085 1.1638551503601975 1.7238938179162873 125 108 40 0.97359835755223567 31 807 96 995 19 997 99 632 96 622 48 979 64 819
5461 -0.3679433513552765 2.5935098185601588 1.495230418709077 52 61 83 1.3831744353850042 61 1570 20 1297 26 1109
374 -0.74518351034591523 1.6025939144876171 1.2668889168031925 254 232 77 0.32310366690975867 96 649 19 1010 99 91 42 1056
5462 -0.52372741945074197 1.5537055580652686 1.5774982588629158 255 234 71 1.1017668033066368 50 1300 20 1322
375 -0.38058239559284768 1.6139152498655731 1.2378357543525076 161 116 25 0.71061221434679112 96 1004 19 1016 99 655 42 1061 51 637 90 566 98 567 10 745 64 1121 87 487 41 382 24 517 62 521 53 258 25 287 91 11
376 -0.47609220349054243 1.6337428949189414 1.1546618399346029 254 233 79 0.30062197171918204 96 1006 19 1017 99 656 42 1317 38 57 29 519
5464 0.40606399488574602 0.97839321700130633 2.0533318427706746 153 89 13 1.2059741665568562 91 1211 20 1335 72 988 26 1222 97 963 74 950 86 734
377 -0.43439418650214778 1.6329449253868236 1.2018847376847155 162 118 23 0.24691495867773985 96 1008 19 1018 42 1062 51 916
5465 0.53821708889899023 0.99727696821073541 2.2168597020782799 128 84 14 2.1640592379824013 50 1335 20 1342 26 1225 74 951
378 -0.6923130257655552 1.671385060062385 1.1547854657777972 254 229 77 0.70738645015510004 96 651 19 1023 90 35 64 1236 41 871 87 972 24 1005 62 1031 53 969 82 992 6 1075 36 1045 78 1047 54 1089 5 1093 43 998 89 918 71 855 34 1037
5466 1.1608641907828179 1.9086371415499408 2.567802545481928 235 217 179 1.5627396129156359 15 1076 50 1295 20 1301 96 1387 19 1495 31 1184 99 1297 42 1464 38 1101 98 1204 85 1167 93 1245 48 1535 10 1539 61 1446 79 708 87 1321 95 1201 41 1215 25 1181 16 1100 91 1187 44 966 92 1036 32 886 88 976 3 956 77 731 72 979 16 1135 49 441 90 857
379 -0.4165211234295399 1.6650021519647511 1.169259202834682 252 212 97 0.16430958178982838 96 1011 19 1024 99 952
5467 0.2616077881949585 2.1359344675784446 1.6673408074545732 18 16 14 1.8148197730173015 41 1344 95 1322 25 1236 20 1337 15 1115 50 1324
380 -0.71597924338448748 1.7311865282174741 1.0791614309960793 106 84 19 0.16185683571092049 96 1018 19 1026 99 955 51 642 38 549 29 536 90 571
5468 0.67262042210110451 1.7316208679502696 2.9377098162200115 233 218 181 0.89427682652968843 51 1143 29 816 90 845 98 1104 85 1059 93 1123 48 1521 10 1334 79 318 15 816 50 1114 20 1269 25 1217 16 1151 91 1185 3 476 72 978
381 0.17267683516360485 1.6985711267405392 1.4313137829609717 99 111 139 0.32851321686206686 31 989 19 1029 99 965 42 1320
5469 -0.3549542632555468 1.6856181340740899 1.2479140371593578 255 226 59 0.44843485799457533 87 994 95 866 41 898 25 767 16 696 91 744 20 1015 93 575 48 122 10 760 79 21 15 746 50 826 3 621 72 588 49 13 67 17 39 471
382 1.0959650057252441 1.8518349708800124 2.7563966952771422 248 237 214 0.33578977206499616 96 1037 19 1039
5470 0.79494568030809287 1.5326810245251341 2.7982006860637121 156 104 80 3.4730776085156094 87 639 20 579
383 -0.89014852299361047 1.9205060892099513 1.4838075040131307 32 34 45 0.11665078045139317 96 1032 19 1040 99 979 42 1081 38 809
5471 -0.70462767967376605 1.8896911884090559 1.1556452157469086 100 51 3 0.1001192856002537 15 29 50 47 3 36
384 -0.89152369177159541 1.9195185254484894 1.4876939717790911 32 34 45 0.13323365688133695 96 1033 19 1041 99 980 31 841 32 626
5472 -0.4729774237465369 2.471495282810483 1.3358349235263971 58 61 80 0.13378850265396777 79 314 3 100 23 423 81 391 49 228 67 273
385 -0.40170896791185867 1.9600585905248504 1.5201350377999383 246 194 51 0.1608385425031125 96 700 19 1048 99 702 38 114 29 102
5473 0.091807234706389435 2.3674866915001282 1.6242109854709874 9 8 9 0.078898093384645207 15 154 3 129
386 0.33609549749776901 1.9835635997412848 1.9066453103270349 117 97 30 0.16605626743276289 96 1043 19 1051 99 993 42 1083
5474 0.20241393598636268 2.3161918440915295 1.6860203718145983 25 26 36 0.06405250467022644 15 161 3 131
387 0.21073221706877884 1.9753953035089702 1.5643689546091277 73 88 121 0.302269622539521 96 1041 19 1053 42 1085 38 824 99 990 29 810 51 969 90 847 98 846 85 810 93 886 10 1066
5475 0.21157471437952949 2.3167511886907413 1.680732558523524 25 26 36 0.18293583022697343 79 125 3 132
388 0.12427863911167003 2.0045904405426347 1.5488188689939291 5 7 11 0.75697400037749218 96 1045 19 1054 99 1149 38 976 29 983 48 1157 61 1305 79 675 87 646 15 933
389 -0.2816688944299488 2.0307897440185534 1.3887799519506989 250 207 57 0.075163925471347259 96 730 19 1056 99 718 38 126 51 690 29 114 90 605 98 612
5477 -0.29661628912683141 2.244376311803661 1.4900968964290531 2 1 3 0.54720045068377221 15 98 79 294 3 414 23 411 81 483 49 398 67 424
390 0.89178070238636442 2.0694467778518408 2.3646916133421008 231 216 180 0.13076344804731024 96 1049 19 1060 42 1086
5479 0.33446534921711307 2.3397605775605674 1.7739367456691868 63 70 90 0.29751417747217562 79 395 3 470 49 284
392 1.1774929583038163 2.187299830374771 2.1697528247587483 231 217 180 0.11612025226140418 96 809 19 1082 99 773 42 1116
5480 0.17901212006513206 2.5890128018592997 1.4223428393061937 3 4 6 1.3669243407315215 79 717 3 486
393 1.1716623287514314 2.1857391008014257 2.1542272681340209 231 217 180 0.2692032695513849 96 810 19 1083 99 774 42 1117 51 794 90 706 48 1388
5481 0.98570086052539962 2.379894973484491 1.8398298093611001 100 68 50 0.38015950649486463 15 878 3 590 23 187 81 161 49 168 67 192
394 1.3364247001240737 2.17634411249646 2.1688773101157497 230 217 181 0.056225511065138158 96 807 19 1084 42 1109
5483 -0.13641259016242094 1.8280094345477644 1.6117973325662005 177 132 31 0.94529597983097136 15 476 3 648 67 231
396 -0.056757391399048639 2.2003206398727677 1.6291439306410211 102 82 20 1.0793505219766031 96 798 19 1086 99 346 10 826
5485 0.27322706425284554 1.4603086006440371 1.3793165998398798 103 103 85 0.70331373151762344 15 901 3 757 49 466
398 1.2753956539837299 2.1980286618251581 2.1455261393297111 232 216 181 0.15399794224656738 96 816 19 1095 99 776 42 1125
5486 -0.36841645671665185 1.6668565844561583 1.3564101340502077 253 209 59 0.40380380761613627 50 1044 3 764 49 19 15 751 67 22
399 0.63512268551300466 2.239932949276525 2.1356044755011876 230 213 174 0.20998443509535478 96 824 19 1101 42 1149 51 779 90 686 61 1328 7 1071 24 872 62 876
5487 -0.76048321900244875 2.2116935113040683 1.2221734549395522 135 120 44 0.70187887108423852 15 921 3 776 49 488 67 598
400 1.2060211436408699 2.218652694026896 2.1094491630427177 230 215 179 0.2803333877223495 96 1066 19 1104 99 782 42 1138 51 1009 90 891 48 1409 10 1479 61 1353 7 1132 87 1233 95 1106 41 1119 24 930 62 922 25 1014 16 926 39 458
401 -0.79095240918430321 2.225207367528276 1.3087286201984916 94 69 13 0.13054307516186806 96 1059 19 1105 99 762 42 1189 38 602
5489 -0.21753174851477872 2.1057173335271964 1.3735110251187046 45 49 66 0.33920536242700966 15 1058 50 1195 3 847
402 -0.79029869617229709 2.2253325350879272 1.3038421917656542 94 69 13 0.11800081008494089 96 1060 19 1106 99 763
5490 -0.42932830261520316 1.5718933635369952 1.4040616729132835 89 53 19 0.30972474821569346 15 992 50 1244 3 905
403 -0.74550763126556296 2.2146664782706007 1.2097663792357631 146 125 38 0.045035381338100006 96 1061 19 1111 42 1357
5491 0.54197139231320823 1.7676542734477905 2.8228429627268357 98 66 48 1.0512880432159308 15 1067 50 1290 3 930
404 -0.67983550636379242 2.2275696276128425 1.2350590224228259 29 37 54 0.13572114048445344 96 1063 19 1116 99 1007 42 1198 31 865 51 981 38 839 29 825 90 851 98 845 85 807 93 618 48 1167 10 797 61 899 7 299 87 114 32 644 77 542 56 534 46 552 80 606 2 630
5493 -0.061425068026519723 1.5365158731426569 1.4874411000795895 0 0 0 1.2733819615233741 15 1122 50 1309 3 981
406 -0.81052411311049011 2.2477018993676441 1.2908412758458134 113 118 142 0.15482944951160346 96 1065 19 1121 99 1009 42 1203 38 842 29 826
5494 -0.64818222063109399 2.2580514256188469 1.2766701975811812 100 87 26 0.27472690371840147 15 1132 3 999 49 691 67 732
407 1.23689515463748 2.2524398084773716 2.0416077180784855 228 212 176 1.1099546462328787 31 557 96 839 19 1122 99 379 42 1155 61 1366 7 1258 64 1124 24 1037 62 1050 53 910 25 1123 16 1101 82 631 6 434 36 666 78 363 54 660 60 421 71 831 21 47 44 891 32 153 88 738 20 1144 72 937 84 766 39 721 97 926 74 913 86 706
5495 0.60762067076153126 0.87544966608277353 2.2212996764790018 0 0 0 1.3481532793156583 15 989 50 1245 3 900 93 1281 10 1498 7 1275 48 1572 61 1498 79 787 41 1241 95 1226 24 958 62 971 53 1055 25 1231 95 1277 16 1147 82 1024 20 1243 72 952 26 1140
408 1.0834129297013939 2.2628140652844317 2.0288144736274947 231 216 180 0.31171575165597321 96 1072 19 1127 99 793 42 1160 51 1020 38 300 29 659 90 898 98 1001
5496 0.5403577097168889 2.3819576161285525 1.854108084476612 216 199 159 0.73525826200971645 98 1348 3 978 15 1129 50 1333
409 1.0320679276361435 2.2822540568674197 2.0273773915102864 227 212 175 0.53121092928438851 96 846 19 1128 99 392 42 1170
410 1.0906046048319826 2.2869916241257897 1.9742247233354493 47 31 26 0.57526081105652194 96 850 19 1136 99 1016 51 829 38 665 29 667 90 383 98 727 85 454 48 1423 93 1044 10 1482 61 1474 7 1257 87 1394 95 1266 41 1281 24 1100 62 1120 53 1023 82 818 6 933 44 961
411 -1.1865503722751274 2.4401403274411293 2.0395967968961628 231 216 178 0.82409639531873946 96 1083 19 1139 99 1027 51 992 42 1362 38 659 29 849 64 1153 6 1008 78 979
412 0.54168298522936242 2.3323476114759947 1.8028914666869797 219 203 167 1.5996548623930154 96 1085 19 1147 29 657 99 802
413 -1.2583126581488298 2.4616397936685033 2.0490816744583342 229 215 178 0.46323335877518013 96 1089 19 1148 99 1032 31 908 29 852 42 1364 32 680
5501 -0.61990789522739209 1.7656955821461215 1.097823674434439 87 52 9 2.2532070643903666 16 3 25 285 72 1
414 0.83100971852205552 2.3436759184674867 1.9411469358016007 227 211 174 0.75961076829796093 96 855 19 1151 99 419 42 1186 61 1380 7 1138 95 1076 41 1088
5502 -0.44503134187229165 1.6374689192064995 1.2133949351312123 138 87 12 0.3061266886838831 91 298 72 4 26 57
415 0.67486647840232417 2.3577697679145557 1.9528151891796668 220 205 170 0.045107291562215136 96 1090 19 1153 42 1187
5503 0.28584590987212921 2.0878380181610816 1.7075751124506953 10 11 13 0.21230109598526758 20 184 72 138
416 1.4299285578157175 2.3310039141350707 2.0171141810528765 0 0 0 0.84770978175506473 96 1087 19 1154 99 1022 38 1004 90 1134 96 1258
417 -1.2147986422431793 2.4825246992012082 1.951105788897908 212 200 167 0.31875298476383579 96 1095 19 1158 99 1039 42 1221 29 654
5505 0.62357931837622438 1.7055311436924649 2.9611889876380086 58 39 30 0.25912007230520551 25 246 72 221 97 249 74 224 86 431
418 0.54937282655592057 2.4007312676296828 1.9044994165569842 218 202 166 0.0046849004527413328 96 1097 19 1161
5506 0.27694361772659126 1.819727441957355 2.7775886921353838 103 72 60 0.3448808431574264 91 455 72 339 39 260
419 0.71105402737177192 2.3889423444431661 1.8717263024765409 221 206 171 0.24322092291837535 96 1099 19 1163 99 1029 42 1202 90 917
5509 0.43146137539962026 1.8145253334591038 2.8170769179362383 52 31 20 0.40911311232477993 91 472 72 352 39 162 97 470
422 0.6483185317563428 2.4112195984163445 1.8536689089386242 219 203 169 0.24994933328934388 96 1102 19 1169 99 1034 42 1205 51 1041 90 921 61 1384 48 1424
5510 0.40840082444179093 2.4494326472056152 1.8332619726612014 193 177 142 0.35687850976464019 91 637 72 634 97 662 74 631
423 -1.0696278087554265 2.5315738613368923 1.8952696597723524 128 128 118 0.055498163764626761 96 1108 19 1171 99 824
5512 0.42439872165509579 1.8802176160750019 2.7398482498427907 227 211 173 1.310682826394868 91 832 72 643 26 746 39 531 84 643
425 -0.70657712825956054 2.4959294345926475 1.3814163988733639 79 76 68 0.94173224345953666 96 1265 19 1181 42 1229 29 1007 51 1247
5514 0.48018350628298928 1.8622575946945727 2.758102824921846 240 220 176 0.12275496375939161 91 840 72 651 84 650 39 547
427 0.27317049850282332 2.566557516285775 1.6342772918318687 47 34 29 0.80819311918469139 96 894 19 1190 99 836 42 1227 51 847 38 392 29 383 90 742 98 738 85 733 48 1243 93 1039 10 1240 61 1401 7 1147 64 993 24 948 62 957 53 684 82 708 36 735 71 343 77 196
5515 1.1567195088878837 2.0202992863047906 2.4332087871218353 245 224 177 0.23042915542967943 91 997 72 805 26 1041 39 653
428 -0.84819567910338867 2.6557954858252937 1.644654862253643 65 70 65 0.1089520620266394 96 1131 19 1194 99 1075 38 890 29 877
5516 0.73978713028533638 0.93035352459994225 2.2747417035168658 0 0 0 0.97498512180616859 20 1039 72 872 97 627
429 -0.848219026370024 2.6549173395059245 1.6395067962803345 65 70 65 0.13431536331349184 96 1132 19 1195 99 1076 42 1242
5517 0.53589088795908224 2.1291056426153614 2.2845818388674295 250 225 174 0.22847307615220666 20 1086 72 883 26 984 39 713
430 -0.558196878451092 2.5828010675123769 1.3532394183515224 56 63 85 0.1020098368416984 96 1129 19 1198 99 1069
5518 1.4940716948654824 2.2406846885761542 2.1434530976306516 0 0 0 0.96972813726044527 20 1155 72 896 26 1175
431 -0.90986254210127138 2.6772687623239504 1.6143831390625489 70 74 67 0.24165740527716265 96 1134 19 1201 99 1080 42 1245 51 1048 38 893 29 879 90 907 81 430
5519 0.26362525859791758 0.80640186231089683 1.7745429521612623 0 0 0 1.8906387798557447 20 1232 91 1163 72 904
432 -0.91090763666221508 2.676590288338522 1.6144759952898335 70 74 67 0.24869059961745577 96 1135 19 1202 99 1081 31 927 42 1246 51 1049 64 1019
434 -0.16070469314976915 2.6586115099907874 1.5343505417911987 7 8 8 0.61448853838205997 96 1141 19 1207 99 1082 42 1243 51 532 96 555 29 890 38 902 90 462
435 -0.47130215361219002 2.7033268589088788 1.4596615930074033 2 2 4 0.17326255159411605 96 1143 19 1208 99 1088 42 1253 51 1066 29 893 90 944 98 998 85 962
5523 0.33999583514870191 0.79404659932619637 1.8657041968241843 127 66 6 0.23510320998052442 72 25 26 21 39 31 97 288 74 264
436 -0.2917167362562631 2.7042621619251541 1.5034857222593072 11 13 14 0.10129595694010889 96 1144 19 1209 10 1213
5524 0.33395704333638443 0.99768776778630808 1.9784730832308721 170 101 16 0.72867863762475305 20 54 26 166 97 90
437 0.056963701446545618 2.683013614874012 1.4759279445737525 32 24 21 0.13434264055926579 96 1145 19 1210 99 863 42 1248
5525 0.61201868255606973 0.92448790377409917 2.1370457082653838 254 254 82 0.1927814164948764 20 84 26 178 97 404 74 389
438 -0.51634648916390213 2.7049841931609797 1.4303547656477935 2 3 4 0.334221567821326 96 1146 19 1211 99 868 42 1254 51 1064 38 905 29 891 90 943 98 995 85 956 48 1236 61 1206
439 -0.10496058252814011 2.688957018229027 1.4544260211239668 28 22 20 1.0643910700233346 96 1147 19 1212 99 865 42 1249 51 1070 38 727 29 726 90 747 98 742 48 1458 42 1399 10 1235 41 785 87 889 16 560 91 578 20 497 72 302 26 239
440 -0.28607241777989012 2.732820868517444 1.3567514581409197 44 33 29 0.13362367239820203 96 1151 19 1213 99 882
441 -0.16086420351245773 2.7317379679104845 1.3484378020135557 71 51 42 0.29897394126599497 96 1152 19 1214 99 1092 42 1404 31 918 48 1468 61 1411 7 1157 64 1165 87 893 95 948 41 968 24 952 62 966 32 533
5529 0.89625660902712123 2.0477808744930988 2.4001211869673398 105 93 69 0.028105671191578731 20 305 26 349
442 0.13439710650407574 2.8506877163084248 1.7041924298616962 0 0 0 1.7867829077604003 31 924 19 1216
5530 1.4674192485195052 2.1980256555681534 2.0962427301433095 99 60 42 0.29271479529335437 72 230 26 399 74 256
443 -0.35071144540462923 2.7945187762947712 1.2609816325927667 106 73 53 0.15266224599806563 96 1157 19 1219 99 896 42 1259 51 865
444 -0.41369588833931231 2.8394841270319824 1.2524205361762362 113 77 57 0.29409789160663652 96 1159 19 1222 99 1095 42 1266 51 1074 38 734 90 754 98 752 85 746 93 751 48 1253 10 916 61 1215 7 959 87 877 95 775 41 768 25 592 15 236 50 598
5532 0.056707284536016256 2.6105477057323667 1.625907101962734 74 84 85 0.24247573813844681 20 794 26 533
445 -0.72835225886652699 2.8874493672676151 1.2686512926324129 126 130 123 0.19793783352729599 96 976 19 1224 99 915 42 1274 64 1047 36 832 82 769 78 806 54 604 5 856 60 878
5533 0.11965896707166335 2.5905810890369532 1.6519241278812544 73 83 84 0.38775905155991502 20 805 26 537
446 -0.70870961388561593 2.9028244304614352 1.2572793146093797 94 98 90 0.45162985990387355 96 978 19 1228 99 918 31 786 42 1276 51 877 38 490 29 480 90 530
5535 0.38477871894437971 2.3336622920146048 2.0335800127668264 238 212 161 0.11671369128595226 20 837 91 836 26 729
448 0.22003396660310037 0.98369778920230555 1.7372639133034276 151 129 34 0.43441431268536562 96 1172 19 1246 99 931
5536 0.53653284056372874 1.8475423882890716 2.7871867558311028 242 222 176 0.51358022854324181 72 666 91 647 26 786 84 658 39 560
449 0.35573839891777215 1.0113477721259982 1.5601229551360842 5 5 6 0.43497259118978476 96 1173 19 1247 99 1107 42 1427 29 752 51 888 90 761
450 0.35588693584819836 1.0122443890258854 1.5648233058702856 5 5 6 0.21967474256988426 96 1174 19 1248 99 1106 29 753
451 0.70265296094232532 1.0627685724062457 1.2775031216547321 249 218 88 1.1819886487397679 96 1310 19 1251 99 1222 31 1170 42 1429 29 915 90 1076 98 1168 85 750 51 14 32 964 58 516
5540 0.74652036899393492 1.5677153857473334 3.0495188943286111 0 0 0 0.55548801073993326 50 1111 26 1116 86 666
453 0.074432984836642707 1.1930151531733952 1.6792604190405391 128 144 178 0.20722535533262984 96 1184 19 1256 99 939 42 1297 51 611 29 31 90 17 98 15 85 11 93 5 77 282
454 0.2683527082045512 1.1666042305881827 1.8618037531383334 14 14 13 0.109267056639281 96 1186 19 1257 42 1295
5542 0.96545156418269751 1.9823350580090513 2.4696200243932185 244 219 169 0.12288189056555239 72 891 26 1122 39 722
455 0.81544592856020326 1.2072650576947488 1.3874685362495474 100 78 18 0.33823455821232312 96 1185 19 1258 51 1203 38 763 99 938 29 923
5544 0.40806863844115082 2.385029345509595 1.7488740743181574 0 1 3 1.1508559950321513 20 1300 26 1215
457 -0.73610932941440743 1.394775754516667 2.483157824742237 0 0 0 0.43243244985588464 31 1115 19 1264
5545 0.6391203286241669 1.0147274126074406 2.0842699182513393 255 233 60 1.6023744969902043 15 1044 20 1290 26 1181 91 1199 72 970
458 -0.56568799972343964 1.4749047514383691 1.440864757719071 254 217 82 0.52173728738187486 96 999 19 1265 42 1444 29 936 38 938
5546 0.27127955479140675 2.4299700360676733 1.784019550332949 51 62 87 0.22502774499006337 85 353 23 153 81 133
459 0.1965646324809795 1.4785248774268192 1.8750514623823626 129 92 20 0.76449051719541516 96 1200 19 1267 42 1306
5547 -0.73186940574335779 1.8668625470744316 1.0786019104560722 108 95 26 0.19515166842034792 79 241 23 204 67 20 49 17
460 0.44416954139326775 1.537348874713873 1.6023548709297719 108 87 22 1.1228016111069152 96 1005 19 1271 38 779 51 929
5548 0.17884141620492466 2.2964271001122039 1.6519582289455621 34 24 4 0.22671273207339085 79 350 23 263 49 245 67 285
461 -0.64002323770276937 1.641188252083607 1.1924027001316893 255 221 63 0.64323371910827165 96 1007 19 1273 99 658 42 1318 51 914 29 53 38 60 48 1284 93 793 10 982 61 1441 7 1195 64 1228 87 1251 95 1122 41 1135 24 1079 62 1101 53 1038 25 1032 16 945 91 1028 82 1058 6 1153 36 1115 78 1043 54 1083 5 1088 60 1068 71 950 34 1034 12 1002 21 1061 72 828
5549 0.17884141620492466 2.2964271001122039 1.6519582289455621 34 24 4 0.22671273207339085 79 351 23 264 49 246 67 286
462 -0.39424077876447261 1.6422388411943449 1.2095810407404337 247 212 96 0.83303832306620929 96 1205 19 1277 99 949 42 1451 38 542 29 530 90 569 48 1288 61 1263
5550 -0.27498267757089528 2.4971028962908313 1.4595290621496502 9 8 9 0.11456133925992207 79 113 23 287 81 258 67 120 49 258
463 0.066442336971515234 1.6218443404381051 1.4867714402011487 214 186 88 1.5245683882697389 96 1012 19 1278 99 954 48 1296 64 1100
5551 1.0510440753158703 2.3577495207514909 1.8613781702315879 106 77 64 0.44786827589533945 79 628 23 355 81 160 3 740 67 194
464 -0.81441993312539218 1.7648201018764267 1.0641279062519309 104 90 23 0.68907129425133495 96 1214 19 1290 99 1128 31 1123 42 1462 51 927 38 947 29 947 90 575 98 570 85 542 93 565 48 1016 7 678 87 19 41 9
5552 -0.45133472651348178 2.8685547590354026 1.2386526117423038 119 82 63 0.18386048038324343 79 615 23 357 81 306 49 155 67 184
465 -0.76651059964820845 1.7740456924624981 1.0309336230676429 253 227 76 0.35218704761811037 96 1024 19 1292 99 963 42 1463
5553 -0.48601999792889122 2.3040542353781923 1.410233954619319 3 3 3 0.39043199719222921 3 407 23 405 81 370 56 385 49 395 67 421
466 -0.21926535915580928 1.8885514867415949 1.5527258861528086 242 194 55 0.67316338363225725 96 1229 19 1305 99 981 42 1332 38 569 51 945 29 556 90 596 98 596 93 849 48 1314 10 1310 61 1449 7 1224 87 1276 95 1156 41 1169 24 1017 62 1036 53 941 25 1144 16 1056 89 878 71 972 44 925 92 917
5554 -0.36059478728638622 2.261817866896092 1.4668812720870901 16 9 5 0.44055448290198079 79 67 23 407 81 372 49 397 67 423 3 411
467 -0.24853394686043698 1.9081003596022641 1.4764780384904719 119 95 25 1.0965147556506416 96 1035 19 1306 42 760 51 1137 29 557 90 1017
5555 -0.38791663176782948 2.2999711355720525 1.4542423917154048 76 63 14 0.14469865923497932 3 417 23 414 81 376 49 404 67 428
468 -0.94605864072632795 1.9655856217352068 1.5402045501988 144 0 0 0.14479641994847287 96 1231 19 1308 99 1144 42 1470 29 797
5556 -0.47134212411424065 2.471949044736399 1.3336171144022113 57 61 79 0.15378937128116404 79 313 23 422 81 390 67 272
469 -0.9069879519740689 1.9673600838264895 1.5477852786708162 134 95 18 0.18286450670121751 96 1232 19 1309 99 1145 42 1087 99 984
5557 -0.41186507835221164 2.4826601001695483 1.3782349023894642 60 66 87 0.2457282333208787 3 426 23 427 81 491 49 413
470 -0.31369139600170476 1.9928413038205908 1.4520511656936177 72 53 8 0.49023884840416032 96 1234 19 1311 99 1147 42 1474 61 1297
5558 0.88764773931191965 2.0553763773851652 2.3576208240283814 233 217 180 0.29202962563751772 79 571 23 453 67 177 49 302
471 -0.88425933388130851 2.0428833236274122 1.5581923247046907 41 44 59 0.44299646862324055 96 1044 19 1313 99 992 42 1342 31 1023 32 637 56 369 77 538 46 547 80 602 2 625
5559 0.45168246305237036 1.7623646127465722 1.8729761833582519 172 159 153 0.7509885909323476 29 795 23 534 81 474
472 -0.95776967650934275 2.0683687375902005 1.5789030217845466 90 64 10 0.41574978423675379 96 1237 19 1315 99 1150 31 1141 42 1480 38 974 29 809
5560 -0.57274072673315357 2.5201336469129365 1.3090548275484222 48 51 67 0.51352060984404735 79 535 23 547 81 489
473 -0.33457262529198079 2.0506878594882836 1.4292538118864908 67 51 8 0.75826976375562627 31 1017 19 1316 42 1344 61 1459
475 0.75713990570358936 2.1032420379818819 2.3170834774133957 231 216 179 0.29845354690942899 96 1245 19 1320 51 1163 90 1044 98 1121 85 1075
5563 -0.80137929320210932 2.448449212238371 1.2003354538944906 82 100 136 0.35559647634990482 3 667 79 759 23 604 81 549 49 575 67 606
476 0.67639053236387681 2.133424616916626 2.2425634741981146 232 216 178 0.4918361565163778 96 1246 19 1321 99 1003 42 1339 51 990 38 849 29 836 90 865 98 887 85 858 93 930 79 403 23 133
5564 0.35623542463112023 2.0617697609877235 2.1049773649716448 65 64 70 0.43992339072192549 79 845 23 614 49 629 67 693
477 1.3979811132467046 2.1533685404884944 2.1985476966922759 237 220 183 0.51540756251484388 31 1006 19 1324 48 1395 10 1557 61 1467 7 1253 87 1331 95 1211 24 1034 62 1046 53 902 25 1186 16 1106 91 1158 92 964
5565 -0.65621171021017966 2.9614155762035455 1.1370037933435897 58 40 32 0.14376880704099043 79 718 23 631
478 1.40006554471714 2.1002758901329539 2.187084734193034 0 0 0 1.7995009253080492 42 1476 51 1239 29 1063 85 1184 32 957 46 735 99 1255 2 875
5566 -0.66145530325927837 2.9428355425267352 1.2373749431933618 59 40 32 1.2885771880910732 79 719 23 632 3 705
479 -1.2581488231274276 2.3443727563436929 2.1541074861087197 66 43 30 0.95607293781700797 96 1251 19 1332 31 1154 99 1165 42 1489 38 990 29 996 64 1248 53 819 82 891 6 1105 36 977 78 1076 54 1114 5 1126 43 915 60 1108 89 803 71 713 21 1101 92 516 32 910 46 753 80 837 2 845 65 1006 33 530 1 775
5567 -0.21918378428677945 2.4720042217854736 1.5904979133300925 87 75 21 0.097911226261603104 79 815 23 660 49 630
5568 0.84147973873629522 1.0406073002586074 1.5599259564496759 0 0 0 2.3725777882008749 69 745 23 667 81 517
482 0.34880147431161174 2.3502430079058705 1.7804435946915722 61 66 86 0.47372496255904556 96 1257 19 1340 99 1171 42 1197 31 621 51 1248 38 1048 29 1068 90 1124 98 1213 85 1178 93 1249 48 1379 10 1544 79 820 77 667 56 645 49 635 67 669
483 1.1251391142634188 2.3428922179953355 1.8796317359521577 45 31 26 0.17300503407303258 96 1260 19 1341 99 1172 42 1355 51 1255 90 1131 98 1220 48 1449 32 796 80 609
484 0.35799582351272313 2.470300513860427 1.7769982826529471 32 30 29 1.0537989448842509 96 1264 19 1349 99 1176 42 1368 98 1000 93 1169 48 1419 10 1231 61 1387 24 1038 62 1056 82 958 46 676
5572 -0.64619449903245541 1.7813242694723295 1.4057224925184399 17 14 16 0.97290676069018078 23 720 81 672 18 1074
485 -0.57670962364314826 2.4884914144564272 1.2878996964731775 7 8 11 0.51749527665456663 96 1269 19 1355 99 1179 42 1382
5573 -0.97043805961183194 2.6984725341441229 1.5782867454566663 71 75 69 0.49858579581980522 96 1139 19 1204 99 1084 42 1250 38 897 29 883 48 1210 51 1051 90 910 98 915 85 875 23 322 93 708 10 1161 81 432
486 -0.81092545102133495 2.6216272268375951 1.6339364638294831 71 74 69 0.21596009334837118 96 1275 19 1361 99 1190 42 1388
488 -0.94262416329433951 2.6711092807106285 1.6042223130747655 82 85 79 0.42124138662374033 96 1280 19 1369 99 1195 42 1394 31 1070 38 1007 64 1167 82 762 6 882 36 827 78 807 54 849 5 623 60 869 21 1016
5576 0.70368724859880394 1.7869898312692245 2.809425766040853 112 100 76 0.31127641808635143 23 265 81 87 49 277 67 323
489 -0.86611697759745587 2.7122397786439936 1.5582028122191496 114 115 105 0.45772422231435639 96 1284 19 1375 99 1200 42 1500
5578 -0.33241579175974539 2.7655270995742178 1.2981814901640314 75 52 42 0.1927239091444625 23 338 81 159 49 300
491 -0.16936650086125735 2.6910264187161443 1.5029211830332119 80 89 89 0.2739303876761407 96 1288 19 1380 99 1201 42 1498 31 1157 51 1068 38 726 29 725 90 954 48 1447 10 1418 93 1018 61 1484 7 1319 87 1307 95 1184 41 1270 24 1103 62 1134 53 1045 82 995 6 1092 21 1145 32 822 20 1208
5581 -0.51957698925586404 2.4556554682136671 1.3010448703785793 35 35 45 0.13318380845376451 23 248 81 233 49 221 67 263
494 -0.42226824544593816 2.7766557974838086 1.3955965572373155 86 95 94 0.45895040897841455 96 1295 19 1387 99 1209 42 1505 31 1160 51 1187 38 914 29 905 90 961 98 1027 85 987 93 1006 48 1456 10 1407 61 1489 7 1265 64 1317 87 1050 95 927 41 951 24 1107 62 1137 53 1050 25 1070 16 967 91 1063 82 1073 6 1167 89 912 32 917 46 692 80 842 72 865 26 956 20 764
5582 -0.31848627672577629 2.4002251129691961 1.4849736062732197 33 24 2 0.51269206479703466 23 72 38 650 81 241 49 80 67 103
495 -0.01956963260106271 2.7787731208689657 1.3830995265836079 86 86 81 1.215070882308853 31 1065 19 1389 98 1164 85 1120 48 1475 42 1504 10 1556
5585 0.12490753533643453 2.6531658969943979 1.465211463046983 92 101 101 0.66394596139416118 23 350 81 303 49 315 67 346
498 -0.36761670827693982 2.8585170533729847 1.2423249080245164 50 37 32 0.41675680633059353 31 1077 96 1301 19 1394 99 1267 42 1411 51 1270 38 1067 29 1085 90 1145 98 1159 85 1113 93 1193 10 1459 61 1217 79 720 32 833 77 749 56 738 46 760 80 780 2 698 15 970 50 915 20 178
5586 0.37227811298462721 1.9696858414073319 1.9531137416360547 6 3 3 0.41278218149271911 23 415 81 373 67 538
499 0.19897275029598691 0.93492437289554975 1.7571939869437634 0 0 0 0.61532994636163707 96 1309 19 1399 29 916
5587 -0.46865673609181097 2.525356554194818 1.3626289196778765 58 67 92 0.16447049187707619 23 430 81 396 49 415 67 441
500 -0.02096324310234244 1.0960356679460961 1.7513509087982144 0 0 0 1.1664879522765879 96 1177 19 1401 99 1112 42 1294 51 1087 38 921 29 918 90 980 98 1047 85 998 48 1480 10 1494 61 1421 64 1067 87 1250 95 1123 41 1137 24 1050 62 1076 56 589
5588 -0.19845220315553186 2.4141183652577212 1.582112988985918 19 5 0 0.063683060164726246 23 435 81 407 49 249
501 0.93370836121592049 1.1615714004039299 1.5086275787640748 0 0 0 1.4084665328816648 96 1313 19 1404 42 1515 90 1158
5589 0.21559764104301987 1.5273419319803243 1.1204128614906592 220 184 60 2.5918264755147291 93 812 81 448
502 -0.5333229411569167 1.4397196536392858 1.4349283449850925 0 0 0 0.44950784334284438 96 1190 19 1408 99 1228 42 1439 51 904 29 930 90 987
5590 -0.23202729421548432 2.2202069718230666 1.5154437984250191 14 8 6 0.40079819781762083 23 408 81 484 49 399 79 295 67 425
503 0.44304475492803791 1.3916666324037652 1.5906690831923997 141 122 50 0.19614347058249484 96 1318 19 1412 99 1229 42 1438 51 1100 90 795
5591 0.33935707582526248 1.9776784541871573 1.9157322962007743 115 93 24 0.068864260712722808 23 544 81 485 49 502 67 537
504 -0.81621010508727632 1.4990022774054736 1.355944836714303 0 0 0 0.57233834232851277 96 1319 19 1413 99 1230 42 1525 51 1205 90 986
5592 -0.40876837553492523 2.4833809531855584 1.3736070325914786 58 65 86 0.20621797105776637 23 426 81 490 49 412
505 -0.48042584837893781 1.4666459317925713 1.4421160070832546 254 240 79 0.92853119079679258 96 1375 19 1414 42 1305 38 936 29 935 90 991 48 1496 61 1240 64 1202
5593 0.46911956957389656 2.4194150457594787 1.7756573278550076 198 179 141 2.3016123420094412 3 521 23 560 81 499 49 638
506 0.10460028175258998 1.4540469370461413 1.8986962489306956 156 130 52 0.25685629228458767 96 1320 19 1419 99 1233 51 1213 38 948 29 1034 90 1001
5594 0.46230510638005751 2.3937884624030059 1.825724892990475 198 179 141 1.0573955257085801 23 686 81 500 49 639 67 626
507 0.15389502116091672 1.604036424231486 1.6909527738950785 0 0 0 2.3842909820458758 96 1323 19 1425 99 1239 42 1448
5595 1.3922007967507739 2.146978158132574 2.1990681573940924 236 224 195 0.70647103859057014 23 565 81 502
508 -0.80325666957730724 1.7159327483080278 1.098454595582065 254 229 73 0.65032369293734826 96 1208 19 1426 99 953 42 1457 38 546 29 533 90 796 98 788
5596 -3.5158110903185738 2.0456838296970927 4.9804078844860102 0 0 0 1.2836010265989259 85 1035 81 505
509 0.047389575501277939 1.7115659286238791 1.435554892589457 224 196 101 0.2259090720305337 96 1215 19 1429 99 1130 42 1454 38 956 29 962
5597 0.29088112703281371 2.587303949459117 1.5596848776720666 50 37 32 0.28744036639587622 23 564 81 511
510 0.047389575501277939 1.7115659286238791 1.435554892589457 224 196 101 0.2259090720305337 96 1216 19 1430 99 1131 42 1455 29 963 38 957
5598 0.69537947032950986 1.051768707860061 1.224595687191385 0 0 0 1.6636180949828552 23 489 29 913 81 514
511 0.066306785239462998 1.755406837238819 1.4320218552110489 96 87 26 0.43399637950775655 96 1327 19 1435 51 1128
5599 -0.80810442141133487 2.4459517448057868 1.2075149054756626 85 103 141 0.38819293043687142 79 760 81 550 49 576
512 1.2515787807533951 1.9389710439180141 2.4967824262311744 0 0 0 1.1117426154433188 31 1126 96 1389 19 1438 42 1569 51 1158 38 1102 29 1058 90 1115 98 1275 77 657 79 822
5600 -0.26018864374452161 2.2679797450233403 1.5172596700835297 81 70 17 0.077815961970138348 23 606 81 551 49 577 67 608
513 -0.16099050213157007 1.9776842747599535 1.4273207150987459 254 211 69 1.6745970007142801 96 1334 19 1439 99 1146 42 1472 51 1144 38 820 29 808 90 1020 98 1094 85 1047 93 865 48 1595 61 1529 7 1353 64 1340 31 1187 41 1178 95 1163 32 777 20 1036
5601 0.461290188175347 1.9641612216918403 2.1055677420930308 0 0 0 1.8033149789769194 23 610 81 554 49 582
514 -0.5310870923046811 2.0069515917156746 1.4311157703640618 254 219 62 1.094225325920851 96 1388 19 1440 42 1341 48 1592
515 -0.24864601866903244 2.0692767556228158 1.3398182895696809 106 85 21 0.27253205274233705 96 1336 19 1442 99 1251 42 1483 61 1532
5603 0.31366495413277129 2.5138569489463931 1.6012055393582805 1 1 2 0.8453308009415802 23 665 81 569 49 637 67 670
516 -0.64225898947858062 2.1188443202793485 1.3089712330852907 243 198 62 0.4352803761599458 96 1338 19 1444 42 1348
5604 0.37011391279575173 2.61216812919226 1.5559732617443611 37 26 24 0.24148642487549429 23 630 81 572 49 599 67 634
517 -0.67983006318539885 2.1093080884097688 1.174584778939497 35 46 67 0.10106002215511528 96 1337 19 1447 42 1486
5605 -0.52826232995599864 2.9191429640869013 1.1856779169860869 57 38 31 0.14525307504886864 23 633 81 577 79 776 15 968
518 -1.3484621926889278 2.2840186271819833 2.1870041885742397 0 0 0 1.7209467672055867 31 1153 19 1448 99 1159 29 1060 64 1302 31 1200 53 919 82 1006 34 1092 21 1180 32 908 77 671 56 655 2 843 65 1080 68 549 1 797
5607 0.38788621195709966 1.6968815727601976 1.7426108100370241 124 90 21 1.1813164072878064 23 648 81 602
520 -0.50498702061387446 2.3174702473094637 1.3196522616758362 98 88 25 0.71156201508407957 96 1255 19 1452 99 1166 51 750 38 848 90 174 98 856 85 819 93 1127
5609 0.50096695769966026 2.251870311162492 1.8044830183816598 197 176 138 1.5049746203550893 23 700 81 636 49 656 67 668
522 -0.79954993816389253 2.6892261028748439 1.5819368300687449 106 107 97 0.34161062224975891 96 1353 19 1456 99 1262 42 1497 51 1178 38 1010 90 920
5610 0.19271764374342812 2.4152478000500692 1.7394225389275888 53 63 87 0.36166598778525127 23 684 81 638 49 657
523 -0.9330974961565639 2.7725207226121493 1.3603957790038741 130 132 123 0.39194094881328523 96 1356 19 1459
5611 -0.2837852205952251 2.6627495108395118 1.4842962289620618 2 3 4 0.98335603467390775 79 863 81 643 49 636
524 -0.47177035917600346 2.7909187315743011 1.3691737428656627 87 97 96 0.4026730291991818 96 1358 19 1460 99 1264 51 1189 90 1068 93 1166 48 1564 10 1405 61 1542 77 596 56 575
5613 -0.42520132068947292 2.2830762933713258 1.44300923025709 39 18 0 0.56096007931035952 79 66 3 409 23 406 81 371 77 377 56 384 49 396 67 422
526 -0.060790327803902693 1.211376059445344 1.8209641434104951 0 0 0 1.4167763678520571 96 1370 19 1469 99 1274 42 1516 51 1280 29 1099 90 1159 98 1248 85 1242 48 1482 10 1570 61 1226 64 1277
5614 -0.25971859316304058 1.7205114627987557 1.4049092451588499 255 254 79 1.9364554148790971 85 42 49 25 67 215
527 0.32357399749661792 1.1840237165156959 1.7849066584168445 151 134 58 0.27352595415405995 96 1369 19 1470 99 1273 42 1554
5615 -0.2031179361114753 2.190140141693413 1.5365441264965101 68 49 12 0.17083089495115011 81 51 49 67 67 78
528 1.0682280776323119 1.1929223057895224 1.6761925280283438 0 0 0 0.95588801692463254 96 1316 19 1471 42 1433
5616 0.052854657828705832 2.0718358315829692 1.8260173921837417 11 8 7 0.72778460865864048 81 225 49 72 67 86
529 0.34062602113069484 1.2614531962913795 1.4919090269422606 7 10 16 0.59617777132389316 96 1315 19 1472 99 1118 42 1518
530 0.17577868505724972 1.2531840688906493 1.8297784082255237 0 0 0 0.31021771032454654 96 1371 19 1473 99 1275 42 1434
5618 -0.52694587843667073 2.5738775262693872 1.3537204772036431 17 16 19 0.031055415255074586 79 108 49 88 67 111
531 0.38354298190902558 1.3675374239145792 1.5964739600072322 0 0 0 0.95596376870394661 96 1317 19 1475 42 1302 51 1210
5619 -0.44246284300530403 2.5759008649293853 1.4169042422142055 20 17 20 0.020650274195665445 79 120 49 104
532 -0.63426821513792608 1.4906306885314466 1.2859520755268972 252 228 77 0.93030014613407075 96 1195 19 1477 42 1524 48 1607
5620 0.76952468506615634 2.3718689408246934 1.9079315024726657 109 79 65 0.46118831429663737 81 152 49 165 67 190
533 -0.91819516543136603 1.5374053973412034 1.3621776939179779 0 0 0 1.1661517910239263 96 1376 19 1478 99 1279 61 1554 7 1327 87 1333 95 1115 41 1127 16 670 72 580
5621 -0.27175878438428719 1.828890669781436 1.37411870821739 255 234 73 0.13767089551502656 79 257 49 188 67 223
534 -0.12082023158349514 1.5238135957062635 1.8326880414452782 69 61 65 0.28988474786976137 96 1378 19 1482 99 1286 42 1526 51 1216 29 1103 90 1089 61 1432 64 1198
5622 -0.697921144067147 2.223778365214415 1.2486677887009299 22 19 24 0.067908667521007923 23 535 49 207 67 243
535 -0.23478656756793351 1.5405737423713028 1.8493982290742015 0 0 0 1.0488042095270382 96 1321 19 1483 98 1183 85 1015 48 1504
5623 0.40666117995564105 1.9997489560277515 1.9606984211275393 77 81 97 0.054700113840748209 79 306 49 225 67 270
536 -0.21147553900163715 1.8171319801671082 1.6070639224481003 47 35 6 0.13619520805637333 96 1382 19 1490 99 1292 42 1531 38 1092 29 1113
5624 -0.5921688608422232 2.560426960287729 1.3154455618246388 42 46 61 0.13636268930529821 15 115 79 324 49 234 67 277
537 -0.97296849375107108 1.8625479032435397 1.5920035157993635 123 111 76 0.8262712261414209 96 1421 19 1492 64 1132
5625 -0.44408274089584032 2.5162039268180512 1.3847674249698592 23 17 16 0.14509450196513585 23 270 49 237 67 278
538 0.046467351903890175 1.8603157840055502 1.6407267206252449 72 53 9 0.6519128006968703 96 1384 19 1493 99 1294 51 1291 38 1095 29 1115 90 1102
5627 0.24292507567978491 2.277678195744532 1.6798454494341204 40 25 4 0.080586618177918581 79 355 49 251 67 289
540 0.060905223087430044 1.9522721754216477 1.6152108495318223 106 87 20 1.116986635475264 96 1386 19 1496 99 1295 42 1534 51 1231 38 1038 29 1048 90 1110 98 1198 85 1053 77 723 56 623
1149 -0.63744885174208765 2.899149326171008 1.287297000809388 157 156 143 0.87320264390487912 29 481 90 755 93 740
6236 -0.94095840276634568 1.7890285209442711 1.1694012549574475 121 109 31 1.6052654958609878 8 1076 73 1046 37 924
1159 1.0361891070738074 2.3491378053994301 1.8692426091329892 106 76 65 0.43376332652465593 51 1042 90 927 50 1142
6246 0.31201520110906428 1.5809101419386056 2.176347366479817 0 0 0 1.4689735937716435 8 1124 73 1079
1164 0.29178712591822054 1.6695127403694137 1.6064147673739879 99 79 20 0.37034331378854818 51 1124 90 1012 98 1080 85 1033
6251 0.37494476653606718 1.2138971976186976 2.0957595446138662 0 0 0 0.99190205754500615 8 1147 73 1086 37 999
1172 0.46085614705413236 1.6339513947587019 1.8412918690834805 0 0 0 0.56129894316147544 51 1127 90 1101 98 1083 85 1152
6259 1.0837382357984733 3.2611805468207997 1.7444840594498778 61 62 76 0.36079522833680699 18 121 37 198
1180 1.3871120771829251 2.2473739849682253 2.0302386106875572 79 53 42 0.74721944725116263 51 1252 90 1130 98 1217 85 1237 93 1306 48 1601 10 1600 61 1537 79 828 23 666 49 602 67 638
6267 -0.59308954635809097 2.1644438544509725 2.3977689690885375 54 35 25 0.45647487983914531 8 1006 18 720 37 797
1201 -0.46775302598980179 2.5238530792099145 1.361966318275847 55 66 93 0.33385186568726949 38 878 29 868 90 887 96 1122 19 1188 99 1061 51 1034 98 902 85 860 79 545 77 574 56 556 15 520 3 430
6288 0.42131488457767557 1.7574995487789613 1.9156084087010725 59 55 45 0.3903308687251868 4 220 52 157 70 524 59 440 97 428
1205 -0.058027244191593837 2.0524900477346693 1.8910010834136883 71 73 84 1.5927657032843807 51 175 98 96 85 98
6292 0.45271125545740215 2.5319602049594141 1.742992762458915 219 197 155 1.6469086843863014 63 487 52 218 70 575
1222 1.044320366147806 2.3347688811329514 1.9051239225853625 105 75 64 0.18431217741159914 19 433 98 493 85 470 93 530 10 955
6309 0.38314573299169802 2.0287615770652279 2.1368175163535126 255 223 60 0.60942071831610667 4 1078 52 1049 70 966 59 869 97 952 86 744
1240 -0.77056451606880705 3.0104584510112899 1.1237726865128486 82 59 46 1.4730662231032012 90 968 98 756 93 1036
6327 0.22989080848492349 1.7656254189737235 2.8308997550455697 152 105 82 0.56642825343545533 20 499 72 636 26 553 39 714 82 810 78 877 54 916 5 946 43 953 60 701 89 844 92 953 84 765
1244 -0.24336405143609777 2.0442751916160669 1.3868381060653159 115 96 25 0.51440860601636884 90 841 98 833 85 795 93 616 48 1137 10 1042 7 922 50 103
6331 -0.065048960114359317 1.926718731866204 2.6867038324940724 50 33 29 0.29361306093150491 20 176 72 162 26 261 39 123 53 394 82 441 6 484 36 480 78 454 54 477 5 505 43 440 89 443 71 328 34 815 44 323 92 369 97 191 74 165
1245 0.27892371846378083 2.2116610383498814 1.6498756324182318 53 58 76 0.17858966588394071 90 862 98 877 85 839 93 911
6332 -0.029480927007507228 1.6596263575076176 2.0044268131934042 255 212 60 0.18541736070877693 52 152 70 164 59 148
1260 1.4949099802113031 2.2590931493831485 2.0531266304749516 89 89 83 0.19461953597553591 96 420 98 1038 93 777
6347 0.41257618675404811 2.133901973269329 2.3330657124081973 214 185 137 0.26238817209247017 52 621 70 757 59 679
1262 -0.41126159369303228 1.7316603069424699 1.2095413142079612 107 94 28 0.86507473430060522 51 1112 90 1092 98 1068 93 1072 79 650 23 503 49 345 67 375
6349 0.2657934021741919 1.7214275915764912 2.0507387839693418 81 74 67 0.79188874666562947 52 969 70 816 59 730
1279 0.019073538709051194 2.1036143206579516 1.7296941626775415 88 69 14 1.5407926011264035 29 1158 38 1152 85 1273 79 859
6366 0.97342978538754399 1.2642797744546188 1.5451257170966854 255 252 72 1.2055795458146104 63 1011 4 979 52 952 70 912 12 556 83 899 40 748 28 723 30 832 22 906 11 883 13 995 69 476
1284 -0.37288190471499172 1.5771135153250277 1.8438125041663278 53 50 51 1.4765132828112266 85 1310 93 1379 48 1694 61 1606 98 1358 23 712
1335 0.65188636864442084 1.198730960183314 1.3244763396830803 139 121 34 0.30998858394127704 98 766 85 517 48 998 10 70 93 12
6422 -1.064352890421723 2.3096721478205997 1.6618400175184918 22 24 32 0.057165308982354647 58 291 68 268 33 244
1338 -0.38453035658628199 1.63561944605805 1.207193685672046 253 224 64 0.33855747579312301 98 26 85 543 93 569 10 994
6425 -0.3817074626286302 2.8053521154313708 1.3041779593252665 18 12 11 0.17776421595852557 58 315 68 291 33 266
1445 0.2827372493405157 1.3969963517205615 1.7666685288881052 126 87 19 2.3251153952869994 98 1357 85 1309 93 1377 79 884 23 716 49 681
6532 1.3384272750601098 2.2415701688498282 1.9245489234768531 0 0 0 1.3005478393887568 59 812 72 814 97 795
1554 0.33880306968766866 1.8786964322384765 1.8562323776341667 84 52 8 0.2784405704037084 51 685 38 584 29 573 90 607 98 841 48 835 96 691 19 740 99 696 42 161
6641 -0.037826827632840988 2.0359517344373934 2.5316477185427648 223 204 162 0.05226416324611307 74 626 97 654 86 593
1563 0.40736348309123455 1.7328137310585918 2.8413507959694049 44 22 14 0.20932657338082675 93 108 10 180 15 128 50 180 20 526 3 134 26 587 91 235 97 220 74 448 86 427
6650 0.00096256241125254605 2.062060877423161 2.3369180445724322 5 3 3 1.8583276854383992 97 982 86 754 74 969
1565 -0.3511640220918319 2.1176026705603084 1.2959452544889938 105 72 12 0.31324518117409228 93 101 10 194 50 101 3 72
6652 0.45262534296924539 1.6752059972657274 2.9894130805171177 0 0 0 1.3114254732662629 36 997 54 898 12 1054 92 823 91 833 26 983 86 663 20 1267 72 929 97 924 74 942 97 957
1568 0.3935475183461532 1.9518737153915469 1.9413195686323128 79 80 97 0.093682991708525398 93 135 10 261 79 298 15 517
6655 -0.7672729916744514 2.530002441057936 1.8407077009721919 57 48 37 1.8465920906033289 1 190 35 146 14 148
1587 0.19394879181437738 2.3274958697287298 1.6654370726982277 61 68 90 0.07260028339756347 48 890 10 846
1592 0.18727066341333837 1.9051690060691073 1.5977509819852447 9 10 15 0.075857773986720237 48 836 93 874 10 1054
1604 -0.29316639123883992 1.8580723280691556 1.5133288671219436 54 47 45 1.0306669224129668 93 843 10 1305 7 1218 24 1014 62 1032
1627 -0.73048422605269858 1.9950904918349632 1.1675264335870461 104 91 27 0.60183869804084711 93 1345 10 1645 79 867 49 668 67 706
1637 -0.40810933385384152 2.0938751354367908 1.3049192951599746 234 194 53 0.26021500291490013 48 336 61 352 7 732
1654 -0.67011264874762022 1.6612768520308867 1.1824313059687626 255 230 83 0.52773309528368895 48 749 61 1041 87 765 24 655 64 913 53 678 82 728 6 795 36 760 78 728 54 787 5 519 43 716 60 737 89 650 71 553 20 390
1657 -0.28071911866835952 2.0308118868692118 1.3920523234685114 244 204 56 0.2339912922021983 48 1121 61 1155 7 917 10 795 87 828 95 733 41 733 24 692 62 720 25 316 16 311 91 55 44 252 92 283 20 97
1671 -0.97553128497802255 1.5880610049889179 1.2656915442537975 0 0 0 1.3871283669376824 48 1493 61 1435 7 1184
1677 0.2752837087451373 2.2923287815504665 1.6743239007558768 54 64 89 1.1731010160445381 31 1236 61 1585 32 988
1686 -0.5632442921170987 2.8763058751528421 1.2623222486676469 144 144 129 0.28004040420659831 93 743 48 962 10 900 61 1214 96 1161 31 954 19 1226 99 1098 42 1273 51 1076 98 750 90 532 85 745 7 797 64 1046 87 668 95 568 41 565 24 763 62 770 53 698 25 73 91 372 82 765 6 881 36 814 78 787 54 828 5 837 43 726 60 845 89 654 71 292 21 877 44 488 92 514 47 597 65 803 50 196 20 157 72 102
1753 -0.92437588127554071 1.5990129119559009 1.3161285072128635 255 235 84 0.53852179184680904 48 1577 7 1330 24 1121 62 1155
1758 -0.63015327527036047 1.6832159033652507 1.1303967279900891 255 227 72 0.96969756220208758 61 1595 7 1390 24 1175
1759 -0.031330425545965913 1.8787373883018463 1.5521353459877594 78 67 65 1.645072428326112 61 1597 7 1393 24 1155 62 1184
1762 -0.051025612748481365 2.0120591041476188 1.4997143950343592 88 76 19 0.75961541182582348 7 730 42 1095 51 968 38 972 90 1021 98 839 48 1142 10 1055 61 1151 79 670 87 612 95 495 41 517 15 778 50 867 20 748 26 689
1768 -0.19372238171015674 1.8829649256586551 1.5607129587247794 162 113 22 0.032210202707812968 61 210 64 248 24 134
1772 -0.35522855124597125 2.7863588854537764 1.3161201034594823 19 16 17 0.34535450127992456 19 567 64 454 82 315 6 346 36 276 78 251 54 236 5 279 60 299
1773 1.0734343176885615 1.2633507265435842 1.635723747211953 173 122 30 0.047498909791998944 42 30 64 479
1803 0.32301058108831576 1.7287396562137061 2.7911953168979999 116 84 69 1.2402508703190758 93 873 79 299 15 527 50 898
1804 -0.55099036063306894 2.58326502270861 1.3392653154120473 58 64 84 0.031637525699151563 90 895 79 547
1805 -0.3726298984931527 1.6034980815224669 1.4533367770845145 234 208 138 1.5905991752181698 10 1507 93 1067 79 648 49 552 67 581
1815 -0.27043754778400653 2.7316593999969796 1.4075638067797061 50 37 33 0.55812312573614964 7 529 87 310 95 220 24 581 53 517 16 79 82 740 6 603
1828 0.047501425711085343 1.1638660623267441 1.7204866421985947 119 105 35 0.43363283618319981 7 967 87 779 95 681 41 687 91 525
1829 -0.47941617773430162 2.0617018481197436 1.4068704640119791 181 187 209 0.064233331462923302 61 1154 87 813 95 880
1831 -0.13241453762373442 2.0582400877724005 1.4344241767268049 128 140 170 0.19382356095067008 64 949 87 839 95 747 41 745 91 359
1832 0.12486591849163126 2.6030415233668385 1.6071403302349423 67 73 72 0.3672706647351196 7 952 87 909 95 804 41 802 24 755 62 764 82 714 6 569 21 798
1833 -0.92728385324914864 1.6610420035231979 1.1997222098987264 255 233 74 0.39183734598812553 7 975 87 961 95 833 41 858 25 744
1834 0.42964659829950652 0.78202588356168101 2.0135870605081694 255 246 71 0.54885796713707258 98 1045 87 974 95 1129 25 1151 16 1079 91 1130 20 1162 72 908 26 1068
1835 0.56569810874966198 0.87901167737763941 2.1395980012885154 255 251 74 0.93040615141295069 93 785 87 991 95 867 41 903 24 771 62 381 50 1039 20 1026 26 1079
1836 0.58074649215814256 2.3411113801527228 1.8476820094379636 220 202 163 1.9102337098138016 61 1379 87 1137 95 1012 25 865 16 760
1838 0.85845952181047203 2.3013250609903335 1.8824710559347293 227 208 169 0.87269514845655949 42 1182 87 1203
1839 -0.65381841133172702 1.4246536606476277 1.280432674048346 255 241 72 0.90376853686873915 7 1183 87 1245 95 1117 41 1130 91 733
1842 1.2632886848614282 2.0264656833941461 2.4120859845150586 241 222 183 0.21912769425144052 7 1239 87 1323 95 1203 25 1122 61 1291 16 1102 44 896 92 1035
1843 -0.14726201606301834 1.3720070367027937 1.959998414165931 0 0 0 2.1243503790233751 93 1065 87 1341 95 1136
1844 -0.20521103725287057 1.4251285089969099 1.8405571534276881 0 0 0 0.6747505884644478 10 1505 48 1497 87 1343
1845 0.42550537441415842 1.0148867999361482 1.5074109605604415 193 204 236 0.28487118907237724 7 1281 87 1349 95 1227 41 1243 25 1153
1847 -0.10363599678645791 1.967192444218461 1.4923189586875789 230 192 58 0.59042060988618861 7 1354 87 1382 95 1284 24 1137 62 1167 53 1085 82 1099 36 1154 71 1036 89 1009
1848 0.1072576305612444 2.6712665239763997 1.4886244451804398 35 28 30 0.68275768371695689 10 1598 87 1391 95 1262 41 1275 24 1046 62 1067 25 1093 16 999 91 1086
1849 -0.073717372402837628 1.2448485817843316 1.7428624510850192 31 33 37 2.2613550107709144 7 1380 87 1403 24 1147
1850 0.84532671246915325 1.0439420778661963 2.014588799812294 190 138 71 0.88651187301826717 61 1423 87 1416 24 1117 7 1329 62 1148 53 1060 91 1181 82 1084 43 1079 89 995 34 1198 12 1116 27 1281 76 1255
1853 -0.047469476113770649 1.4827366944288609 1.9651307506122722 0 0 0 1.2897055503825476 93 1315 87 1433 95 1300 41 1322
1856 -0.5655138879648538 2.5147971261345261 1.3727308421463016 13 17 24 1.6779690264532365 7 1406 87 1458 95 1336 41 1356 25 1248 91 1210 82 1151 36 1216
1857 -0.14694204559070215 2.6739684573608358 1.540864623109494 67 77 78 0.23100409203007244 61 570 7 514 87 323 19 545 42 488 48 658
1858 -0.25632832874183648 1.8681271214484603 1.5792613670185573 124 86 17 0.66573951315495572 48 1048 61 1276 7 878 87 814 93 68 10 785 95 724 41 430 24 662 62 670 53 655 25 311
1860 1.2137431821398637 1.9892473590233131 2.4981330712103036 237 219 183 2.0781614834930742 96 286 19 254 42 179 48 855 64 513 7 929 87 1176 98 1122 85 1077 93 1159 48 1537 31 1132 10 1545 61 1451 7 1236 64 1085 79 773 87 1392 95 1059 95 1264 41 1278 25 1121 16 1032 91 1190 44 897 32 888 15 1077 50 1275 20 1302 50 1296 3 934 72 980 26 1209 25 1182
1861 0.32430574262005446 2.5184015305493803 1.7246239024581214 85 82 77 0.66700137903157375 96 885 31 879 19 898 99 828 42 1223 38 710 29 716 48 1237 61 1393 7 1139 64 1145 87 1117 90 739 98 730 85 725 93 1031 95 989 41 1008 24 942 62 945 53 829 25 828 16 745 91 829 82 861 6 779 36 723 21 546 32 654 20 1082 72 629 26 723
1862 0.33893581329266664 0.79238757590144726 1.8135750706839655 125 100 22 0.15261347824023494 87 13 95 18 41 18
1863 -0.66298988847136708 1.6990458826995976 1.0577454809658027 254 231 73 0.10089807699024567 87 33 95 19 41 14
1864 -0.66298988847136708 1.6990458826995976 1.0577454809658027 254 231 73 0.10089807699024567 87 34 95 20 41 15
1865 0.26705248213793681 0.88975494388079834 1.7437909652970767 70 71 74 0.23332485878998774 87 22 95 23 41 23 25 305 16 330
1866 -0.51288926205054008 1.6225067607920387 1.1861073126768968 174 140 48 0.041543136898039144 87 43 95 25 41 22
1868 -0.4387762039620447 1.6747867669838812 1.6370947793294943 255 241 65 0.076559130241616064 87 51 95 33 41 34
1869 -0.70279902858483378 1.9621493387628615 1.208607108596109 102 58 8 0.047522428546795115 87 58 95 43 41 385
1870 -0.41682120961931807 1.7278438637366824 1.6875664266614039 254 236 63 0.1710056790508428 7 144 87 493 95 44 41 44 24 83
1871 -0.42993736665071802 1.7868933753651715 1.6762334750993411 138 91 14 0.093383704538495829 87 498 95 47 41 54
1873 -0.35507844628420299 1.7045161989315631 1.3305172428428031 166 108 16 0.11051611535324941 87 61 95 49 41 392
1876 -0.084887182181052928 1.5849003280796887 1.8958231910574386 125 80 14 0.22082603213952878 87 73 95 55 41 65
1877 0.53451121906830723 1.0282765224705033 2.0559662847163347 184 105 15 0.064027740768476213 87 74 95 63 41 75
1880 0.50322459519047191 1.0893636958344219 1.98591025804875 187 105 13 0.10033949064234136 87 84 95 71 41 82
1953 -0.20007321598291894 1.8931666630990791 1.5405245000558168 255 214 60 0.21454380378356969 7 711 87 134 95 437 24 138 7 207 53 486 25 54 16 48 91 61
1954 0.51443747545344898 1.1161588108224216 1.3526203802550858 195 207 234 0.18700044174723843 87 546 95 440 41 467
1955 0.58668110550220165 1.1216722663820595 1.9145442879817374 195 118 24 0.023438904007956118 87 550 95 442 41 468
1956 -0.22080795720021054 1.9347729890127845 1.4634257906256225 253 225 59 0.14373662128708847 7 228 87 573 95 444 41 463 24 160 20 435 91 330
1957 -0.68207476556714641 2.4684776184208026 1.3195812513981489 110 109 98 1.7786019057482885 87 832 95 455 24 934 7 1074 62 946 53 857 89 802
1958 0.54876901416853252 1.2032716168958388 1.8245740881489321 255 221 54 0.027990638760414244 87 566 95 457
1959 0.32589251396150881 1.4542649167193649 1.3595318359812458 96 108 135 0.11463787051653185 87 157 95 475 41 143
1960 0.75020289762634218 1.1140343262529229 1.8685059361483167 254 236 77 0.11222306614693005 87 588 95 484 41 507
1961 0.77620962912723246 1.0986637531417101 1.895428604305387 255 239 76 0.33004221454863547 87 590 95 487 41 513 53 537
1962 0.70991807190721556 1.0652265741543028 1.2514011155291453 254 251 80 0.29149766487612677 87 586 95 488 41 516
1963 0.34030021991509934 1.5225183051739293 1.3953025705055848 43 53 76 0.43599106497965706 87 835 95 490 41 514
1964 -0.45208311704144472 2.4238858122915476 1.3406901794365604 9 9 6 0.11079675954504088 61 1188 95 493 41 511
1965 0.48624751837812291 1.4212027266734493 1.5648984387879383 82 93 119 0.14897595342361811 87 181 95 498 41 523
1966 0.22875822396711246 1.8130257527277787 1.6643278112460229 107 88 22 0.12283704060702551 87 845 95 514 41 534
1967 0.22875822396711246 1.8130257527277787 1.6643278112460229 107 88 22 0.12283704060702551 87 846 95 515 41 535
1968 -0.55790940479451145 2.6962284288238361 1.4065671293869866 1 2 2 0.097634470105224955 87 642 95 519 41 186
1969 0.39417217368669999 1.6133509926203202 1.5501435153848651 43 52 75 0.201867746236808 87 623 95 523 41 193
1970 0.39417217368669999 1.6133509926203202 1.5501435153848651 43 52 75 0.201867746236808 87 624 95 524 41 194
1971 0.77345088778332671 1.2377851504789275 1.3256756912819012 254 230 72 0.23575840643439239 87 635 95 559 41 570
1972 0.81652470589075909 1.5774566931934535 2.830822590375718 226 213 179 0.88568533369899782 87 654 95 564 41 580 91 487
1973 -0.04210457966887441 2.3195277238232284 1.5382490038845089 4 4 4 0.16303584154543724 87 662 95 574 41 577
1974 -0.04210457966887441 2.3195277238232284 1.5382490038845089 4 4 4 0.16303584154543724 87 663 95 575 41 578
1975 0.83735248026498244 1.649311434406433 3.0320349033449898 228 214 180 0.2629644145644493 87 658 95 577 41 593 25 526 16 660 91 493 20 622 72 566 26 634 39 464 97 605 74 588
1976 -0.53019447384826013 2.8736473173176451 1.2689033866351858 56 44 44 0.27666109872351213 87 674 95 580 41 576 25 76 91 100 20 159 26 225
1977 0.90461344633839136 1.2331459957551414 1.6999263078605995 254 232 69 0.14277135742948976 87 653 95 584 41 596
1978 -0.28652074247051168 2.7019661684608201 1.4929524747320151 5 6 8 0.09589512405652903 87 682 95 586 41 600 91 141
1980 0.93795984650095787 1.2002016572494532 1.5095591600775002 254 229 66 0.73408447526632714 87 244 95 592 41 612 91 593
1981 0.92025300998035386 1.2648053213752544 1.6335144231514653 205 125 35 0.16047704242547303 87 659 95 595 41 613
1982 0.31888764287205612 2.129648161047776 1.9550840813132471 122 92 22 0.20086978060342917 87 681 95 598 41 611
1983 0.44398931779080519 2.0564217554648443 2.0057378796847889 223 202 157 0.38070392439783224 7 733 87 876 95 609 41 616
1984 0.50440353567782836 2.0773888453772664 1.9978383844633645 217 197 159 0.3389328219193623 7 744 95 612 41 623
1985 0.49236523471314836 2.2110787842530208 2.2107417111324832 221 202 163 0.10809801677048152 87 703 95 614 41 625
1986 0.55508870617269912 2.1890089575153882 2.236968071860939 226 209 169 0.082733125210575756 87 706 95 618 41 628
1987 0.084304895708712552 2.6313432174034523 1.5620680193343834 88 97 97 0.22890200440413658 64 744 95 621 24 578 62 364 16 125 91 208 71 93
1988 -0.78560590888776094 1.623003225910743 1.2690071507348533 255 230 74 0.095919953996379995 87 742 95 655 41 664
1989 -0.68342913696387186 1.5315233989232087 1.3481662705059001 255 231 73 0.22277626031229023 87 741 95 656 41 665
1990 -0.62383424713300928 1.5120770639471648 1.3771719007164074 255 232 74 0.11857130781464693 87 748 95 657 41 667
1991 -0.7511583727229405 1.6435232697420741 1.191284811741091 255 226 72 0.047232880337002188 87 752 95 659 41 668
1992 -0.54366911729906719 1.4899663634738103 1.4171349738056698 255 243 70 0.16279807465730303 87 754 95 660 41 670 25 543 16 511 91 507 72 367
1993 -0.58640143197266947 1.5512477900649859 1.3384551994792806 255 232 73 0.95667889751332325 87 756 95 662 25 749 16 677 91 505 44 645 92 698 72 365
1994 -0.55490536623683218 1.5738295008758441 1.2684076885559878 255 231 73 0.061599124999586335 87 766 95 667 41 671
1995 -0.55490536623683218 1.5738295008758441 1.2684076885559878 255 231 73 0.061599124999586335 87 767 95 668 41 672
1996 -0.46647992696314738 1.5004494892887619 1.3763646143631192 255 233 74 0.044884967595499668 87 769 95 670 41 674
1997 -0.5811430015964747 1.6251116912561803 1.1882081975212693 255 226 72 0.27170193469455023 87 770 95 671 41 675
1998 -0.49169119761518615 1.5524693209076832 1.2967780898811978 255 233 74 0.088543850849801861 87 771 95 672 41 676
1999 -0.49169119761518615 1.5524693209076832 1.2967780898811978 255 233 74 0.088543850849801861 87 772 95 673 41 677
2000 -0.51333940845547454 1.5993880274704233 1.2091549557894534 255 232 73 0.080861767278019289 87 777 95 674 41 679
2001 -0.51333940845547454 1.5993880274704233 1.2091549557894534 255 232 73 0.080861767278019289 87 778 95 675 41 680
2002 -0.43384564338178971 1.5335296102454956 1.3249036812891928 255 233 74 0.1058104740756413 87 774 95 676 41 681
2003 -0.43384564338178971 1.5335296102454956 1.3249036812891928 255 233 74 0.1058104740756413 87 775 95 677 41 682
2004 0.30050716390464971 0.97009406429435008 2.0524818699710643 161 95 13 0.24766624218629854 87 986 95 686 41 690
2005 -0.60789890800189106 1.8245443484517836 1.6780678441022607 167 173 192 0.16078957260736679 87 488 95 687 41 689
2006 0.31747168587669494 0.94508036853341015 1.6660433801915433 13 14 17 0.4308701310591469 87 481 95 689 41 692 24 615 7 18 62 617
2007 0.34256817262591377 0.93994123995922974 1.6008353018482528 190 203 232 0.17371532993768257 87 782 95 691 41 694
2008 -0.7677816505496845 2.0618688379182792 1.3449386763203135 163 136 49 0.18393642739871774 87 790 95 693 41 896
2009 -0.50153428451697923 1.8456462531485744 1.7021635471164953 47 38 30 0.10457118968027677 87 792 95 695 41 695
2010 0.40417419517623837 1.0725204685767511 1.9714233446794993 255 237 63 0.10407305211733779 87 793 95 703 41 703
2011 0.46670023543955413 1.038664320389256 2.0568627296387807 250 198 48 0.42238213571463418 87 794 95 704 41 707 44 714 92 772
2012 0.47415531063394645 1.0337171376776602 2.0474743114894274 250 198 48 0.23829448450527643 87 795 95 705 41 708 25 603
2013 -0.51920281167195959 1.9992642549339177 1.2792358902703762 234 181 45 0.25800597204121051 87 1006 95 707 41 705
2014 0.53053894829488135 1.0175657630337875 2.0808802744158172 253 200 50 0.88237765084763409 87 798 95 709 41 715 24 609 7 580 62 610 25 609 16 582 89 537 71 671 44 717 92 777 91 786 72 404 84 430 39 336
2015 -0.38842863613101825 1.9031907211974366 1.5810938738615532 249 203 59 0.10112723831959064 87 531 95 710 41 710
2016 -0.052956968247051796 1.6126300212114235 2.0343218566193046 200 203 222 0.36398287771324939 87 87 95 712 41 713
2017 -0.32013229046688779 1.8094603528331594 1.2310017822229822 48 61 88 0.085934230210895371 87 807 95 713 41 711
2018 -0.28798383073549766 1.7812259173133154 1.2874918259736945 113 74 12 0.060494500666227115 87 806 95 714 41 712
2019 0.58926126209603058 0.98556149792261349 2.1115576402418399 250 199 50 0.28383857798182194 87 800 95 715 41 718 24 605 62 604 53 529
2020 0.59488371703538867 0.97739933187670491 2.0980649678087633 250 199 50 0.062326195759733798 87 801 95 716 41 719
2021 -0.13210654494078289 1.7359687454206543 1.7794376702657391 127 93 20 0.086970370683976173 87 811 95 718 41 721
2022 -0.09845312237424042 1.767745896131617 1.7244520783656705 127 95 22 0.10834893216035395 87 816 95 726 41 726 44 519 92 564
2023 -0.11790523033180211 1.8340551270028023 1.5953864930687154 219 181 51 0.040396734165649185 87 820 95 729 41 731
2024 0.70585496466205355 1.0161884608306686 2.0731603057204215 254 237 90 0.089252780841066817 87 549 95 730 41 732
2025 -0.28068814117160096 1.9874275758353623 1.43232571538359 71 59 13 0.080673739331103264 87 822 95 731 41 728
2026 -0.90969251787398642 2.8843661900721957 1.309501321678044 0 0 0 0.62078560066224586 87 841 93 1163 95 744
2027 -0.13095921610314226 2.056177812654064 1.4313466391779572 129 142 172 0.4124913913861657 87 840 95 748 41 746 25 580 16 545 91 360 20 450 50 550 3 396 26 477
2028 0.62270684312083202 1.225006165497087 1.3603800517372795 141 123 35 0.36370505736933739 87 833 95 749 41 525
2029 -0.82569976500328113 2.8893309447857569 1.1835719223580228 0 0 0 1.5432967119063601 48 1566 95 752 41 933
2030 0.4026892637464074 1.8119918413157339 1.8957201552233387 39 35 26 0.059026949790407436 87 858 95 762 41 760
2031 0.13430519751969774 2.1230241808936818 1.6829342902773454 23 17 9 0.076153685445419492 87 862 95 763 41 569
2032 0.97360714696639483 1.2765929190627132 1.5645213195108447 254 251 72 0.19855522915304857 87 871 95 790 41 787
2033 1.0031309127138954 1.3071956553595772 1.6046416380085164 255 229 67 0.23830018141138404 87 875 95 792 41 792 91 626
2034 1.292660375782605 0.66248501870062382 0.70897580941713845 254 227 68 0.89460030241661137 87 865 95 794 41 799
2035 0.64772771749082259 2.0877799319862396 2.3384626323948337 234 218 178 0.4624132159711733 87 894 95 795 41 798
2036 0.83130747500264002 2.0252656025465563 2.4195010255143532 233 217 179 0.23757374774211973 87 910 95 811 41 812
1412 1.2806452858413118 2.2027753991612413 2.1304688913590546 229 212 174 0.039991166493709179 98 1134 85 1096 93 1194
6499 -0.79035793246501795 2.9444950637949305 1.2053969736159398 150 149 136 0.64277169076889717 65 651 1 497 35 154 33 182
6126 0.43031274342486636 1.0601665116477299 1.4246650272435935 137 148 179 0.31446284702657834 8 652 73 602 37 277 17 644
1039 -0.060143511220269834 2.5098197742015733 1.670116060565453 5 4 3 0.79730493458714802 38 702 29 703 50 221
1413 0.65087549653130772 2.4102594754662188 1.86699607753262 221 207 170 0.25513136360058053 98 1142 85 1099 93 1189 10 1460
6500 -1.0425591915610875 2.0940223504877427 1.6167386987416426 42 42 39 0.37442376170517022 33 345 65 741 1 550
6127 0.51182237572024913 1.1448471773074627 1.3682684470051336 22 25 30 0.26560031872028067 8 386 73 603 37 278
1040 -0.53123764239184956 2.5761245070508765 1.3581418688525759 24 25 28 0.13636310921734501 51 466 29 707 90 362 98 267 85 223
6128 0.30511248964366305 0.82450860807737447 1.8492430310655359 151 135 53 0.30412685725640198 8 656 73 605 37 526
1041 0.45750186720672043 2.4700223704563475 1.8026708057062313 204 189 155 1.0311831694683711 38 703 29 709 90 930 98 1013 85 982 93 1182 15 841 50 716
1415 0.25409555897319441 0.88368926953762561 1.7454749560120213 126 131 146 0.99353936117837804 98 1044 85 1126 93 1279
6502 0.30525905776541645 1.255988443303008 1.4283136298053782 23 29 39 0.5334036388999992 33 414 65 958 1 621
6129 0.2501289919183517 0.81699644231895918 1.9269592382513427 152 124 39 0.086810327307855026 8 658 73 606 37 527
1042 -0.79097887183003945 2.9088670749917007 1.2418133569826164 139 140 131 0.18417823101644892 38 745 29 741 90 527
1416 0.92943520098287669 1.0582741711752053 1.9586617025243069 0 0 0 0.49723742904111562 98 1178 85 1132 93 1211 79 238
6503 -0.9123933167226369 2.3057427371591648 1.5060199456158689 106 97 29 0.65616294268703235 68 507 1 731 35 423 14 543
6130 0.20059341962078675 1.3766383104987914 1.440817992111707 94 84 78 0.075096299108210127 8 666 73 616 37 537
1043 0.26983079977272972 1.2273170604889843 1.7209336626682699 244 209 74 0.10212261049795879 38 930 29 763
1417 0.37991422835285932 1.5474005287001829 1.9144381594587121 0 0 0 1.4504209408859479 98 1189 85 1147 93 1227 81 653
6504 0.32883618987192442 0.75786615078237107 2.0306019322506326 0 0 0 0.21267877482750042 21 1110 1 754
6131 -0.038525101697981561 1.1747275272852356 1.7539251598296652 103 64 8 0.067974440428663699 8 670 73 620 37 539
1044 -0.096973225498205695 1.3900532673647532 1.9314044209653816 10 11 13 0.58805311207821542 38 776 99 648 29 775
1418 -0.84756290838117776 2.0134779124191895 1.6024943919933319 10 12 16 1.9008522998329109 98 1085 85 1150 93 1228 10 1300
6505 -0.76331038873377821 2.4172401685728717 1.2544008530002739 95 108 138 0.33225064813645361 33 433 1 771 35 421
6132 0.43045285837921349 1.463136841883568 1.5396080113705142 0 0 0 0.31114413953082382 8 951 73 622 37 545
1045 0.35871054847637035 1.6331348567390145 1.5483581941539581 103 90 25 0.19035123365088158 38 792 29 786 77 513
1419 0.68784895715884375 1.6007408645624424 2.9007511717048202 0 0 0 2.1734955766612751 51 1135 85 1159 15 955
6506 -1.1583154879312849 2.677898006236259 1.8202009663106695 0 0 0 0.18489547567642048 58 617 1 813
6133 0.27999327044410605 1.4805671070871449 1.4894176526485789 182 138 37 0.021906622285868645 8 671 73 623 37 543
1046 0.452228294904087 1.7625375370198342 1.8568561734274263 162 132 101 0.44824300423456059 38 568 29 794 77 83 81 204 23 223
1420 -0.82821741132387561 2.2520288118823495 1.273807878090087 104 113 137 1.0370028258947865 98 1099 85 1160 93 1300 10 1590 79 751 81 477
6507 -0.7807415421714945 2.2940901189081808 1.3845031064924949 96 57 6 0.20837505202470163 80 417 2 430 1 106 58 117 68 91 33 83
6134 -0.00087031734960179435 1.2023310757644914 1.8164728694242855 244 193 53 0.1137292558834806 8 673 73 626 37 541
1047 0.38969438358999126 1.7895250244382881 1.8365650608517898 111 91 24 0.31730097009114289 38 811 29 798 98 824 85 794 93 1110 10 1045 79 671 15 932 50 874 23 533 81 473 49 493 67 528
1421 0.32242574540721203 2.043326460402179 1.9777173340667464 118 95 24 0.72506131752115877 98 1203 85 1164 49 654
6508 0.48958523871095416 1.1430968933771559 1.3832015328367009 50 46 30 0.94545599829595162 31 1211 32 966 77 782 56 792 80 847 2 857 58 518 68 484 33 411 1 613 60 1040 65 842 35 323 14 445
6135 -0.0086449958010413885 1.2041994884171323 1.8570326058334954 102 101 110 0.12954731016487198 8 677 73 628 37 547
1048 -0.52230984965929883 2.014811720982487 1.4338719744592008 254 220 73 0.3973771799477826 38 581 29 805 90 828 98 1091 10 1309
1422 -0.53701812612443922 2.5099318318532262 1.3160105109983511 43 50 71 0.4971607590827955 90 1123 98 1206 85 1169 93 1238 10 1349
6509 -0.99845833487829194 2.142045922783717 1.704695652143478 112 98 29 1.5040791473438233 58 484 33 486 68 462 1 770 80 878 68 542
6136 0.30998912078303359 1.5266381348807119 1.5307132403634491 182 138 37 0.071386493843974302 8 674 73 629 37 550
1049 -0.17169746697684318 1.9889234280234205 1.4335540307562145 243 202 57 0.17072566687608701 38 819 29 807 77 352 56 93
1423 -0.58742291732246921 2.5926999726787323 1.341566791667113 49 50 65 0.19677291944202896 98 1123 85 1173 93 1242 10 1365
6510 -0.94841253508280332 2.2403545225543464 1.622010098325978 99 92 29 0.94015124608268419 2 771 58 492 68 466 1 730 60 997 21 987 65 995
6137 -0.88283300565138167 1.5880189973103906 1.3341848083741392 174 121 24 0.14496375491371558 8 685 73 635 37 311
1050 0.63121082989687405 1.7012120777255131 2.946643187054288 86 57 40 0.15327035108541062 51 950 29 811 90 840
1424 -0.61208713608650434 2.8332958418684551 1.3228929005063845 142 146 142 0.94537264866230619 98 1219 85 1187 48 1565 79 710
6511 -1.3660613566918935 2.3963062501807508 2.1131792334237813 59 41 30 0.6846007873676766 96 411 19 387 99 413 42 404 31 313 32 271 80 485 2 521 58 341 68 316 33 287 1 491 21 357 65 458
6138 -0.22040600348719211 1.5108083387555933 1.8344837995384307 115 70 9 0.082035431255299995 8 692 73 643 37 575
6139 -0.95258172555102616 1.6495134075968423 1.3882581828025888 70 65 63 0.12359009169467312 8 698 73 647 37 558
1052 0.09585102372599183 2.0191289421574909 1.7505621615999925 51 49 57 0.49524217873883031 38 835 29 821 90 624
1426 0.24631429679804687 2.6887543999064847 1.5072113848711122 88 88 82 1.8522720394030112 42 1396 85 1201 32 817 31 1055 80 768 2 839 50 1129
6513 0.32353586139849982 1.6035423595027396 1.9836625136872579 14 22 38 0.15069825342197793 26 214 97 125 74 105
6140 -0.96393054965419045 1.6858646738738208 1.4003239866051469 254 197 54 0.05087548085919736 8 705 73 653 37 573
1053 -0.064162729747092778 2.0899827700102529 1.4612454881653751 83 68 18 1.0782955906346485 51 706 29 822 90 625 90 628
1427 -0.43242994623656639 2.9360698575697963 1.3514367696397844 88 88 82 1.3043259853955589 29 1089 85 1203 93 1257 50 1212
6514 -0.12608321560709512 1.9503075567670098 2.6622343486517872 63 44 39 0.14508312637678056 39 118 97 185 74 160
6141 -0.14842765137921968 1.548251342760675 1.9702142272378453 252 191 52 0.2899556481509023 8 874 73 657 37 602
1054 -1.3533628008780254 2.3755568604909607 2.120391578744119 97 67 49 0.44223701004728427 38 856 29 837 81 95
1428 -0.79104732170912007 3.092713851043964 1.6886451637688635 86 85 80 0.47258923397496833 98 1237 85 1204
6515 -0.024593092920409003 1.9275055041303197 2.6831879077794443 233 216 178 0.1508104698599006 39 256 97 192
6142 -0.5060005055996335 1.6663566051092882 1.67334203602695 171 106 21 0.14484087416311078 8 708 73 660 37 595
1055 0.42787470903182756 2.2624969099307588 1.7598120440715441 3 2 3 0.17028923504338356 38 854 29 839
1429 0.35117949881648647 0.744369085325021 1.8032934331048351 251 238 75 0.00056768834435122224 98 1244 85 1206
6516 0.65329166979150888 1.6957433474054182 2.9744162775820882 66 48 36 0.20058243806770717 91 260 97 254 86 432
6143 -0.60773439150872877 1.8999475774650467 1.3502854783625649 162 97 15 2.4110869809912643 8 712 73 662 37 604
1056 -0.051897499606030982 2.4584745063555995 0.59235068887555609 81 65 15 0.15707978265856376 38 862 29 850
6144 -0.17746367792170939 1.605360078070684 1.9267855968898815 114 73 12 0.14794173867936841 8 713 73 664 37 362
1057 0.3716626324150501 2.3899479096652985 1.8012849919765006 13 12 10 0.81265856897273281 38 869 29 857 90 725 48 912 61 907 7 453
1431 -0.71577237133404303 1.7652588401384834 1.117277223141123 90 63 12 0.45690938013907784 98 1182 85 1217 93 1285
6145 -0.7711710708241194 1.9670215837424454 1.2022907886920522 178 129 31 0.10448944841724443 8 716 73 666 37 596
1058 0.37686853341560295 2.3863340189246069 1.7971827017963569 13 12 10 0.12271813139985435 38 870 29 858
1432 0.62266011777486729 1.3954098546854696 1.5701665687867914 0 0 0 1.9591125026440863 51 1339 98 1255 85 1218 93 1288 79 792
6146 -0.76012096793541684 1.9843371773819642 1.2284931579156297 127 80 22 0.033714660892126595 8 721 73 671 37 606
1059 0.84598493047407364 2.336761579073074 1.8445340962090053 112 91 77 1.9478789010679955 38 673 29 861 90 906 77 151
1433 -0.29866408111815057 1.8884688203084423 1.3775382088504045 112 95 26 0.2492443005603002 98 1267 85 1224 93 1295
6520 0.33683301137499727 1.8301889283827859 2.0966125945476257 22 19 16 0.096426499967017285 59 452 97 439 74 418
6147 -0.11111138782285729 1.644261096560699 1.9905981524718555 254 197 54 0.071221910191886617 8 728 73 673 37 751
1434 -0.35068121464443924 1.9453163895244669 1.3988989979613666 254 218 71 2.0210367253476789 98 1269 85 1226 93 1098 50 850
6521 0.40502682140981117 1.8793913996482345 2.0027799628385194 26 25 22 0.14193411155862024 59 645 97 441 74 416 86 509
6148 -0.48452585365221329 1.712282078220031 1.7189197550465634 178 109 19 0.11172965242145654 8 725 73 675 37 610
1435 -0.0027752166893462854 1.4986195194544862 1.8553296434973339 0 0 0 0.76776801831637376 98 1289 85 1245 49 562 67 590
6522 0.33812675626171818 1.8787604298698561 2.1265490062751864 34 30 23 0.26360112106294015 70 549 97 445 74 423 86 400
6149 -0.14476708242344849 1.6574611596582884 1.9695610666465448 112 71 12 0.077562837529076098 8 729 73 677 37 616
1062 -0.30164793571375131 2.5634693282932672 1.7062533081938673 55 51 45 1.1665960250099301 38 707 96 1120 29 874
1436 -0.85310589074651666 1.8103255643211109 1.4756346250754226 62 62 67 0.44441833596744568 98 1259 85 1247 93 1286
6523 0.44458304969358714 2.0205515604216333 2.0336593544108847 181 179 190 0.32526735241941818 26 711 97 559 74 543 86 583
6150 -0.76066879819945243 2.0449613152546813 1.2698256042989116 55 55 63 0.072398188320802678 8 736 73 683 37 615
1063 0.021828418014426299 2.595196082080947 1.6323353286391973 4 6 6 0.09665462278173971 38 892 29 882 90 941
1437 -0.77962246821233361 1.9586338561008816 1.6232664489412358 12 10 10 1.3935662384621983 98 1313 85 1249 93 1318 10 1607
6524 -0.18215837383239161 1.9671404110606305 2.6412871166141683 77 51 40 0.29761792251795915 26 513 97 563 74 546
6151 -0.93710174222864151 1.8239175286675662 1.4976171659105624 172 106 19 0.11466418810447761 8 741 73 685 37 614
1438 -0.095595905789688601 2.7361291665068799 1.3850873261129493 42 32 29 0.33250652393792973 98 1309 85 1261 93 1328
6525 0.33222457669362365 2.3352174374121701 1.9231101538377422 25 22 17 1.1591521383946268 72 187 97 566 74 548
6152 -0.76980797370305509 2.0833792589743103 1.2793565371557507 196 138 33 0.023453832651389051 8 742 73 687 37 618
1065 0.08138181008360959 1.0983611851960893 1.7395686796624135 0 0 0 0.43734637695609457 19 1252 29 919 48 977
1439 -0.0070290646082317929 1.6036059951315911 1.7182955994619986 206 178 66 1.0623344225715106 98 1312 85 1269 93 1341
6526 0.41930593858296367 1.780002021867227 2.7597383538665379 54 36 24 0.92064128938563172 39 264 97 592 74 574
6153 -0.32893265151813844 1.757136661963191 1.9315751770962446 235 178 46 0.30354754395483907 8 744 73 688 37 624 17 981
1440 -0.0059939695367973167 1.4335921076600122 1.9017640781955369 0 0 0 0.82643443589182419 98 1328 85 1279 48 1659 61 1592 7 1385
6527 0.71098003438681112 1.3717097040066955 1.4846889332512887 255 226 55 1.9847124665763591 39 700 97 612 74 599
6154 -0.61334234977163471 1.8201179256973385 1.8621126710326212 254 197 54 0.15592553823140118 8 754 73 696 37 764
1067 0.8782139221900378 1.1948646783740569 1.4210631375476259 139 108 27 0.54650637243728106 38 924 29 924 23 570 81 518 49 540
1441 0.22782512520136114 1.1376492481949227 1.7545103001930473 18 14 15 1.4309340061705751 51 1355 85 1292 48 1674 23 710 49 674 67 711
6528 0.32977676788688809 2.3978023009875535 1.9400210130568405 201 181 142 0.28020239002519137 72 632 97 660 74 633 86 595
6155 -0.74607152872333504 1.8375822829941439 1.8096122072219918 34 30 26 0.039055357522640548 8 756 73 699 37 636
1068 -0.85668193444528895 1.5151524998022452 1.4324596193679766 255 229 74 0.42147406708112767 38 939 29 938
1442 0.21077750365603157 1.1361327551664873 1.7757875153531795 18 14 15 2.0040126689779902 98 1340 85 1293 61 1601 79 875 49 673 67 710
6156 -0.81164414162893472 2.2797894150204727 1.3757280224888992 115 119 135 0.25529502310489877 8 764 73 709 37 644
1069 0.72824008877645474 1.4357476537945617 1.4815446161497887 29 15 0 1.4540301401650999 51 921 29 942 98 804 93 1084 10 1019
1443 -0.71734950213792548 1.9479652492262103 1.1879445100083939 105 91 27 1.0781773582456917 98 1344 85 1298 81 669
6530 0.61214273393330088 2.2087717805720599 2.2008153981994889 235 215 171 0.33083025633443353 72 648 97 683 74 664 86 600
6157 -0.025996331229616747 1.8997324309308268 2.3853517213345068 127 121 133 0.13080185919753307 8 767 73 711 37 650
1070 -0.70932460693718768 1.8134137816679181 1.0982291981066905 105 92 27 0.48396431861356337 38 951 29 957 90 1093
1444 0.42175326417469844 0.88415493727481287 1.7089883986076966 150 129 42 0.041610921110473001 98 1355 85 1308
6531 0.49342188035147272 1.8572540709215821 2.7588612488003261 240 218 171 0.36083635227358385 59 753 97 716 74 704
6158 -0.85544460446031734 2.3270578097380183 1.3772023793613533 94 112 146 0.12081126080047307 8 769 73 714 37 136
1071 0.19995929648346772 1.7408290364967305 1.6270061960009425 149 118 29 0.36874081840384121 38 806 51 1132 29 971
1446 -0.99678805071113719 1.9681521519860548 1.2413850148784331 0 0 0 1.3433034099503678 98 1359 85 1311 48 1695
6533 0.30559576752096845 0.95687128393563081 1.9309549843047111 174 104 13 0.26663923968367886 72 844 97 849 86 555
6160 -0.99008339613918606 2.1283653738740544 1.6712123805610277 89 73 13 0.49833028511771543 8 776 73 719 37 774 73 853
1073 0.12347084826978294 2.0050832010598474 1.5435957874702033 16 14 17 0.27896216292898718 51 1146 29 984 90 1025 98 1105 85 1058 93 1119
1447 -0.40602293250470023 2.7959092741694662 1.3246422937385669 41 30 27 1.5470469065339782 38 453 29 445 90 509 98 527 85 473 85 480 31 1163 96 1156 19 1390 99 1094 42 1507 51 862 38 731 29 452 90 513 98 531 93 450 93 736 48 1464 10 1226 61 1492 7 1268 64 1320 87 1300 32 919
6534 0.82353114831187213 1.2773016039625857 1.3704714704630605 0 0 0 0.99132128737687131 39 761 97 934 74 922 86 670
6161 -1.0231674056581941 2.1293165184025455 1.6556955958028923 110 106 118 0.15639185007269527 8 532 73 721 37 649
1074 0.32590454525112311 2.0467510622765186 1.9461760890072028 118 95 22 1.2706695690128889 38 980 29 988 90 1114 96 1335
1448 1.4395054069392301 2.2898669249159855 2.0647185570692783 86 86 80 1.504760918529628 96 1080 19 866 51 1040 85 1110 99 1017 38 1003 32 641
6535 0.70913978722514903 0.90966635693648634 2.2320852328503471 255 227 66 0.12764920337951136 72 973 97 938 74 952
6162 -1.0266267714150212 2.1771756581900101 1.6670810735862664 159 144 154 0.21996983720703223 8 543 73 725 37 651
1075 0.25622949261591077 2.0719540290175171 1.7916018312238291 6 5 4 1.0427723217533722 38 840 29 990 77 649 56 631
1449 0.41589832605779303 2.3218246222636787 1.7414068352921157 7 6 6 2.1492049453627726 98 935 85 901 96 848 99 1014 51 1008 38 859 29 847 90 883 48 901 61 903
6536 1.4234471947464633 2.2392214795323508 1.9402608760865003 0 0 0 1.7116959129750711 39 812 59 886 70 982 97 985 4 1110 94 846 74 971
6163 -0.50765812120414 2.8167899399731402 1.3342904646542615 104 111 109 0.29109088899140773 8 779 73 728 37 436
1076 -0.23859809355295528 2.2133976336027694 1.4313664238187394 107 97 28 0.32680747776380237 38 981 29 991 90 1037 98 1201 85 1063 79 679 77 655 56 633 15 940 3 790 23 600 81 545 49 496 67 533
1450 0.55066423406430465 1.3942690367355381 1.5841868200011153 92 71 16 1.224968824108666 29 770 90 997 98 1064 85 1011 96 1193 93 1074 48 1013 10 1297 79 731 23 582 81 453
6537 0.39386164986011646 1.8028114715118988 1.9664871654435063 147 139 145 0.24546866535344017 20 170 26 501 97 433 4 530 70 529 74 410 86 506
6164 -0.77463878115415818 2.1621672635645197 2.0597259433480328 145 136 147 0.049564368165482542 8 788 73 737 37 675
1077 -1.3845756936334241 2.3491350313138195 2.162900765729173 140 100 79 1.6388415761155795 19 1331 38 988 29 994 90 1034 61 1453 53 930 82 1008 6 1109 78 1123 54 1116 5 1170 60 1113 89 925 71 841 6 1170 34 991 12 1108 44 639 92 907 27 1213 76 1247 45 886 84 734 39 483
1451 0.19417692222435126 2.4210337680217058 1.7435888269507998 54 64 88 1.2683463086059961 96 1403 99 1259 51 1298 38 1108 29 1124 90 1179 85 1257 29 1148 90 1204 10 1596 79 848 32 901 77 741 77 806 56 652 50 1274 3 955
6538 0.40576690599840881 1.9818749802118263 2.0621756287563264 27 25 21 0.32054312511381278 20 198 26 269 97 452 11 191 63 480 13 158 94 378 4 557 52 586 70 559 74 431
6165 -0.56016255586945862 1.9833680593439289 2.4541454606440176 117 77 55 0.78683176534072319 8 793 57 812 73 741
1078 0.031425219058583281 2.3258006928016206 1.6372072843222649 78 64 15 0.4751985787249276 38 994 29 999 90 1047 93 918 98 886
6166 -0.49789282056883305 2.1784784207198613 2.3401878083054561 19 18 15 0.28238011678067082 8 796 73 743 37 682
1079 -0.22566399392355166 2.4128587941932165 1.5527148777640667 80 64 15 0.99224040307215899 38 999 29 1002 85 854 98 894
1453 0.3852584151007607 1.7010240075564516 2.8656441862687676 122 88 74 0.2651068543628271 98 611 85 595 10 1040 15 793 50 1101
6540 0.82725698883673948 1.6355853559719511 3.1310242076071009 221 189 146 0.79801589744639589 50 933 26 1120 97 927 40 843 28 869 30 807 55 864 88 924 43 800 66 1101 22 888 11 870 13 1051 75 1053 63 1036 94 810 4 1060 84 775 52 1017 70 935 59 843 74 889 86 732
6167 -0.54598684082788596 2.18006582484024 2.360744572676587 219 201 162 0.021992393305329441 8 798 73 748 37 481
1080 0.024941498219652167 2.3756445858362953 1.6736210073621596 77 67 17 0.17137780983674239 38 1000 29 1003 90 1053 85 1078
1454 0.49236006154069689 1.7581931909443076 2.8957716142291239 105 75 63 0.10867813390618826 98 629 85 606 79 80
6541 0.63166574425307132 1.2279201295171132 1.3958184059285366 218 117 11 0.085338792962234275 97 56 74 61 86 315
6168 -0.89455039778453049 2.5667874669933157 1.7433051736480403 132 123 102 0.18736421670172854 8 804 73 752 37 483
1081 0.24757238566691833 0.88548789937537975 1.7523528882388122 59 64 78 0.26056623704722082 38 1076 51 1278 29 1027
1455 0.74735414851733151 1.7090724946311939 2.9927504624942545 227 210 170 0.34896341872902087 98 847 85 811 79 322
6169 -0.95667063082676218 2.5879053269925949 1.7187754778608311 142 131 108 0.12165185139452539 8 806 73 758 37 487
1082 -0.15071473846663799 1.5856711499112452 1.8752216248739029 137 92 16 0.49106009218220292 51 1219 96 1322 29 1038 90 1094
1456 -0.70721798260477065 1.6480386699191207 1.1735568609798082 171 119 24 0.065045205709789236 85 15 93 20 10 33
6170 -0.95667063082676218 2.5879053269925949 1.7187754778608311 142 131 108 0.12165185139452539 8 807 73 759 37 488
1083 -0.6586460658165626 2.1278012033752849 1.427428884770584 224 181 59 0.26917098426670527 38 1042 51 1236 29 1052 90 1023 98 1095 85 587 93 859
6171 -0.87894057500328893 2.4452601342604572 1.9639121274391722 69 71 65 0.29955601842866497 8 810 73 760 37 689
1084 -0.17552945517549495 2.1874570811664333 1.463158078103731 110 100 29 0.46764388284338998 38 1043 29 1055 98 1199 79 802
6172 0.26100229160241978 0.75423753098532742 1.8985033917419383 152 121 39 0.1336081524461854 8 836 73 778 37 708
1085 -0.17524469692701672 2.19013346194517 1.4588354218529196 110 100 29 0.14744671137369458 38 1044 29 1056 77 729 56 712
1459 -0.22106137503826542 1.8480240310205445 1.6119735351940259 7 4 0 0.20906335559295966 98 48 93 69 10 138
6173 0.5638097481749228 1.190109711332288 1.3415978441436718 142 128 51 0.45268860125360932 8 654 73 781 37 5
1086 0.28181725735574736 2.293411553053375 1.690204319357832 53 60 81 0.34185622406876753 38 991 51 1242 29 1064 90 1122 98 1208 85 1171 93 1247 10 1541 77 554
1460 0.3553899152393506 1.7386897759081577 1.7929314675269616 107 84 26 0.24501889988077499 90 70 93 91 10 170
6174 0.38280824566157234 1.0634364428465999 1.513535203409526 95 107 134 0.077331308952536801 8 839 73 784 37 710
1461 0.35485043562983992 1.9501353160165822 1.9777153360721362 53 31 5 0.59473233419747906 85 106 98 98 93 132 10 821
6175 0.37108862741093285 1.1792530840073503 1.4454458487569872 25 26 29 0.51057622899075383 8 389 73 786 37 528
1088 -0.52836699618453253 2.5150138716231503 1.2788577458317101 50 58 78 0.15886607926700835 38 1050 29 1069
1462 -0.26162384496493574 2.2782180761906625 1.5227263395029644 82 72 19 0.21276728297395833 85 646 98 123 93 139
6176 0.37108862741093285 1.1792530840073503 1.4454458487569872 25 26 29 0.51057622899075383 8 390 73 787 37 529
1463 -0.49863031920185213 2.5331167522003986 1.3504638373698974 23 26 38 0.13039055335725733 85 183 93 175 10 408 79 101
6177 0.26359717712951464 1.2852029642112945 1.454265894749313 132 141 167 0.062534138188533664 8 845 73 790 37 717
1090 -0.073525845714989907 2.8133130956633936 1.3135634040931137 0 0 0 0.041200692467167954 42 1408 80 776
1464 -0.37715666615529198 2.4978123546166584 1.4103466317836819 22 24 35 0.16502964298895959 85 192 93 185 79 330 15 119 23 272 81 402 49 239 67 280
6551 0.63204659795751605 1.1193404581766448 1.3738882382230879 210 118 15 0.092891685131179361 97 319 74 296 86 241
6178 0.27482705444488897 1.4644320208591564 1.3173434313391819 0 0 0 0.36873018370394955 8 945 73 792 37 720
1465 0.36960860549994212 2.2424401037470187 1.7234726772988236 28 30 40 0.035149386316810124 85 166 93 226
6179 0.30129800234773207 1.1654336183094762 1.8982842930485901 43 40 43 0.14504264374707163 8 849 73 794 37 815
1092 -0.67095669300812888 3.0541861420372971 1.1202692835008627 0 0 0 1.9720769587314162 99 1269 29 1094 98 1243 42 1512 7 1272 95 1177 36 1072
1466 -0.25526108073560017 2.5038590452471325 1.5656501272583412 38 28 21 0.13243089979358266 51 441 93 230 50 168
6180 0.11685816962492115 1.7528699327788757 1.7035278553050979 83 56 8 0.12686170580889825 8 869 73 814 37 590
1093 0.32532730868946963 0.68109246231323639 1.9426542887978562 168 143 53 0.69224387698142564 38 1074 29 1095 77 477 23 703
1467 0.90421412941674173 2.0488135912556111 2.3893264270278611 113 101 74 0.20543611310200757 98 159 93 247 10 503
6554 0.77271810091205007 1.24579783245118 1.3236192614672944 255 236 69 0.16257619250159305 97 511 74 366 86 459
6181 -0.53769114490489622 1.6573401772564014 1.6435878367873571 247 185 49 0.073742155672887486 8 875 73 817 37 739
6182 -0.12276679098054083 1.7103247034970241 1.8435509796563398 175 134 32 0.11141845513731363 8 878 73 820 37 750
1095 -0.73509270854917985 2.5671043871141075 1.4081917645383291 84 86 78 1.1604742156635737 38 1140 29 1125 90 1203
1469 -1.0247360723054493 2.8648860083653545 1.7092075428164268 119 122 115 3.361764039022626 98 402 93 292
6183 -0.50366091276994351 1.7090530535682071 1.6855662818932984 254 197 53 0.066537223239917898 8 879 73 823 37 746
1096 0.19485039872923526 1.3621342228445401 1.2321931549260194 0 0 0 1.1360273943062276 38 1147 29 1132
1470 0.95830987162419179 2.0885542007499445 2.3409524721791151 235 221 185 0.13574309300407336 98 190 93 295 10 859
6184 -0.74700388491240688 1.5458760403856346 1.849093252802539 148 102 20 0.29296977862796647 8 883 73 829
1097 -0.14371264245950618 1.7852883960048522 1.7257705145605888 190 158 45 0.63430600757041167 38 1128 29 1140 90 1216 98 1334 85 1284
1471 0.5604663622761058 2.237598256631252 3.4455209780330014 226 208 165 1.4880413077168266 98 222 93 297
6185 -0.49301114846630595 1.751933438403815 1.733150974102714 254 198 55 0.073840929082376341 8 884 73 831 37 752
1098 1.0924161191885322 2.3280725324240965 1.8809391398542417 76 54 44 1.1109442961238918 38 1136 51 1345 29 1150 90 1207 85 1277 79 850
6186 -0.38082352135858405 1.7667572000305061 1.9577757075287603 44 38 35 0.26885114079141609 8 892 73 837 37 759
1099 0.072193125434905081 1.6447137813333728 1.5123890630919674 190 156 53 0.69368525121848368 38 1150 51 1350 29 1156 90 1214
6187 -0.74113242796862477 2.1189129509862705 1.3438538150258186 185 138 31 0.11805845227421803 8 893 73 838 37 757
1100 0.61186213731396644 1.2544085189150498 1.3916443720044691 122 107 30 0.46290859332061812 38 1156 29 1164 90 1212
1474 -0.66901427250585976 2.95411589094094 1.0987557061921742 148 102 78 0.2028117277788519 85 508 93 505 10 649
6188 -0.76773578228003725 2.139728751229204 1.312899408245997 187 138 32 0.082037647402431302 8 894 73 839 37 758
1101 0.43524727924370155 1.4815668932033224 1.5685119553935878 137 94 27 0.48536312089342326 38 1149 29 1167 90 1231
1475 -0.12953978922006021 2.7476660073980277 1.3413045523930338 72 51 40 0.1781436276362188 90 518 93 516 10 928
6189 0.98711009305528241 1.7534631381353913 2.8967957333592516 207 185 144 0.28113946627509606 8 978 73 843 37 772
1102 0.27754859250624719 2.2595254621611147 1.6879346913363826 57 67 92 0.65757373543466013 38 1164 29 1169 90 1239
1476 1.2476100715811544 2.2236030633226784 2.1150296730483151 117 109 93 0.011966215382849036 98 461 93 522
6190 -0.44822393108361758 1.8663335271452237 1.9545852784404767 131 112 89 0.3846681321162102 8 899 73 844 37 766
1103 -0.22848050675088302 1.6646868771313033 1.780826463695899 12 9 8 0.76070182103003148 38 1161 99 1376 29 1173
1477 0.17380119760996993 1.7015113933721677 1.4222556436626792 77 93 125 0.42864431339317088 98 587 93 598 48 1045 61 1091
6191 -0.01614245814217407 1.9264222206409576 2.6657894833018982 229 213 175 1.1219374469405563 8 912 73 857 37 670
1104 -0.61685300364968987 1.759692646996009 1.3698394182025049 22 17 6 2.1973685172006734 38 1176 29 1183 90 1251 98 1343 85 1296 93 1354
1478 -0.2209353461716799 1.9249754997053417 1.4652631045038333 254 228 59 0.21540416052211686 85 69 93 606 10 1033 48 822 61 850 79 268
6565 0.3474322349066582 0.77481852357289449 1.821744860698445 168 104 16 0.30052241020140075 26 1 97 502 74 486 86 452
6192 -1.0828653394653955 2.633901635733324 1.6687211484422972 153 139 116 0.11050801448565158 8 929 73 869 37 799
1105 0.093122996344406114 2.6719585998457895 1.5885465481236121 32 25 24 1.8112042170215898 38 1181 29 1188 90 1256 98 1353 85 1306 61 1610 7 1408 95 1339 41 1359 24 1179 62 1212 53 1124 25 1251 16 1166 77 850 56 850 15 1127
1479 0.44638161759186545 1.7550777266137574 1.8679580427516285 168 150 140 0.125929541602357 85 582 93 617 79 284
6566 0.78135787405686674 1.6632348758454047 3.0036537433477704 225 213 178 0.15892997905603923 39 461 97 603 74 586
6193 -1.2158187397933671 2.2799467828414284 2.1032644672725804 221 208 171 2.008949462749491 8 934 17 1113 73 875
1106 -0.46503522670656644 2.5463596691226975 1.3709373602670238 32 37 50 0.37855314616869129 96 1351 99 1261 29 1072 38 1051 51 1253 90 1126 98 1210 85 1174 93 1243 15 951 3 800
1480 0.32488522265962544 1.9135673635255479 1.870295780908882 113 92 23 0.48473520807450965 85 603 93 632 81 216 23 234
6194 0.28048889667342297 1.1731580954323042 1.413385948245927 125 116 46 1.8470818963638012 8 940 73 890 37 808
1107 -0.934983436832038 2.7353153299051836 1.542773325934726 118 121 112 0.56482291498620918 96 1287 19 1379 42 1503 51 1179 29 889 99 1089 38 907
1481 0.32447309778719069 1.9141976484370933 1.8655040935800886 113 92 23 0.28627205376648163 85 604 93 633 81 217
6568 0.9868465772934103 1.1126105686258037 1.4357723819540569 72 5 4 1.2506821237501971 39 301 97 513 74 592
6195 0.65578594604872809 0.84490554485867575 2.0751770327901391 255 212 55 0.69354326332476735 8 841 73 891 37 714
1108 0.36086845181854638 1.5694862624705286 1.5271897501947103 152 110 39 0.062737303265820707 38 79 29 67
1482 -0.70678964941453437 2.4845896229185347 1.3692173015972189 118 112 100 0.4035314905326734 85 837 93 667 10 1114
6569 0.8526358384255156 1.1582069733691291 1.4700245681034785 255 254 71 1.5592025621103458 26 1076 74 593
6196 0.26313057537891904 1.0283378851066771 1.7584845584538136 143 112 27 0.66088934400449373 8 943 73 892 37 809
1109 -0.65629088127019364 3.0526266822784005 1.2350614690814237 0 0 0 0.69544346500585308 51 1276 29 1093 90 1153
6197 0.37984112237092593 0.89664813694657908 2.0635074768550616 255 198 55 0.19149951002288834 8 944 73 893 37 811
1110 0.51705625901320207 1.4461998213112108 1.5292177928898962 20 25 37 0.17245360693605227 51 45 90 42 98 33 85 555 93 590
1484 1.1050925932662301 1.2572999076045084 1.6179322900225592 253 232 77 0.54285089594025249 85 1012 93 828 48 1290 10 1522 7 1000 64 1068 24 827 82 782
6198 0.45641719746541354 1.4008359042242735 1.5942787382748169 147 125 44 0.14005831334828248 8 948 73 895 37 816
1111 0.26889165933592796 1.6971973037001586 1.6438584716833138 152 107 37 0.22962213181788127 51 69 90 59 98 44
1485 0.37025420179142948 2.3891343612494667 1.8204031969273555 3 3 3 0.21836127235902961 85 926 93 967 10 875
6199 0.39066278496083517 1.4673094002155314 1.6836689262391187 205 138 37 0.3770377907924452 8 954 73 898 37 823
1112 0.44467935019605792 1.7056552858435163 1.8109234705165096 3 3 4 0.20473554516443418 51 78 90 68 98 598 85 578 93 612 10 794 79 276 23 218
6200 -0.63632943307107082 1.5409204032843618 1.4228148948184174 255 200 56 1.2450154616039797 8 861 73 902 37 551
1113 0.22116074456077445 1.7926522118621782 1.6338488028306966 109 87 22 0.25076180605189835 38 95 90 72 98 57
1487 1.1320503353650921 2.2733957759208114 2.0498620649669745 98 70 61 0.64384812844637906 98 724 93 1045 10 1484
6201 -0.94853891888969999 1.627644003843598 1.2709119014331882 255 213 57 0.085877996473925536 8 959 73 904 37 825
1114 -0.4022558666166634 2.0241265839473077 1.4612416918181688 102 82 21 0.20566930842314468 51 108 90 90 98 72 93 87 10 164 48 262
1488 -0.74520599671049492 1.7248764201003208 1.0709616242890352 183 146 35 0.18816030990520213 85 1002 93 1063 10 1271
6202 0.17360387060596236 1.7402117519256055 1.6433195383025931 158 122 32 0.23680716344428165 8 960 73 905 37 830
1115 0.52552770221956879 1.7893469861304923 2.8432945275076431 52 34 23 0.46990461288962404 51 106 90 107 98 95 85 100 48 178 79 91 93 636
1489 -0.69858975108941801 2.0638510742701976 1.1196077923305727 66 75 104 1.3552691977743061 85 1225 93 1094 10 1526 23 585
6203 1.0720135999938878 1.8680973861182799 2.4511078246939557 0 0 0 0.7079366531373722 8 1047 73 916 37 901
1116 0.46822900329856065 1.8093075928722151 2.7975206666348438 47 28 17 0.33293005931741126 51 113 90 108 85 99 10 814
1490 -0.52224307250542468 2.0135665678127617 1.4300377638021582 254 224 64 0.18885856411113458 85 1039 93 1101 10 1308 50 847
6204 -0.23933719405133311 1.7202318971699901 1.971212637578724 157 124 32 0.33750731638539722 8 970 73 917 37 838
1117 0.63334369783647371 1.7992009572691301 2.7788760134737855 111 98 74 0.18718777299843289 51 116 90 111 85 618
1491 0.48665333222507429 2.4223276332804171 1.886233570949067 214 197 158 0.25198368520402087 90 914 93 1171 10 1430
6205 -0.78830414544652305 2.2433048184664681 1.1904518474932007 0 0 0 0.73167531323531254 8 977 73 921 37 840
1118 0.099099662354769996 2.0450693410219265 1.8086774769748108 12 16 26 0.089839373233810541 38 152 90 124 98 103 85 108
1492 1.3606010817165939 2.1147972704925464 2.2415491974516368 237 220 184 0.41928726802313671 98 1126 93 1186 10 1473
6206 -0.8250568311326828 1.8510113031013671 1.7428188664585438 255 226 58 0.12308945629352729 8 979 73 922 37 841
1119 0.6508496691408493 2.1263778669099884 2.2916778707171734 235 220 181 0.40708981979086217 19 310 90 199 98 161 10 472 64 156 95 259 41 294
1493 0.30345485341054657 2.6818810807625906 1.60231441372785 88 88 83 1.1444253513501379 96 1289 98 1160 99 1199 93 1201
6207 -0.81970236256781015 2.1711743213842349 1.3731655019231459 165 134 34 0.09852139743502851 8 981 73 923 37 765
1120 0.09625515357158676 2.3686388143572468 1.6236814193417 7 6 9 0.057430407253332164 51 388 90 269 98 227 85 206 93 236
1494 -0.61200246265926028 1.4363580703279792 1.4632296837790513 0 0 0 1.1377201774446453 85 1210 98 1174 93 1208 10 1499 48 1488 61 1236 24 1056 15 891
6581 0.37994737330575362 1.6751890614816805 2.000118962714684 182 139 41 0.6363450811653264 59 831 97 875 74 861 86 646
6208 -0.76067595254159059 2.3395051906527002 1.1977695593168547 74 87 115 0.47774735586962475 8 980 73 924 37 842
1121 0.18368756742363346 2.3557236984399448 1.6798331762327852 24 28 40 0.23314415768944649 51 390 90 273 98 238 85 226 93 251 48 554 10 505 79 376 15 181 3 139 23 293 49 269 67 311
1495 -0.2574204751658512 1.7238711971546046 1.7515282175503928 252 210 71 1.4161103606396503 98 1076 93 1221 10 1577
6209 -0.70000972543678563 2.3801506407929049 1.2372427992676824 6 6 8 0.30572787058568279 8 983 73 925 37 846
1122 -0.40643518237217718 2.5372749822306977 1.4120051238508049 29 26 8 0.14990181179566089 51 455 90 351 85 215 98 262 81 257 23 286
1496 0.48678809432263254 1.6455982094306218 2.9489685552330611 0 0 0 0.70325355560671832 85 1227 98 1197 93 1235 15 1062
6210 -0.048758593582592998 1.8456938356732882 2.3317064518927642 136 131 143 0.10025225059283081 8 987 73 931 37 852
1123 -0.40551858266470614 2.5368196636892746 1.4100597339740255 29 26 8 0.14920842450532518 51 456 90 352 98 263 85 216
6211 -0.83151570375797779 2.3789036240586787 1.202964211850279 0 0 0 0.50695903411649856 8 985 73 934 37 904
1124 1.0323419540730581 2.2554244249458151 2.0811915527256146 122 113 93 0.010960827798992698 51 400 90 356
1499 1.313615496911495 2.3483345737143275 1.8612611493833329 0 0 0 1.9009248842469184 42 1184 93 1274 50 1236
6586 0.75642590671707266 1.1911961705762122 1.2850955655636778 0 0 0 0.75705658045508073 39 760 74 919 86 712
6213 0.53695155936739614 0.87239803993149412 2.1275730451009474 255 199 55 0.4616076711716568 8 1024 73 971 37 877
1126 1.1525297747918455 2.2629525830874404 1.9864715510487225 85 59 50 0.053063397091332093 51 418 90 375 98 472 85 455
1500 -0.67325870006778132 1.4522203395738682 1.3746762289387511 0 0 0 0.55906615668601201 98 1173 93 1280
6214 0.013139861213519892 1.1396984479431731 1.7567076304973095 241 208 69 0.1661084507907673 8 1070 73 977 37 879
1501 -0.45778465531902374 1.4865203879587616 1.5546067753849884 0 0 0 1.6793396074525282 85 1133 93 1314 79 836
6588 0.42122319918591411 0.9006482105005984 2.1129361738134742 255 253 88 0.46577422599748136 97 935 74 923 86 672
6215 0.17282544933105631 1.4126419542567201 2.0161217623925465 226 168 45 0.72138443950676912 8 1035 73 986 37 885 15 911
1128 1.0114897428727867 2.35066158539462 1.867150325713679 114 84 71 0.3740482917343535 51 465 90 416 98 500 85 478 93 772 48 936 10 956 7 791 79 223 87 735 95 647 41 659 24 571 25 738 16 663 91 725 15 397 72 556
1502 0.44893555821325665 2.2834293534853982 1.7240886358645473 2 1 1 1.815004342213856 85 1256 98 1279 61 1568 48 1632 7 1373 87 1424 95 1290 41 1330 24 1140 62 1170 53 950 91 1201 82 1047 36 909 71 640
6589 0.63590161960763525 0.8652844621274387 2.225531779934899 0 0 0 0.46185079595096917 97 936 74 925 86 673
6216 -0.98714149142523799 1.6357250389888305 1.3257079103683695 118 96 22 0.29016694939756799 8 1038 73 989 37 828 73 907
1129 -0.44493209202503708 2.6397710178022673 1.4654165840899753 26 29 41 0.078463054427448164 29 382 90 421 98 385 85 336
6217 -0.30116085123037201 1.6722888840888319 1.8926084025488299 106 62 8 1.8412174097334866 17 1139 73 994 37 889
1130 -0.81001236769493079 2.717531809139206 1.5481776525367017 70 68 58 0.055475776494313213 51 504 90 423
1504 0.5701804586121948 2.3999744725960626 1.2728635025816017 0 0 0 0.60583507460021013 90 1240 98 1305
6218 -0.8015977865527889 2.0991979509786658 1.2535459424194659 110 0 0 0.22474995079607973 8 1050 73 998 37 895
1131 0.76627592953217993 2.4131955260208486 1.7547776608805521 110 79 68 0.060930594615139021 51 478 90 431 98 496
1505 -0.67891821120353002 2.5475413105938807 1.2273468293533383 122 120 110 0.7238748733380842 93 1361 87 1447 95 1317 41 1341
6592 0.67956054232064567 1.095266505608109 1.2733817775201326 255 238 69 0.45046588016945721 97 961 74 946 86 710
6219 -0.58504749423571634 1.7923950324641127 1.8180192891722486 255 225 60 0.15394192146808686 8 1053 73 1000 37 897
1132 -0.57297445564460736 2.718403074112385 1.3295634773836067 5 4 5 0.03044637873657588 51 533 90 452
1506 -0.97883201942670228 1.8931911308141085 1.1507353469044168 0 0 0 2.3778775223037312 38 1175 93 1364 79 883
6593 0.67956054232064567 1.095266505608109 1.2733817775201326 255 238 69 0.45046588016945721 97 962 74 947 86 711
6220 -0.74641082212791454 2.2102162831253387 1.2190132351747411 140 121 38 0.21178655693091367 8 976 73 1001 37 839
1133 -0.6777598807529438 2.8469418575923595 1.3410175495463239 82 83 74 0.11519342009509825 51 582 90 508 98 505 85 459
6221 -0.52734378962001038 1.816946264662727 1.8803264121755581 134 115 95 1.0705933572235005 8 1054 17 1087 73 1002
1134 -0.7192036985758401 2.9934326459583676 1.0952799554321888 50 34 27 0.064374845217908649 51 600 90 539 85 509
1508 -0.20444298961516119 2.7278923874173979 1.4125866428453897 30 22 21 0.86856927980411025 90 491 98 519 85 467 93 466 48 1461 61 1488 7 1267 87 1308 95 1185 41 1197 24 1109 62 1138 53 1048 25 1161 64 1262 16 1072 91 1137 82 1064 6 1201 89 977 71 973 44 922 20 1207 72 913 26 1111
6595 0.75965982104038354 1.6101453332361397 3.0793201730078068 156 104 79 2.1915192693915078 72 890 26 991 39 729 97 896 74 914 16 1018 91 1095 20 1216 86 667
6222 -0.84725244143022904 2.3320255877395923 1.428920164287883 82 95 121 0.26802746220613161 8 994 73 1004 37 853
1135 -0.7192036985758401 2.9934326459583676 1.0952799554321888 50 34 27 0.064374845217908649 51 601 90 540 85 510
1509 -0.7212136595191857 1.7587459889034103 1.0534970872355955 253 227 69 0.6242078430315523 98 572 85 545 93 568 96 1022 99 959 51 643 38 73 29 61 90 577 10 989 48 1292 61 1448
6596 0.40648944801846776 1.854226881822326 1.9415335304916606 134 130 142 0.35297935536099534 20 179 26 228 74 412 70 182 59 158
6223 -0.69007341558283986 2.5076670965289556 1.3602756006741252 4 4 5 0.51533056017045753 8 995 73 1006 37 909
1136 0.5961780473933932 1.2196310954753709 0.85496546945040319 150 132 47 0.18696426830529206 51 891 90 544
1510 0.46210335429512134 2.41514991759112 1.7513436550110351 209 192 155 1.7441054212323757 85 1084 98 1133 51 839 93 1170 96 1101 19 1168 99 1035 42 1207 51 1175 10 1427 32 459
6597 0.31371849628298942 0.98912705112096577 1.8864671379894393 212 129 17 0.20525144227051251 97 81 74 79 86 81 59 398
6224 0.31225337252454993 1.0775000021897061 1.8499876331286262 102 64 12 0.19641442554640764 8 1067 73 1015 37 919
1137 -0.3841930384629329 1.6144644962726917 1.2240287248657296 164 119 23 0.12375633544923237 51 638 90 567 98 568
1511 0.86619247212711747 1.1846624808126318 1.7831429145565612 255 231 75 0.391522052597501 93 39 48 72 61 46
6598 0.39644681364117368 1.6517001955805082 1.8701299802541607 188 132 30 0.079072719250841236 97 124 74 104 86 134
6225 0.25992809727817462 1.4912808601923147 1.5232230659724313 173 130 33 0.27374353612022279 8 1072 73 1019 37 921
1138 0.14060155445013114 1.7470541464516629 1.4041325824235253 91 109 146 0.19157334130066905 51 938 90 583 98 42 85 567
1512 0.74507605172653757 1.3202923362276962 1.405841517332943 241 136 13 0.10505980712411372 90 30 48 105 79 237
6599 0.32019141091181852 1.687316961473825 2.0362698226623306 66 60 50 0.0437146890151612 97 137 74 118 86 382
6226 0.22168002202955944 1.3170760802927739 2.0128007844959819 0 0 0 0.46193645990521937 8 1034 73 1022 37 883
1139 -0.30846586373098178 1.9928814578462535 1.4555857981921876 26 11 1 0.18369949948339612 51 682 90 602 48 1089
6227 -0.13519575720799012 1.4755341868750609 1.8343419567563639 240 204 67 0.063642249076600432 8 1075 73 1023 37 925
1140 0.39198963974284851 1.8249071600929052 1.8442673184004197 115 95 25 0.18702658783693923 51 87 90 603 85 593
1514 0.19737108877609269 1.8857353474921794 1.6245214322330641 109 94 28 0.16005661900551504 93 100 48 279 10 198
6601 0.36443635044632267 0.81583936982035787 1.8204771319136859 184 114 17 0.083561084252574844 97 282 74 262 86 239
6228 -0.70257838404564787 2.0572071080811809 1.0776284605309188 0 0 0 0.67675468636674962 8 1104 73 1025 37 927
1515 0.35437998876945809 1.9432986463098376 1.9146729740163395 121 99 30 0.57464681160994657 93 638 48 322 79 70
6602 0.33277329498542052 0.83502111200968299 1.8553049304159939 176 104 14 0.15314202693885853 97 307 74 280 86 256
6229 -0.12973602948592761 1.598412748193293 1.9682646657778888 198 137 32 0.40195800343979843 8 1077 73 1026 37 928
1142 0.52094972572024378 2.1816285033668792 2.2325668805740775 109 97 75 0.011065365957473254 51 755 90 653
1516 -0.21027527291096251 2.0516788956503991 1.3797394137595991 167 177 204 0.24735134768014005 51 141 48 345 10 189 61 879 7 737 24 550 62 545
6603 0.31313233121577622 0.9004716813290875 1.8821690140776148 180 105 13 0.12457836419120417 97 352 74 333 86 309
6230 -0.97702118955144723 1.9351020110105319 1.5201705099798697 123 0 0 0.13768938004104178 8 1083 73 1030 37 956
1143 0.68447736014433502 2.1686272340408141 2.2181392638717043 113 103 81 0.12933910558536676 96 785 90 662 85 680
1517 0.90177219233237138 2.0674202494998362 2.3526970295063045 234 219 182 0.18663964089284002 19 291 48 437 10 508
6604 0.33169070449015237 0.94340032526903705 1.8761266371134984 191 115 15 0.052380421524683148 97 381 74 360 86 332
6231 -0.97702118955144723 1.9351020110105319 1.5201705099798697 123 0 0 0.13768938004104178 8 1084 73 1031 37 957
1518 0.42379375789870399 2.1526978967424397 1.7965707296642337 215 196 155 1.888186347970412 19 340 42 314 48 457
6605 0.31228323635435357 0.82835950148986548 2.0423950567995774 255 252 100 0.56781988190601673 39 291 59 595 74 362
6232 -0.12910856372844978 2.0621617676057333 2.4561624490646987 9 8 7 0.52816666783998079 8 1089 73 1036 37 942
1145 -0.066988601546795562 2.3773571462403855 1.6194297889431242 56 37 4 0.10963620066247266 38 653 90 679 98 680
1519 0.71960982006313567 2.4257797562656678 1.8024788318596896 33 19 15 0.3211443051437306 42 422 48 653 61 501 7 525 64 319 87 433 95 315 24 333 62 330 82 194 6 184 36 132
6606 0.31900112718466667 0.8221900634619318 2.0412656184029334 255 252 100 0.51048726185829296 39 292 74 363
6233 -0.59449668747215434 2.0739614946775591 2.4662698155389875 51 31 24 0.66423207516477767 8 1092 57 1115 73 1037 37 944
1146 1.3247897720619446 2.1738028586528912 2.0872957801470378 231 217 181 0.80648158844343565 51 801 90 716 98 994 85 974 23 334
1520 0.59943687010079194 0.95820982703121271 2.1290221330160017 125 64 8 0.35065664535630103 93 545 48 691 10 710 87 505 95 383 41 415 25 387 91 396 72 295
6607 0.30088932808420094 0.96334568894986305 1.9095031653946797 185 105 12 0.070378088462419081 97 387 74 368 86 339
6234 0.29438445672277597 1.4365298696515874 1.6625921170587137 184 128 35 0.87314382416728209 8 1098 73 1042 37 950
1147 -0.59463126718024295 2.5997568715088333 1.325532899943209 50 51 66 0.084701450978630743 51 841 90 731 98 274
1521 -0.16994729716500401 1.8075260933497261 1.6327280444555448 188 154 63 0.43883361987946534 93 64 48 793 10 784 61 1083
6608 0.60283163701815334 1.2459445630465131 1.4300295317588141 228 121 13 0.049894632655660749 97 396 74 377 86 340
6235 0.22340509084488408 1.5994464522655496 1.4882602509342906 0 0 0 0.44949771105241565 8 1099 73 1043 37 922
1148 1.0215120853817359 2.2816792754060375 1.9554194515914265 233 217 179 0.12021807041390938 51 1025 90 734 98 1002
1522 -0.34431930349179235 1.888484847906172 1.5758042992089647 254 222 56 1.4882047943687156 93 602 48 797 10 1025
6609 0.30905586230089122 0.98529588490491649 1.9101050061593505 255 212 53 0.068761079478161125 97 397 74 378 86 91
1523 0.71781762045039865 1.7347281428553314 2.9079778276091299 234 218 183 0.39767526405952552 19 151 48 800 10 222
6610 0.61254488950724073 1.2676891721172721 1.4285893102031646 255 230 54 0.21497754576873387 97 399 74 381 86 82
6237 -0.74205920452731389 2.0151766512360774 1.1965427464552705 144 118 30 0.44187632653244308 8 1113 73 1054 37 965
1150 0.9514198193594382 1.2184780072527526 1.6052839396656633 108 93 27 1.252273720219389 42 27 51 903 90 784
1524 -0.1798021558392193 1.8573782340034239 1.5597986324810715 239 195 53 0.35458613355380092 93 72 48 806 10 147 61 1102 42 1072
6611 0.82888544778170237 1.2887441758940597 1.423482734327856 2 2 1 0.5937841782590616 72 615 74 382
6238 -0.16927212779436704 1.8054084732303917 2.2153867165906411 22 21 22 0.61564102002910082 8 1114 73 1058 37 968
1151 1.0444576299437318 1.2778209899228798 1.6144407170531221 248 206 66 0.089724097758143689 29 765 90 792 98 798 85 768 93 1076
6239 -0.96399575961100903 2.1435864518650343 1.5820201008618979 81 87 96 0.68615163030377213 8 1119 73 1061 37 970
1152 0.39434364289830054 1.6184488945657312 1.5525240451200069 28 29 40 0.035248676443803542 19 673 51 933 90 807
6240 0.54873408102488508 1.0522536095574575 1.366794000507124 128 100 29 0.40341560724704345 8 1123 73 1065 37 962
1153 0.220840483241492 1.8970907717872367 1.6200917725273862 111 93 31 0.24874705399305899 51 679 90 832 85 797
1527 0.79893230947088945 1.7476998645502566 2.8778738629473608 233 219 182 0.29086706437473053 93 644 48 1053 10 1075 95 932
6614 0.34784238802023565 1.7749083057468098 2.0651307318992109 22 21 20 0.14115264198932925 97 436 74 414 86 390
6241 -0.90157601414452182 2.1873586800373417 2.039679304115869 154 146 158 0.68536706485948695 8 1132 73 1072 37 993
1154 0.43265975917128802 2.1128965986725272 1.9738990389730935 236 214 172 1.131338924221055 51 986 90 859 98 1113 85 1067
1528 0.36844955061374746 1.8531561459841088 1.8506510266136889 112 92 24 0.4032368716172629 99 1142 48 1093 61 826
6615 0.40866788972682866 1.8764782767248394 2.0030599160541729 28 27 25 0.095923373303045498 97 442 74 417 86 510
6242 -0.90157601414452182 2.1873586800373417 2.039679304115869 154 146 158 0.68536706485948695 8 1133 73 1073 37 994
1155 -0.037508003807980146 2.3529711075015296 1.6325135488928164 83 68 16 0.39119554118044908 29 846 90 870 98 888 85 852
1529 0.12471131210192546 1.9988113267540357 1.5429389646589646 4 6 10 0.71332432731056805 42 1091 48 1158 61 1306 7 931 15 934
6616 0.3202732400022068 1.609449504310049 1.9435377275541375 184 131 31 0.20987476165077379 97 633 74 607 86 574
6243 0.4272865711752229 1.6855374203168099 1.2775723611650309 0 0 0 1.707505319451083 8 1136 73 1074 37 976
1156 -0.55155785020830594 2.5843531679344975 1.3417762533041577 58 64 85 0.26857624430818922 29 710 90 896 98 692 85 684 93 716 10 837 79 548 49 243
1530 -0.56026881383238603 2.6344000421959883 1.3443985987523654 48 54 76 0.83393284092055986 93 721 48 1225 10 844 79 361 15 122 23 305 49 264 67 302
6617 0.63814694195288413 1.8787970378966461 2.7981798485409963 250 227 176 1.116396585342273 97 770 74 759 86 605
6244 -0.55577879123155849 1.5356819454503794 1.1489862802300848 21 0 0 0.65458012558903345 8 1135 73 1075 37 987
1531 -0.24828732996385003 1.9177559465350309 1.4186096280288425 120 101 33 0.25359209938845267 98 1089 48 1318 10 1313 61 1123
6618 0.63814694195288413 1.8787970378966461 2.7981798485409963 250 227 176 1.116396585342273 97 771 74 760 86 606
6245 0.75928743477825011 1.8469936388322823 1.9141461487728735 69 72 89 0.73149803442545913 8 1138 37 989
1532 0.72723233792331099 2.3753259549842003 1.8343234013635117 222 205 167 0.8217299038885425 93 1038 48 1422 10 1464 50 970
6619 1.2266110463241433 2.255996804756776 2.0374391494560897 231 214 175 0.40330082754461555 97 601 74 782 86 552
1533 0.58798018666643725 2.4351409214252318 1.8378049952885924 218 201 165 0.1775931340903294 19 1346 48 1426 42 1360 10 1455 61 1386
6620 0.84522625239278681 1.6837595963193703 2.9623426183220172 248 225 175 0.19750426636375559 97 826 74 806 86 613
6247 -0.74240658221094535 2.650791390711039 1.1727428568311662 0 0 0 0.81072587865214119 8 1130 73 1081
1160 1.0386732017743614 2.3502864552416067 1.8687438840351256 106 76 65 0.48572411663002113 51 1043 90 928 98 1148 85 1104 50 1143
6248 0.39861605446915682 0.91026735157444449 2.0826996846674355 255 196 52 0.21849360871745568 8 1144 73 1083 37 996
1161 -0.55712869978941626 2.6953689007730048 1.4004750086842332 2 2 3 0.081753501349512064 51 1062 90 937 98 982 85 939 93 939 10 1191
1535 0.2681851774202455 0.70060264026175523 1.8572683410615789 0 0 0 0.11096493261257837 90 970 48 1479
6622 0.61642649500229463 1.2784488055301362 1.4703120579040594 255 254 71 0.12466037650943369 97 853 74 832 86 624
6249 0.39861605446915682 0.91026735157444449 2.0826996846674355 255 196 52 0.21849360871745568 8 1145 73 1084 37 997
1162 -0.32960011213591051 2.742453345495993 1.3538842321186595 73 53 43 0.24632862071672049 38 912 51 1186 90 957 85 985
1536 -0.95538136450883082 1.6747248134098129 1.1408722977049492 0 0 0 1.5981740944117906 48 1503 24 1126
6623 0.40713768506848419 1.7113327270172891 1.9389272235916861 207 150 37 0.22629706177433939 97 876 74 859 86 688
6250 0.37494476653606718 1.2138971976186976 2.0957595446138662 0 0 0 0.99190205754500615 8 1146 73 1085 37 998
1163 0.89051516539352471 1.376932307725949 1.5598556742900238 105 91 26 0.396940922897908 99 646 90 999 85 1141
1537 0.35264947422675713 2.2953796675238114 2.0808072416017258 216 196 154 0.18676196633665743 93 1152 10 1542
6624 1.3607692502999744 2.2152463471553459 1.9762889570066617 146 100 77 0.20870828596870519 97 895 74 886 86 705
1538 -1.1118413627713188 2.6761709233231143 1.6006146062439153 0 0 0 0.89758004247580647 90 1125 48 1546 61 1477 64 1316 43 1072 34 1082
6625 0.30474781221339936 0.84242477344438194 2.0165426018248676 255 255 96 0.54745492422984843 97 932 74 920 86 713
6252 -0.84498244133020373 2.1932069155424054 1.347315068387468 114 96 25 0.31361572044856767 8 1151 73 1089 37 990
1165 0.12196436590071941 2.002918706754147 1.5640138756120259 12 11 13 0.23176071093284784 51 1147 90 1026 77 642 56 708
1539 -1.063815040216634 2.8267038104611881 1.5610273920407982 0 0 0 2.0650206606120904 90 1184 98 1125 48 1553
6626 0.27313037531631018 1.6449150935236283 2.0203333223795901 72 67 58 1.090958450421893 97 944 74 931 86 740
6253 -0.70557474316235536 1.8946371253423895 1.8580700100194079 255 196 53 0.37290669278359151 8 1140 73 1090 37 1001
1540 0.049755980519418416 2.7568193769321989 1.4211879152303957 86 85 79 1.2697769751280403 99 1208 48 1570 10 1558 87 1116
6627 0.41821160998763524 1.7848649122518332 1.9393627185664508 73 71 69 0.10898528607974657 97 948 74 933 86 721
6254 -0.69422276819887152 2.9256781386330784 1.2826721256706233 120 121 112 0.38301870751135919 8 1152 73 1091 37 1002
1167 0.38478816350694983 2.1298435067340256 1.8867425875936568 234 212 171 0.92881748859309243 51 735 90 1039 98 1114 85 1069 93 1239
1541 0.17623343092412264 2.6471766135700214 1.5109227537860062 35 28 27 0.91463299598870229 42 1547 48 1602 10 1599 61 1541 7 1270 64 1252 87 1317 95 1197 41 1208 24 1045 62 1065 25 1096 16 740 91 1087
6628 0.36106788759592023 1.6913326795302259 1.9380757105314106 192 137 31 0.11481260828517444 97 965 74 957 86 741
6255 -0.96568954227828219 2.310615616086253 2.4018316191930693 0 0 0 0.65959795963965584 73 963 18 992 17 1118
1168 0.4509447704429535 2.1783110803371502 1.7947865559126222 233 211 170 0.5902992722877759 90 1041 98 1117
1542 0.26058573309010852 0.80825735598238635 1.8064320869138337 0 0 0 1.160990632329729 93 1331 48 1635 10 1619 87 1427 95 1294 41 1318
6629 0.07513611217014203 2.2103634736155748 1.53735838223518 28 34 43 0.19105059438986055 97 132 86 147
6256 -0.77894463076921661 1.9973859805749279 2.0498315079859815 209 146 32 0.062940267537126615 8 253 73 228
1169 1.3185566215517581 2.0175368120485664 2.3367768201037697 0 0 0 1.4606699905766309 90 1046 85 1176
6257 0.15061362507962481 1.4604682361698527 1.4929280426889493 113 70 8 0.042571573121198407 8 25 37 26
1170 0.83731985978392343 1.1639033086382413 1.3682456702282142 163 130 33 0.71958617741552922 51 1201 90 1079 81 444 23 493 49 456
1544 -0.24702531603581904 2.6006927943715001 1.4861681534669202 4 3 5 1.3357037699916128 31 1275 48 1667 10 1651 7 1375 32 1032
6631 -0.17352362936328899 2.705604727312565 1.3647375702045386 43 27 19 0.14590534716287559 97 141 86 169 74 122
6258 -0.87182026685365055 2.1199301973265801 1.8023132467863483 21 14 9 0.43549541648331003 8 540 57 148 37 153
1171 -0.00099578172599884551 1.5664992336550987 1.666914324022875 199 174 66 2.0246664478254877 51 1285 90 1091 98 1258 85 1220
1546 -0.41824760648362763 1.5974465907544597 1.2339217483975575 254 232 78 0.5625257293618835 96 100 19 96 99 97 31 41 42 63 51 634 38 54 29 48 90 563 98 784 48 97 98 20 85 20 10 69 61 780 87 49 41 28
6633 0.33317137279350167 1.8808979060796307 2.1241098580927309 18 18 15 0.18677601309210839 70 550 86 401
6260 -0.80826620040661412 2.2260326165547322 2.072702551958522 154 147 157 0.51684370812596914 17 309 37 220
1547 0.93193262816881861 2.0538614417540111 2.3879728014437176 231 218 181 0.51411998912445955 31 150 96 318 42 216 51 244 48 429 98 168 85 169 93 256 10 509 61 245 7 740 64 534 61 848 87 727 95 635 41 643 25 533 16 498 91 496 50 379 20 649 72 562 91 713 39 450
6634 -0.075599226376712153 2.3156949656301569 1.8433633483255456 90 65 16 0.077533132061901086 74 136 97 153 86 406
6261 -0.33300432523547602 1.7119272806833155 1.8504677293913845 89 46 3 0.3265113729745136 18 245 37 370
1548 -0.51205424829905921 2.8099363382058482 1.3237758676855609 105 112 109 0.64649739775752468 90 964 98 1029 85 732 93 424 48 1459 38 730 29 455 48 956 38 1011 10 1219 41 219 95 188 16 49
6635 -0.28033303296163603 1.9645211226623411 2.5156545976333131 36 16 8 0.54241485126228639 74 539 97 556 86 522
6262 -1.2961916128030646 1.4275370528709055 2.3567961825992088 146 137 147 0.085643638069004768 18 626 37 408
1175 0.92517928090719137 1.6253676649340112 3.0231026063980857 0 0 0 0.84834812210464028 29 980 90 1111
6263 -0.67891801890411752 2.1213285507577271 2.1049439966046273 31 24 20 0.080349498013404463 8 275 37 441
1176 0.20562247439449943 2.2534172648334776 1.642398413301017 44 52 72 0.32130833847439899 29 1062 90 1119 98 1276 85 1229 93 1240
1550 1.1027250362416836 1.9326489419556951 2.541853328770193 233 218 179 0.67229093892421699 19 765 31 101 42 744 51 712 90 161 48 1171 98 874 85 841 64 843
6637 -0.24903883684530095 1.9912755327359477 2.5424123632348374 156 101 72 0.21074673932557694 74 869 97 883 86 586
6264 -0.82836441375075121 2.2115760137256375 2.0491106707808777 68 67 77 0.44096105953351106 17 306 37 463
1177 -0.46569319620079846 2.5466592429396506 1.3729544191267544 48 57 77 0.49154704516370695 38 1052 51 1254 90 1127 98 1211 85 1175 93 1244 15 952 50 883 3 801
1551 -0.80807136438943883 1.7640379193263522 1.050989215768408 111 94 24 0.76925838858840889 98 569 85 541 93 564 48 1015 19 1291 51 928 90 576 10 738 7 677 64 1138 61 1273 89 525
6638 0.40883511510962284 2.0577733144325632 2.1331882963850801 254 223 61 0.15365406515191163 74 624 86 588 97 651
6265 -1.0104581002336022 2.7717195047138294 1.6223173332126799 105 107 97 1.1965586130909858 8 930 73 871 37 692
1178 0.28538882995059373 2.4033515859993422 1.7721548951789263 43 48 65 0.6123766982276635 19 1342 90 1128 98 1215 85 1180 93 1250 10 1546
6266 -0.56209681425921165 2.9296163228739207 1.1062562820294999 0 0 0 0.24910122367435295 8 911 37 787
1179 1.4465407972127289 2.2310248281805243 2.0479731853476624 85 59 47 0.46004759296789866 51 1251 90 1129 98 1218 85 1188 79 785 23 634 49 603 67 639
1555 0.62632896844517172 0.95905705844745315 2.1295749468070233 255 230 75 0.40714063183960408 48 20 10 10 61 16 7 19 87 76 95 398 41 77
6642 0.36749141252232931 2.4284181870057924 1.8857162622647132 219 196 152 0.20958619598616735 74 632 97 663 86 594
6269 -0.40201257856770622 2.1868406662226105 2.6228099348787328 0 0 0 2.8426988852371493 17 1108 73 956 37 871
1182 -0.10212379159358878 2.7666764155211041 1.3574953429967094 41 29 26 0.3064682980594246 96 1296 90 1144 98 1225 85 1194 48 1474 10 1474
1556 0.61522075067628701 1.0013249221134044 2.0976037235792839 255 221 58 0.36593719074299585 93 9 10 19 41 433
6643 -0.75149526267395772 2.8835515874118709 1.1761388046919821 0 0 0 0.81682825638922918 74 855 97 911 86 652
6270 -1.3645279928915275 2.4256270016573174 2.23056102271121 0 0 0 0.34090012398369562 18 943 37 874
1183 -0.24804500947855743 2.8996128737702218 1.2781394557006476 0 0 0 1.2148920947048016 38 1069 90 1152 32 835 46 761
6271 -0.12296075841693721 1.7528116223862686 2.3655107161799842 10 8 7 0.36463113604550479 73 1033 37 936 8 1086
1184 0.50784838105380681 1.7396741356703418 1.8815588329211188 0 0 0 1.3098701941633701 51 1227 90 1172 98 1193 85 1157 93 1301
1558 0.36816762823318561 1.5624960445087162 1.5150489106548357 153 111 39 0.23265453499463434 93 57 10 126
6645 0.22398676175548818 1.7193802135591427 2.8072931924824904 0 0 0 1.1717323733887886 74 878 97 890 86 659
6272 -0.19040268566594626 1.9755943141685646 2.3071509783138775 79 80 93 1.2212456851453246 18 1071 37 985 9 866 69 1008
1185 0.13943652710081064 1.8703134205777858 1.5854120798958327 103 90 25 0.98055276326593621 51 1318 90 1173 98 1271 98 1294
1559 -0.65908188746564111 2.052544453758463 1.1831979317705157 79 97 133 0.32387297768509365 48 255 10 136 61 339 7 726
6646 0.3440429757011676 2.1984916549599864 2.2009532893327779 232 207 161 0.076350842637408989 74 877 97 889 86 660
6273 -0.061248575380162852 1.976914263033168 2.415544021981149 130 126 137 1.6545521775532095 18 906 57 1018 17 1000 37 779 18 463 57 498 73 718 8 772
1186 -0.26389324937126979 2.7357041581723931 1.3693440645646502 71 49 40 0.66073487593131375 85 1236 77 747 56 736
1560 -0.58374412750127624 2.0196485250933947 1.4385022103468594 253 213 73 0.154413184514373 51 93 98 58 10 141
6647 0.37031950896793503 2.1017450649325937 2.1906232509558397 95 73 51 0.12895152163720502 74 874 97 887 86 698
6274 0.87084237496140826 1.6567568126719412 3.0309382956894488 212 197 162 1.490622611002606 18 835 37 855 13 1110 69 954 78 622 54 663 5 388 34 1030 19 1289 42 1314 51 951 98 1102 85 1060 93 1126 10 1530 41 1269 16 1095 25 1107 71 929 87 1044 43 799 12 1037 44 968 44 999 92 1038 27 1178 76 1063 76 1236 45 1106 100 1103 83 1130 40 1007 28 914 28 947 55 1013 88 977 88 1003 75 1097 66 1189 72 962 49 516 67 550 57 1017 17 831
1187 -0.78565300132373006 1.8510203980836799 1.676151203809952 201 145 33 0.65415987953716814 51 1289 90 1194 98 1261 85 1145
1561 -0.34537124102170913 2.067341705360791 1.3230038451069344 253 218 80 0.59450783648153804 48 333 10 173 61 341 64 339
6648 0.70330577816343864 2.3935624215218647 1.6807978189588486 97 69 59 0.36179518225136792 74 875 86 699 97 888
6275 0.30310692358155017 1.797887465180839 2.7785892616929542 78 52 37 0.33220290277353992 8 770 73 715 37 655 57 932 17 1099
1188 0.47907410293876612 1.9407826965094843 2.0354410790479189 135 122 98 1.9011194705977439 51 1342 90 1199 98 1296 85 1253 93 1360
1562 0.42841803385726712 1.6974364426814426 2.8872235199341594 154 105 81 0.35540445894478756 48 140 10 175 50 178
6649 0.34216609950611426 2.3460748819333062 1.8834696617652136 27 24 18 0.21882938629734391 74 939 97 955 86 746
6276 -0.89510845337302736 2.2214672573247665 2.0208283280695505 75 76 89 0.24518603516550433 18 460 57 527 37 467 8 309 73 292
1564 0.49377017262240797 1.6995692204710042 2.9379737855779466 157 107 82 0.17818708753646717 48 149 10 183 20 556
6651 0.35687814325921097 2.3694908801035393 1.8212135359149937 46 42 40 0.68424021450225592 74 970 97 983 86 755
6278 0.63903009167816271 1.8530355007132662 2.7570421360858313 249 226 176 0.053052100840391289 16 791 84 664
1191 -0.63502022229709398 2.4714883909835712 1.3868217924175577 13 14 16 1.3888586779566177 51 1353 90 1224 98 1321 85 1275
1566 0.56502570432345023 1.7881179031903847 2.8471404759474108 233 218 182 0.28431885121534672 48 182 10 220 25 511 16 482 91 480 82 370 78 80 54 420 5 98 43 408 60 65 34 489 12 523 92 662 27 587 76 610 45 809 47 85 100 843 83 624 40 714 28 676 30 681 55 517 88 690 75 557 66 595 50 233 20 582 72 355 26 611 84 577 39 446
6653 0.78586361958971174 1.7565812445351361 2.8831023170452172 248 225 176 0.68754850922966471 70 852 59 782 86 551 16 834 84 705 39 626 72 737 97 796 74 786
6280 0.82966666886216855 0.92430752587731624 1.3292528546850062 255 251 78 1.459910608743733 44 1016 84 738
1193 0.0093459218748207437 1.9926336114878369 1.5945187601527657 56 45 39 0.89077910402954208 29 1177 90 1244 23 713
1567 0.74695210617819663 1.7229558731841497 2.9176740518770328 239 224 187 0.24802760326770024 48 176 10 226 95 572
6654 -0.96162169222289895 2.0072048348061693 1.5385524697959712 99 75 19 0.084527409599267148 1 80 35 66 14 70
6281 -1.1341523529144815 2.2979152257308204 2.2801477438322886 152 103 78 0.0015321663827640858 34 1157 84 798
1194 -1.1859251738333569 2.2172484485869743 1.7879896933347998 0 0 0 1.0844583691609162 51 1356 90 1245 85 1048
1569 -0.58642096980952685 2.613947987195846 1.2468472303851876 1 1 2 1.1382836384046839 10 441 7 947 87 848 41 748 24 576 95 1169 41 1183 62 373 25 572 44 10
6656 -0.87761895051552186 2.5667628898027903 1.7757734999254564 125 114 93 1.4577262405578042 1 213 35 149 14 158
6283 1.1700347540396672 2.2596929004608968 2.0087201778773829 109 76 62 1.0832576781542869 28 942 30 921 55 1009 75 1049 55 975 66 1142 22 935 22 964 63 1034 13 1041 69 902 4 1058 57 989 84 840 96 1253 19 1336 99 1012 42 1349 51 1023 90 730 98 723 85 724 10 1250 10 1485 48 1558 93 767 61 1473 7 1318 87 1395 95 1267 41 1282 24 1099 62 1119 53 1022 25 1221 91 1189 82 1036 6 1038 36 999 78 1000 60 938 71 1015 71 1043 44 963 20 1226 72 963 26 1174 18 891 52 1014 39 777 70 962 59 857 97 959 74 944 86 731
1570 -0.43612231050144484 2.5148628722976438 1.3765184328922189 30 35 51 0.0042658595563846453 93 180 79 105
6657 -1.2223036680441943 2.5180217632625066 1.9308709483427924 99 100 88 0.20637054293632376 1 354 35 156
6284 1.0905167730457312 2.2591435124211907 2.0431579113499492 230 214 177 0.47051974627364335 87 1325 95 1102 41 1218 25 1120 16 908 91 1106 20 1224 72 936 26 1125 84 640 28 750 30 768 55 621 75 673 22 656 11 668
1197 -0.42082771985336243 1.6734465742628408 1.1632300012340639 253 209 68 0.19039985846914065 51 641 38 548 29 535 90 574 96 137 19 126 61 154
1571 -0.49779466965266633 2.5933445313853554 1.3835547844857665 30 35 51 0.17837289480282056 93 227 10 449 79 117
6658 -1.0236192153146098 2.0822173906064352 1.5756497631912609 74 54 25 0.094859113595152034 58 274 35 196 68 248
6285 0.0099096808393099312 1.8956852744790091 2.4846117993320371 31 28 24 1.4314590840759869 34 1056 84 339
1198 0.54500154412919777 1.154400467275551 1.3504702557431274 127 106 32 0.91666841501234331 96 1178 19 1253 99 1111 90 766 38 21 29 496
1572 -0.2797709551929517 2.497749795204192 1.4666089381167124 4 3 4 0.089620105122520055 93 218 10 452 79 114
6659 2.1950362101387015 2.073899500660624 3.619267899836498 11 12 14 2.1394296862506375 58 298 35 234
6286 0.6080215125924634 1.2695565027777203 1.4245456608976426 255 221 49 0.1767787710812361 4 122 52 95 70 93
1199 0.18682729862079575 1.9059688334259814 1.5967940000667775 6 7 12 0.076814703526081191 96 696 19 754 99 694 42 759 51 958 29 800 38 813 90 831 96 695 99 693
1573 0.64141545521692489 2.1050910136325749 2.3035798189328651 116 104 85 0.17018471578953828 93 213 10 456 95 252
6660 0.47517751170410777 1.1899799268761113 1.3706957998357949 134 116 45 0.40698999509298267 33 9 35 261 14 330
6287 0.34815482867306008 1.6010032652090813 2.027945338207465 58 52 41 0.18822280372429906 4 212 52 154 70 175 59 151
1200 0.3942980436762335 2.0249970737931395 2.009213384581269 54 56 67 1.5423578252912353 38 1100 29 1120 90 1201 96 1390 19 1497 99 1299 42 1535 51 1322 98 1298 85 1254 93 1322 93 1323 48 1626 61 1527
1574 0.62406310854398939 2.1185338930610875 2.2881416348687811 229 213 174 0.19127201382981318 48 421 10 459 61 262 7 285 87 340 95 251 41 287 24 136
6661 -0.73660057061447748 2.8860607766977675 1.5924700757483619 0 0 0 0.17892583977412535 68 582 35 513
6289 -0.93123348377362514 2.330998676411201 2.1394873330303232 6 6 8 0.13868514375590996 63 478 52 184
1202 0.49053769720486606 1.4231907294230381 1.5639558202025867 85 94 117 0.42225914365924239 90 38 98 30 85 29 10 104 23 15
6290 0.021965841600514024 1.9848487758796614 2.3092316450032122 40 36 30 0.93890708907446263 4 264 52 195 70 200 59 186
1203 0.40646804704772932 1.8034412807045759 1.8962271497762 5 5 7 0.81038351759126925 90 85 98 76 93 875
1577 -0.50256789754129572 2.6971507039261478 1.3452270709140006 1 1 3 2.4992136373330309 48 650 10 536 61 592 95 166 41 196
6664 -0.79881389397874614 2.044135131133713 1.1939772783859885 99 73 17 0.15254521268876015 35 56 14 53
6291 0.4350605166405781 2.514822659338932 1.6735248615635743 128 80 55 0.15473487851136666 4 267 52 202 70 566
1204 0.75008439540952287 1.6787236670939594 2.9367139849361585 72 47 32 0.12744781082876469 90 98 98 86 85 94
1578 -0.80604143285680097 2.8929762799411667 1.2725173168884703 93 97 91 0.59777930704208415 93 380 10 563 7 786
6665 -0.78456233255282537 2.5391995921987784 1.8298660378367149 57 49 37 0.074864041889993793 35 145 14 156
1579 0.4373831823028187 2.416688265639372 1.888062792286836 84 76 62 0.067378214474190748 93 407 10 613
6666 -1.0395648172684238 2.2028563743686855 1.9134557884808041 15 17 19 0.35903037966640916 1 435 35 228 14 271
6293 0.64471444708882031 1.7217267997962284 2.9773128828400721 121 79 56 0.92188621907686097 11 308 52 382 70 683
1206 0.35522375421273039 2.0381743472760689 2.031250697081628 117 86 22 0.2136295350909494 90 136 98 109 85 114
1580 0.2086451112464045 2.6135867069627881 1.5697173460603908 99 107 103 0.321501288493869 93 517 10 678 7 543 64 396 25 219 16 148 82 247 36 512 78 178 54 499 60 547 89 188 21 197 65 227 20 225
6294 -1.0288958769604959 2.1406034982489643 1.8080455109795768 182 177 187 1.1038592324216423 63 444 52 563 70 163 59 152
1207 -0.62189867541068156 2.3438885171905919 1.3993201584974995 26 17 9 0.24873744290779268 90 173 98 112 85 111 48 423
1581 1.4410819916158126 2.2248941733850223 2.0556629929141264 39 27 23 0.088745665584836556 48 647 10 697 61 439
6295 0.43750878487022993 1.933498611622634 1.9633493073152395 168 162 172 0.17459605236759987 4 545 52 580 59 455
1208 -0.57758009034921087 2.5054159589167084 1.3474335343745685 47 49 63 0.52045299939777767 90 281 98 169 85 667
1582 1.4813690511582123 2.2370353947145691 2.0508537492432177 35 23 20 0.70483403113414533 90 405 10 698 79 447 77 139 56 131 23 359 81 300 49 322
6296 1.3280143804845395 2.2387759939267964 2.0434893812249242 98 59 39 0.020254808600744065 4 620 52 667
1209 0.90748731683496864 2.0872357544117421 2.3335985582723597 131 117 89 0.14135443987957505 51 251 98 182 85 198 93 272 48 445 10 531 20 647 26 636
1583 0.91664568938991886 1.1976799503891606 1.4812993147732858 204 131 38 1.9272239429028393 93 34 10 765 7 688
6297 -4.6058391242445751 13.260992198379537 -5.1112096205200146 254 228 174 0.91299134474282961 4 761 52 715
1210 0.90749354773340751 2.087190151930284 2.33331927557456 131 117 89 0.12346036629134227 51 252 98 183 85 199 93 273 48 446 10 532 15 682 50 735 20 648 3 547 26 637
6298 0.44801251687010957 2.5231006703765249 1.6357914932717237 70 38 23 0.18620014729646014 4 860 52 844 70 821
1211 0.77880394539157238 2.1522424150398916 2.2387052639454916 232 217 180 0.1171755237134694 51 276 98 203 85 213
1585 0.29147053355559593 2.0661251852059399 1.9320167941312381 70 42 5 0.13388279528643693 48 852 93 665 10 828
6299 0.64137953229415856 1.7349797929813788 2.9461431772105331 226 211 173 0.36592705705703321 63 361 52 879 70 776
1212 -0.562553966936437 2.5523356164114555 1.32495937987678 19 22 32 0.17920148528489788 90 713 98 220 85 181 93 168 10 402 79 99 23 262 81 250 49 235 67 105
1586 -0.071318172942327701 2.3708067141154885 1.6008059656933893 24 15 5 0.6306271937957606 96 858 99 803 10 839
6300 -1.3577562271690389 2.4379535100909657 2.2045612374847217 213 182 146 0.60968823649665704 11 763 52 919
1213 0.83944075769215276 2.1514783270432196 2.2489167710792146 126 114 90 0.075117528117323931 90 226 98 225 85 238
1588 -0.11184040760006317 2.5103922113169101 1.6555045518505711 7 7 6 0.059552045651290041 96 881 10 852
6302 1.459662105414063 2.2063028381819643 2.0879948949655547 107 64 42 0.44905992846349085 63 804 52 943 70 847 59 688
1215 -0.50270744921119737 2.5947252545138704 1.3931264334384414 20 24 35 0.070208489039431971 90 379 98 297 85 254
1589 0.80289947978828768 2.4257067319468364 1.7423013369228861 104 72 56 0.18032604700048879 48 946 93 529 10 949
6303 1.1150138530139186 1.3080605165387007 1.6554366694381779 0 0 0 0.67820857589558392 11 841 52 955 70 884 59 795
1216 -0.43903714244548137 2.5766129465062546 1.4199574262137815 22 25 36 0.089508080061604225 51 472 98 299 48 605
1590 0.45906532782845416 1.0721872219521547 1.4438850523843414 195 205 230 0.24392442447876803 48 982 93 541 10 970
6304 0.46807143561687431 2.5355248945066324 1.5744613391794005 83 60 53 0.83659068379386126 4 961 52 980 70 900 59 809
1217 0.24551928686726548 2.3988359280248699 1.7573775747263789 33 32 40 0.091151987113265998 90 339 98 325 85 304
1591 -0.50722982462392296 1.6069954654172063 1.232241936685738 255 236 74 0.58676040572488042 48 1283 93 796 10 985 61 1438 64 1216 7 1196 24 1000 62 1022 53 954 82 975 6 1057 36 1033 78 1033 89 904 71 870
6305 0.37079693216698806 0.75230012447486072 1.7241409184171719 0 0 0 0.6799962035208531 11 917 52 982 97 901
1593 0.70692890459666546 1.8208125848168699 2.7806178116685336 231 215 179 0.10559663823869535 48 1065 93 893 10 1086
6307 0.31677727825306629 0.7311300229453952 1.8901933035152481 255 250 74 0.56052874272142172 4 1086 52 1039 70 937 59 859
1220 -0.55581946700290619 1.6805833682201319 0.73302564232400935 0 0 0 3.4974926199680945 19 129 42 91
6308 1.085171008839569 1.2468257367170292 1.7565992957829111 0 0 0 2.752214349291711 75 1060 52 1042
1221 0.73801693085857656 2.3815451220146207 1.8448988754386564 222 206 169 0.025661712864965752 90 400 98 471 85 721
1595 -0.57913619482598355 2.6355013192036933 1.3282007671649767 3 3 4 1.9115844305476177 48 1229 10 1186 61 923 7 776 95 503 41 520
1596 0.84585086448423674 2.0148630766000815 2.4447176575893765 236 218 179 0.35612605402303421 93 927 10 1187 79 391
6310 0.38195611928276729 2.2157170687268004 1.9826846927089696 3 4 5 1.9986350226188891 4 1096 52 1051 70 976 59 882
1223 1.0118297916136847 2.3508527321408126 1.8534522724632621 110 80 69 0.16583246610110586 90 417 98 501 85 479 79 224
6311 0.60619245837918256 1.5209742666957184 1.5714396880319821 0 0 0 1.8667024383668589 4 1126 59 887
1224 0.95285565671144457 2.3707095188599792 1.8193603767758582 108 78 67 0.046201478838081012 90 426 98 503 85 477
1598 -0.59206922413308438 2.6715298731159809 1.3723562725921084 4 4 4 0.056240516787094401 93 933 10 1190
6312 -0.065766124273990839 1.8317029015739688 2.2257649555116301 28 33 42 0.68650336624053432 4 1114 52 1068
1225 1.5123353769332202 2.2321417010311033 2.0348619911584365 24 0 0 0.24450821992959054 38 301 98 518 79 448 67 488
1599 -0.15726530175995632 2.6568537508881023 1.554910919221328 14 16 16 0.046183057223950906 93 997 10 1221
6313 1.0900365302007375 1.2760844920338308 1.6275488688522373 226 172 43 0.75326652089450652 63 1013 13 1062 4 1034 52 988 100 1116 83 1141 40 986 28 960 30 913 55 993 75 1030 22 949 11 924 13 1093 70 915 59 709
1600 0.38568513274544941 2.5399779581512196 1.5859276546486882 88 62 48 0.5040964215574758 48 1454 10 1247 61 1403 7 1154 87 1142 95 1020 41 1032 62 959 25 683 16 438 91 473 72 330
6314 1.1461190430596853 2.2981917736333535 1.90354656910136 149 103 80 1.2351985495856794 30 885 55 918 75 1048 66 1069 22 934 11 912 63 984 13 1036 69 894 94 686 4 1014 52 1012 96 1256 19 1338 42 1351 51 1173 38 866 29 860 90 918 98 1023 85 992 93 1198 10 1487 61 1475 48 1563 64 1232 87 1396 7 1321 95 1268 41 1283 62 1122 53 1026 25 1220 16 1134 91 1188 82 1037 6 1039 36 1087 78 1087 54 1126 60 1050 71 1014 21 1058 44 962 50 1146 20 1274 72 961 26 1173 84 838 39 776 70 932 59 840 97 958 74 943 86 730
1227 -0.17624142890503169 2.7364079129740708 1.3435733057816788 74 54 43 0.22823037288465886 90 502 98 534 85 491 93 491 10 918
1601 -0.12635945590716743 2.8146337590094115 1.3380685812005069 87 87 82 1.6675715511053935 93 1197 10 1249 61 638 50 1121 48 1477
6315 -0.66173784491882792 1.5726438027412655 1.2322348319851324 224 0 0 0.62000803079744427 16 1109 91 1159 44 969 92 1041 6 1220 36 1158 78 1149 54 1179 5 1205 43 1098 60 1202 89 1019 71 1025 21 1193 31 1219 19 1522 42 1562 48 1609 61 1559 7 1333 64 1352 87 1400 95 1269 41 1286 24 1123 62 1162 25 1189 16 1110 91 1160 83 1134 96 1419 31 1218 19 1521 99 1281 42 1563 51 1282 38 1080 29 1100 90 1160 98 1252 85 1215 93 1283 48 1608 10 1602 61 1560 7 1334 64 1353 87 1401 95 1270 41 1287 24 1124 62 1163 53 1084 25 1190 82 1101 34 1178 12 1118 27 1291 76 1267 32 942 45 1109 100 1106 40 972 28 917 30 894 88 979 75 1018 66 1108 22 890 11 815 20 1230 20 1231 72 941 72 942 26 1064 84 817 53 1083 82 1100 6 1219 36 1157 78 1148 54 1178 43 1097 60 1201 5 1204 89 1018 71 1026 34 1177 12 1117 21 1192 44 970 92 1042 27 1290 76 1266 45 1108 100 1105 40 971 28 916 30 893 55 985 88 978 84 816 39 754 39 755
1228 -0.71731098485356304 2.905460633184378 1.2409757426440904 93 97 89 0.014610400306591107 51 878 98 539 85 489
1602 -0.34469438245032069 1.6514643224241827 1.2653266917854671 157 109 19 0.56905908372142788 93 813 10 1280 79 647 15 898 50 1042 3 762 49 470 67 507
6316 1.1475562589628134 2.2410829456508954 2.0603347171627435 229 214 179 0.84808206251888119 28 516 30 561 55 626 88 556 22 658 40 372 28 397 30 418 55 167 75 450 11 669 96 1067 19 1120 99 788 42 1150 51 1016 90 722 98 999 93 1043 10 1478 48 1411 61 1175 7 1133 87 1232 95 1105 41 1117 62 730 7 948 53 629 25 1008 16 917 91 1107 82 408 6 441 36 407 78 374 60 55 20 1131 84 642 44 890
1603 -0.29243409694377087 1.6206720443367704 1.4714722236233202 0 0 0 1.8755279900915716 93 1071 10 1281 79 730
6317 0.6552745690283458 1.7107438897105194 2.9510807599185807 224 211 176 0.63012592322490601 75 843 66 911 13 291 18 146 4 408 64 44 25 521 16 652 91 484 82 362 36 379 78 371 43 588 34 742 44 606 92 668 45 968 44 762 92 865 100 1050 83 974 40 913 28 867 30 852 55 932 88 918 20 594 72 551 26 619 57 787 84 594 39 455 97 598 74 580
1605 0.35650809478798984 1.589144943948702 2.0147420195978896 166 162 166 0.066604901771054839 93 1093 10 1306
6319 0.69494207348768777 2.4095748368153322 1.8002020672391414 153 96 65 0.33159779383474669 72 213 39 139 97 205 74 445
1232 -0.21673836170057034 1.891141351817716 1.5542905345439126 255 217 70 0.61960193153834453 90 597 98 597 85 67 93 850 10 1311 24 1018 62 1037 53 942
1606 0.44123644759648012 1.6982790547614135 2.9201811009540215 156 107 82 0.89338412620648477 93 1114 10 1325 91 1141 82 930 36 998 78 1088 54 1132 5 1143 89 837 44 960 92 1031 15 805 50 1104 20 1209 3 692 72 928 26 1161 84 841 39 775 97 923 86 728
6320 0.060418362854997319 1.8942238667911069 2.7331151213134426 91 61 50 0.16436298428779456 84 477 39 365
1233 0.11490461000947497 1.932220824666913 1.6209955483084584 49 25 1 0.08789686014546555 90 836 98 617 85 596
1607 0.54058016391080421 2.1264282526895166 2.2787300824777095 239 219 175 0.3448845068248535 93 1147 10 1373 87 1065 95 949 41 973
6321 0.84840475707751439 2.1138780521436513 2.2810901598374786 227 212 175 0.29041778992940526 72 553 39 438 97 596
1234 -0.50296878009035761 2.5338793996573372 1.3594429186281325 19 23 35 0.14085297838286304 90 709 98 685 81 251
1608 0.90959298876722505 2.000847767202746 2.4442802983914329 236 218 178 0.4593875927729873 48 1338 10 1376 61 1280 7 1030 87 1111 95 993 41 1015 25 1110 16 861 91 1100 20 1093 72 889 26 1119 39 719 97 893 74 885
6322 0.79859746286654765 1.1027351019486058 1.4111918547662952 255 252 65 0.4351716488902837 72 861 39 491
1235 -0.50037728541043591 2.5337178216459155 1.3524328035264785 19 23 35 0.15862309844888975 90 710 98 686 85 182 93 174 10 407 79 100 67 107 23 267
1609 1.0361352405090991 1.9562182117588613 2.5076345916581673 237 220 181 0.13644578863513671 48 1337 10 1378 61 1275
6323 0.20058240828344306 2.0034381578371794 2.6815752254320286 244 221 174 1.6622192718416369 84 636 39 508 97 676 74 652
1236 -0.55232883711463221 2.5869809272908637 1.3436385787274663 60 65 86 0.49030151712252296 29 711 98 693 85 685 81 263 49 244
1610 0.41491618143146441 2.2668355660433734 2.1263583462903504 216 197 155 0.26068257964918534 93 1153 10 1380 79 569
6324 0.61858264810832497 2.1764105045160829 2.1785872176014518 247 222 171 0.86444896841184826 91 865 39 511 97 673 74 647
6325 0.38453568596051002 1.0461181053225672 1.9215938435434823 255 241 78 1.4078011757691495 72 1002 39 810 74 963
1238 1.0814211410189036 2.3247748159408945 1.8757112725173266 107 77 67 0.3266715269178011 90 737 98 736 85 738 93 774 10 1253 15 725 50 1015 3 318
1612 0.76101128996860112 2.1950610778590804 2.192318280560015 232 216 176 0.32748150234468609 48 1356 93 1161 10 1392 61 1319 7 1069 24 867 62 860
6326 0.46594904937871273 1.7842763013459204 2.8359799593300896 80 55 44 0.8136636599655902 91 838 72 647 39 549 78 391 54 428 5 107 43 620 34 764 12 797 92 798 45 811 45 953 88 687 100 564 83 298 40 443 28 432 30 210 84 654
1239 -0.33924030851272374 2.7908579406964757 1.239649968348286 105 72 53 0.034744965065124242 90 751 98 748 85 744
1613 0.82370403512167178 2.1739948130457925 2.2183298412348211 232 216 177 0.20142738647856703 48 1355 10 1394 61 1308 7 1066 95 1018
1614 0.94819588614538775 2.1328523446917398 2.2757187700319408 235 218 179 0.2405926694321564 93 952 10 1399 61 1303 7 1062
6328 0.46937288444183384 1.7536854020777224 2.859092395787536 107 74 61 0.34567951410286285 91 475 20 222 72 353 39 267 82 372 43 412 44 447 92 490 84 380
1241 0.51477446495379509 1.1451773485047636 1.3449370766844264 11 8 8 0.075613460182496345 90 765 98 762 85 752 48 988
1615 0.55165067420835245 2.4523339034693761 1.6725648511326117 98 66 49 0.39826191923677678 42 1493 10 1467
6329 0.40003397730321988 1.8251065478420507 2.7997801023629711 65 41 27 0.77022452097856586 98 634 85 611 93 889 10 1058 48 1049 79 315 91 827 20 804 72 640 26 734 39 534 45 948 100 954 83 970 88 792 92 787 84 647 97 695 74 683
1242 -0.73930670064911019 1.8372981060119149 1.0634660372397906 16 15 20 0.20733671297438488 90 803 98 805 85 771 93 574 48 785 10 757 79 469 95 26 87 46 41 25 15 450 50 24 3 20 23 375
1616 1.0232757806927406 2.2822033976863794 2.0096218568980047 230 214 178 0.23838499975737654 48 1413 10 1476 61 1372 7 1136
6330 0.099598296575764689 1.8984539618592504 2.7132239761274821 222 208 171 0.65531073560699471 91 446 20 192 72 331 39 366 83 864 55 496 88 634 89 583 71 624 92 614 75 552 66 878 84 479 52 626 59 489 97 462 74 555
1243 -0.67233715510792436 2.0702760449617443 1.1588160175349134 74 93 129 0.2654454586112916 90 826 98 821 85 788 93 848 10 1024 79 486
1617 1.0878986389572771 2.2603177875583054 2.0486406210653043 229 214 178 0.40777608099968771 48 1412 93 1042 10 1477
1619 -0.8206709869198261 2.4411031049941645 1.2164767590676935 87 105 143 0.30620676693988619 93 1236 10 1531 87 1279 95 882 41 914
6333 0.42627875113489644 1.9130435201703313 1.9471299366264527 80 73 71 0.24137997768389574 70 187 59 160 4 240
1246 0.2793561851224487 2.268163127344851 1.6823140337643601 54 65 91 0.22305697559993404 90 661 98 889 85 856 93 928 79 552
1620 -0.76800305211056941 2.4981163910946451 1.1973523176824725 0 0 0 1.127487783904165 93 1302 10 1533 95 1242 41 1251 87 1378
6334 0.41344929851655626 1.9249175014173652 1.9391641551808556 80 73 71 0.26489825720655608 70 188 59 161
1621 1.4505664917039698 2.1379638438787403 2.174278662993717 0 0 0 0.76621265525159421 19 1325 10 1560 32 789 31 1134
6335 0.068801389259283252 1.8912814749127069 2.3031774582633027 38 43 51 0.077180176857393687 52 188 70 194 59 178
1248 -0.091146592852095198 2.3812189681961753 1.5893368289015968 85 70 16 0.3714729393316154 51 800 98 892 85 855
1622 0.37742454616434601 2.642444716070854 1.5598785386829837 85 85 80 0.8470472925825171 19 1377 10 1562 61 1208 7 1163
6336 0.068999842102927228 1.924816967196699 2.3178260352375792 35 32 29 0.18367257174382079 52 193 70 198 59 182
1249 -1.0071631931014273 2.687217127653164 1.5809278758012109 85 89 84 0.48893205878019602 51 1047 98 907 85 865
6337 0.034324862712658333 2.2463122648004821 2.2065631389365179 216 188 141 0.13725381689404523 52 231 70 210 59 193
1250 -0.72280868862025083 2.6254085165720347 1.3133430752433921 69 73 68 1.4848350852348167 51 1044 98 913 85 876 90 904
1624 -0.8167245437997851 2.0396744548971699 1.1657133753619853 0 0 0 1.4442512307549804 85 1248 10 1581 79 737 67 520
6338 1.1943584264329303 1.9731019321824066 2.5066801384442892 249 222 171 0.23507972888631068 52 380 70 354 59 576
1251 -0.93494272159262626 2.7351013306416592 1.5522940771326244 130 133 126 0.11191515681566853 90 925 98 934 85 896
1625 -0.82352329220402387 2.181235252977181 1.2237438465970165 0 0 0 1.214986822693281 93 1298 10 1588 15 1005 79 841 81 630
6339 0.058230023640292658 1.6288380740932029 1.970047539442239 135 79 10 0.30730114729951502 52 558 70 515 59 434
1252 -0.89625761766613721 2.7664486155332484 1.489633385049898 136 139 131 0.063307177682293464 90 938 98 968 85 921
1626 -0.240747514378407 2.1133805530374632 1.3862867238409962 101 76 15 0.44909042078661371 93 1321 10 1612 15 1059 50 1196
6340 0.39447474557373285 1.8028032040573192 1.9661546919216275 141 135 142 0.31115165355323804 4 529 70 528 59 446 97 432 26 500 74 409 86 505
1253 0.93251104681029562 2.4353011682744778 8.0678624878482061 232 217 181 1.9987201050889534 51 1007 98 977
1628 -0.46275227783793998 2.3305084784628978 1.3142192059983899 10 9 2 0.94616439503571592 42 1366 85 1065 10 257 96 445 19 436 64 742 60 784
6342 -0.70688926002823205 2.2257536485979692 2.3240351983513414 86 55 39 0.56081489119632011 11 395 70 560 59 471
1255 0.48498398876491566 2.4222737545578776 1.89487560234028 214 197 159 0.27141664460296255 90 913 98 997
1629 0.3636740250140223 1.5654602334467012 1.5231796187278253 155 118 41 0.53945095393483045 90 51 93 56 10 125 98 582 85 556 23 209
6343 0.38871098653151981 2.2403179122788357 2.1503110620925754 217 197 157 0.17027014586749797 52 248 70 582 59 487
1256 0.58387189480588642 2.4320344147034842 1.8567221842752188 219 203 167 0.24346062977765834 51 1046 98 1010 85 981
1630 -0.45370541324301589 2.0006662591470983 1.447695702887712 253 214 58 0.54739780084496958 96 719 19 783 99 218 42 810 48 825 10 788 51 954 38 818 29 804 90 827 98 822 85 792 93 855
6344 0.64993428102451223 1.0553989520515521 1.3413552231358234 215 122 15 0.1247023360876755 52 778 70 690 59 592 86 440
1257 0.51937777680750097 2.4523288759541573 1.8435950249944273 215 199 162 0.20862273471522674 90 926 98 1012 85 980
6345 0.65045967527146453 1.0542456458752731 1.3426953615732002 215 122 15 0.32292409418586604 4 781 70 691 97 509 86 441
1632 -0.83740118267466701 1.5651742242376565 1.3207570405130786 167 129 32 0.07822944665316163 48 43 61 66 64 186
6346 0.63432083821347041 1.2922585901676802 1.4545927229534976 255 252 64 0.088688498801838767 52 783 70 703 59 599
1259 -0.16297146863692 2.7145076174631129 1.4178186838147455 27 21 19 0.73899261823072193 90 958 98 1035 85 994 93 1029 10 1233 96 1149 19 1383 42 1502 99 1091 31 1062 50 920 15 598
1633 -0.73122677728592933 1.6194106253012455 1.2403391732672964 255 224 73 0.41214301148941995 48 75 61 89 7 118 24 99 62 137 53 261 82 267 64 236 6 244 36 544 78 204 54 205 43 257 71 5
1634 1.1760331636579762 1.9667917535245083 2.494086862883631 232 218 183 0.35341926261079465 48 416 61 209 87 732 95 642 41 649 25 537 16 507 91 730 72 577 26 906 20 667 39 463 97 606 86 554
6348 1.1157508519598147 1.8884041270208887 2.6009490214253264 253 232 179 0.28697872145576875 52 877 70 780 59 691
1635 0.6329930810770602 2.138809356256103 2.2762885114766487 78 70 56 0.23019339911848263 42 271 61 272 7 290 64 171 87 349 41 293 24 142 62 148 91 263
1636 0.67455197496637931 2.1454168780885934 2.2410415170001854 232 216 179 0.18277956916420807 85 173 61 280 7 307 87 361
6350 0.094735860293015811 2.1194232467782106 2.3775328046951829 224 199 152 0.33700224092247144 52 849 70 832 59 674 74 630 97 658
1263 -0.79397863373136845 1.8654213387986058 1.0817887508128434 105 93 31 0.68854457030895078 90 1095 98 1071 85 1019 93 817 10 1002 79 651 50 822 23 504 49 476 67 376
6352 0.39049479015704447 2.5114317972926372 1.6401346262490519 98 62 43 0.25445305297920157 52 922 70 899 59 810
1265 -0.14472757766875377 2.7414221090993882 1.3405339002268906 64 42 32 0.33550541301682218 90 1069 98 1152 85 1107 93 1190 50 1116
1639 0.39143439920541118 2.4258520842219311 1.802488803466703 3 3 3 0.16695365927950767 48 618 61 476 24 299
6353 -0.41702900576161084 2.0701654670278997 2.4980218510690602 130 86 63 2.1928747404877953 22 962 70 927
1266 1.2513552032101873 2.3495382419204178 1.9655960767539535 88 87 81 1.6733895392889448 42 858 98 1153 20 999 85 1111
1826 1.0847426623221501 2.327384300433017 1.8884027940085089 105 71 52 0.1201545602156108 7 793 87 737 95 650 41 661
2104 0.88166446441573021 2.1645489913775151 2.2571266867216968 234 216 175 0.060097889113703874 87 1149 95 1030 41 1046
1827 1.2032402177099257 2.25319098045953 2.0502922042759013 222 205 167 0.24818529398347247 7 511 87 738 95 651 41 662 24 298 16 668
2105 0.88166446441573021 2.1645489913775151 2.2571266867216968 234 216 175 0.060097889113703874 87 1150 95 1031 41 1047
2115 0.8878173874762787 2.2496678276468698 2.1218764796540746 235 218 176 0.068418656569016315 87 1180 95 1057 41 1070
2118 1.192736267577762 2.0583979832154875 2.3940720264468145 235 219 180 0.069591536490112807 87 1202 95 1082 41 1097
1841 -0.38347769119481984 1.6435304998668609 1.2112318251496634 255 234 65 0.25959677348388349 7 1210 87 1259 95 1138 41 1153 24 1013 62 1035 25 1036 16 951 91 1032 72 830
6555 0.98728586031219279 1.1094905516132745 1.4023886599439532 255 236 69 1.5332362772232637 39 199 97 512 74 367
1852 -0.43022785686011378 1.5456980723121378 1.6568394431052498 0 0 0 0.19965659857961754 7 1387 87 1428 95 1295 41 1319
1854 0.026418489359613478 1.1491296024858926 1.7660329480906101 241 206 70 0.58048759377789061 7 1379 87 1441 95 1309 41 1333 24 1164 62 1193
2132 0.38977559889414548 0.73028583798576729 1.8527579384298487 189 116 14 1.5415584619334834 87 1249 95 1124 41 1138 16 1125 71 1041
1855 0.45561190203190777 2.1904993085458071 1.9177468673167264 212 192 151 1.8453702733987634 7 1399 87 1448 95 1324 41 1353
2133 -0.75588393218560501 1.771832051789626 1.0403031914956997 255 227 72 0.17701638203427386 87 1253 95 1125 41 1136 25 1030 16 944 91 1026 72 583
1859 0.45225171688297011 2.4607963526626468 1.7646896985889653 136 126 104 0.50409473526343429 7 1361 61 1588 64 1360 87 1425 10 1639 93 1351 95 1291 41 1310 24 1142 62 1171 53 1086 16 1089 82 1093 6 1191
6573 0.63382997662372054 2.1570330733602079 2.1797187857687099 236 214 169 0.47853945632867173 39 510 97 672 74 646
2137 0.062684255264117042 1.1461481288510251 1.8394786763011253 205 209 228 0.12461343609850417 87 985 95 1135 41 1147
1867 0.082089609936048941 1.1662485295648048 1.7149803364197111 193 196 218 0.15871458025089291 87 48 95 31 41 35 25 37
2145 -0.18296684084675929 1.7099237412437513 1.8520203457875677 24 28 37 0.20801864341349782 87 1004 95 1148 41 908
1872 -0.078600940091421517 1.4603305390620518 1.8224624931920639 124 82 13 0.095974936920998552 87 496 95 48 41 394
2150 0.075538103726679864 1.6394550493242412 1.5277018697445297 207 177 60 0.093869758126377281 87 1285 95 1160 41 1171
1874 -0.6902855811641172 2.1096554843815856 1.1578105860442438 50 61 85 0.18511838906286585 87 81 95 53 41 61
2152 0.73312557806661705 1.0348408456644653 2.0390962107469726 93 47 0 0.32827635768055646 87 1277 95 1162 41 1177
1875 -0.072326344549188654 1.5613725681156108 1.8966828465340881 248 184 44 0.11442810159514914 87 72 95 54 41 63 25 55
2153 -0.2634266914932511 2.0777096731769116 1.3780815619679689 58 55 60 0.86598536046104568 87 1287 95 1164 41 1179 24 1032 25 787 16 706 91 537 44 666 20 443
1878 -0.67146936410976954 2.2018411598013587 1.3540461135255319 238 181 45 0.089537074620195903 87 109 95 65 41 72
2156 0.72207324542368978 1.3883231845200072 1.4619839659281892 104 91 27 1.0950758392915469 87 1385 95 1174 41 1192
1879 0.59832146830950761 0.99701049948196641 2.0715056704618946 179 108 19 0.30739875742332456 87 80 95 68 41 85 25 140 91 122
2157 0.29299267223291509 2.2631403280228013 2.1177250303074562 81 66 52 0.042469323792932834 87 1303 95 1183 41 1271
1881 0.56688952529761227 1.061364010710913 2.0059661765066892 181 106 17 0.080938966341115859 87 92 95 74 41 89
2159 1.034071827636214 1.9551905610094042 2.4950122109375616 237 220 182 0.11215294942439236 87 1319 95 1199 41 1212
1882 -0.25267298577126029 1.9196781717514386 1.5151327536649635 254 220 57 0.38328003391527549 87 129 95 82 41 92 62 530 24 524 53 250
2160 1.0293588578510289 2.2770921148177021 2.0126225195476115 230 213 175 0.12297577422683741 87 1324 95 1205 41 1217 25 1119 16 1028
1883 -0.81735018383072422 2.5425346463209313 1.3850237069589812 43 50 67 0.090668221367234944 87 149 95 86 41 99
2161 1.3475131406240186 2.0054245531567978 2.1877452596810869 244 224 180 0.14608460217626149 87 1326 95 1207
1884 -0.47591628797484825 2.704507355751284 4.5706896040052802 209 114 13 0.85519715758816395 87 165 95 94 41 114
2162 -0.93940222269230378 1.6102783102442282 1.3342657753631455 255 234 74 0.1353314521368221 87 1334 95 1217 41 1228
1885 0.60941707073111528 1.0437942241393205 1.3899332772669859 119 99 22 0.24793833935660251 87 115 95 97 41 117
2163 -0.83228176880094629 1.720076345813353 1.0801624677420862 254 232 73 0.45828554148360662 87 1335 95 1218 41 1285 25 1127 16 1036 91 1110 20 1006 72 826
1345 0.36518710949550215 1.7517462128014178 2.8064409963652337 40 19 11 0.4113091288936897 98 619 85 598 93 624 10 799 79 303 15 533 50 587 20 519 3 454 23 65 49 90 67 118
6432 0.42267473334769073 1.0023983608922915 1.6784984208244094 67 60 52 0.13583263445910146 58 362 68 339 33 302
6059 -1.2188205159815757 2.4666831881518418 2.0063176070579911 118 118 103 0.040649512983656606 8 373 73 349 37 263
972 -0.053356918775235761 2.7278973093750984 1.4766433883883843 32 24 21 0.76264552753995762 99 1345 38 1144 90 1210 93 1329 10 1617 50 1293
1886 -0.20776112245660641 1.9624340081684659 1.5224982914114047 255 207 54 0.45949901716468944 87 148 95 98 41 106 25 323 16 320
6600 0.77524177155991802 1.688788065357089 2.969095481359294 228 211 173 0.061604266538809606 97 261 74 239
2164 -0.64809341286787503 1.7069153135094028 1.0869226555564799 255 228 61 0.084514217560668958 87 1339 95 1219 41 1230
1346 0.37028739693626561 1.7531190247843256 2.7985317364370039 40 19 11 0.42645181734198495 98 620 85 599 93 625 10 800 79 304 15 534 50 588 3 455 23 66 81 78 49 91 67 119
6433 0.25060175756410952 1.0133981405224857 1.7214415376065406 16 22 30 0.11730240520519242 58 367 68 344 33 306
6060 -1.1937715697788214 2.4063421531907894 2.1197469319941757 224 210 173 0.05718100722732386 8 375 73 351
973 0.30073561865257914 1.1738391808597228 1.4338650885826085 126 103 38 1.0431499036123923 99 1364 38 1146 29 1153
1887 0.212554468007421 1.7686347902847259 2.7158281830501649 222 127 19 0.49182490438710147 87 164 95 107 41 130
2165 -0.59488366170619633 1.6947096304002727 1.1206953928279644 255 224 61 0.14478069675034544 87 1340 95 1220 41 1232
1347 -0.47267262125767812 2.1636608937434167 1.2414678720623236 103 67 11 0.46183184120831222 98 89 85 600 48 373 10 187 61 419 79 53 15 73 3 69
6434 0.26900288853988341 1.3661152101922041 1.3521791485562789 240 207 69 0.13040281155674752 58 371 68 348 33 314
6061 0.37480223466875678 0.99545853667560058 1.5228779000440182 152 153 157 0.026806838580279716 8 1 73 364 37 276
974 -0.54929674752546498 1.9828072155749492 1.4737243145810244 243 199 62 0.39292599041934784 51 1341 38 1151 29 1157 90 1217 98 1315 85 1272
1888 -0.31276800117908249 2.7401527732592519 4.560821460208639 192 110 18 0.89785578474546524 87 186 95 117 41 145
2166 0.29398885325848423 0.90966884503795475 1.691808520868906 192 203 233 0.12793997613830208 87 1337 95 1222 41 1234
6062 0.30994450867288487 0.82429379670833014 2.0170991802713885 255 209 56 0.18098544893959934 8 391 73 368 37 280
975 0.79233662315983966 2.4185360734666328 1.8437059693954347 43 30 25 0.67436951318349225 51 1347 38 1153 29 1160 90 1226 98 1339 15 1110 3 966
1889 -0.31276800117908249 2.7401527732592519 4.560821460208639 192 110 18 0.89785578474546524 87 187 95 118 41 146
2167 -0.61953831738071763 1.7968110792251399 1.1407556108522676 34 34 34 0.27845061377597302 87 1405 95 1223 41 1236
1349 0.24240368185402197 1.9848204194054464 1.5923875912479686 17 20 32 0.082720164411074951 98 636 85 609 93 124
6436 -0.73590835185004355 1.4832443675907718 1.4300028989739997 223 172 48 0.84290311884143909 58 521 68 488 33 320
6063 0.22383142751134666 0.87688294245678855 1.9554531208095352 154 122 36 0.34438927096443633 8 664 73 369 37 533
976 0.69374856534381979 1.5408202896433787 2.9918462887323116 0 0 0 1.0553681246394366 19 1561 38 1171
1890 -0.25578529533964217 2.7950735248892467 4.8076026581749627 184 110 23 0.39420301953561698 87 194 95 126
2168 0.3552761031631117 0.96343649540852661 1.6282698932417017 176 187 213 0.22719709721091949 87 1344 95 1224 41 1238
6064 0.20488433825034919 1.3900196373601588 1.3770209694216133 110 69 8 0.080214607450685857 8 393 73 371 37 283
977 -0.67413928175335236 2.4920145954255335 1.5818902795503766 19 20 22 0.44704959998003879 51 1377 38 1188 29 1193
1891 0.8612199539688884 1.0271330654970248 2.0140875438885493 254 237 83 0.28487073708148641 87 161 95 128 24 32
2169 -0.77457066797747198 2.0462554987041401 1.1247533423156639 0 0 0 1.1376339654028473 87 1408 95 1225 25 1129 91 1116
1351 0.34093510205697314 1.8548112719604055 2.7606510631353403 46 30 22 0.18466130587612942 98 635 85 613 93 635
6438 -0.95319108626120796 2.174610450659713 1.6248416118488012 98 92 27 0.12485879387257232 58 397 68 383 33 349 1 556
6065 0.31472862664014795 1.0260427064542912 2.0590533927797967 123 84 16 0.16664753835186155 8 403 73 373 37 289
978 0.33446361613873321 2.4239331170206819 1.8202937845701188 3 3 4 1.5464144259550348 96 1104 31 871 19 1170 99 1037 42 1211 38 876 96 866 19 878 99 815 42 883 51 831 29 866 90 733 98 976 85 942 93 977 48 914 10 1214 7 459 77 570 56 558
1892 -0.43245861410816105 2.373247050386158 1.3684782148480565 4 4 5 0.09235432079577216 7 392 95 130
2170 -0.72253587062049973 2.186908994354916 1.1740592090287107 83 95 126 0.25231385936493389 87 1358 95 1228 41 1242
1352 -0.18307899544805875 2.1416258295111796 1.5609551893894906 4 3 1 0.75483394638618884 98 101 85 614 93 888 10 818
6439 -0.84372277875811119 2.3404705946421749 1.3747811519318869 90 107 142 0.15777060803738563 58 402 68 388 33 355 35 292 14 388
6066 0.2861876156150277 1.4380522277634984 1.4767513208591361 50 47 48 0.03594147420555157 8 399 73 374 37 290
979 0.83784226896601299 1.4305644812768397 1.5296564187067438 0 0 0 1.0757211114621552 31 980 99 1231 38 1082 42 1522 96 1417 51 1314 90 1193 98 1311 85 1267 79 838
1893 0.50899899803469728 1.3490409923330517 1.5443514382479659 38 30 15 0.19955617503425749 87 171 95 131 41 160
2171 -0.28027105976451722 1.8360753414461517 1.4103692387506921 251 203 54 1.1597780801803508 87 1360 95 1232 41 1294 25 1197
1797 -0.57232806243490075 2.5127421564119135 1.3454740910401319 9 12 17 1.3510269814505613 64 1397 24 1178 7 1405 62 1211
2075 0.82057864436628614 1.2213602759430751 1.5033712836318247 255 253 74 0.40847494341130408 87 853 95 924
1383 0.90496254286269551 2.0319347685039872 2.3928158902371681 138 124 96 0.88036451145724781 98 883 85 851 23 448
6470 -0.57032017793025136 2.7101439729938281 1.5428315675471267 77 81 75 0.25192976736106876 58 505 68 475 33 499 1 743
6097 0.47002893483176761 1.7020834675545551 2.929446509797331 152 103 78 0.22145387230972355 8 515 73 470 37 414
1010 -0.17143090765045291 2.733236576079813 1.3201698629086582 76 54 42 0.22588708881263106 38 433 29 426 90 503
1924 -0.43814586036766745 1.5377152326326289 1.3973563556886606 254 228 67 0.24451239020888196 87 776 95 348 41 683
2202 -0.35347893766752903 1.8091741680070088 1.4334076685691557 255 217 62 0.71968693248685967 87 1446 95 1315 41 1339 25 1246 16 1161
1667 0.54097910231994106 2.2279949793398979 2.1643703818402571 228 208 169 0.23004111103284453 48 1350 61 1317 7 1047 95 964 87 1089 41 988
6381 0.23415794646407423 0.93756388151560321 1.7904187027048637 143 122 46 0.39767560781728534 2 582 58 237 68 209 33 186 35 162
1294 -0.11043342638307049 1.4878027688417896 1.7633330395590483 134 96 20 0.14527906331021942 98 29 85 28 93 40 10 751
1798 0.3761164467611231 0.73672920031031652 1.8569394691741652 187 108 11 1.066582053030301 10 699 79 0 24 768 7 801 62 779 53 867
6512 0.29559852191860153 0.96098764493115985 1.9368366862158355 153 88 12 0.11089714829485471 26 131 97 83 74 81
2076 -0.29200780631438961 2.5805254327314802 1.4910987151722117 5 6 6 0.13522071980445868 7 1252 95 926 41 946
1384 0.97542189480233288 2.0778251847526552 2.3537802176904896 230 216 178 0.24801766165355346 98 898 85 870 93 940 48 1185 10 1387 61 1131 7 1042
6471 -0.55472984159126504 2.7459372728758922 1.4777691393522241 80 85 79 0.24448282280749231 58 506 65 924 68 476 33 500 1 744 35 381
6098 0.55220912416751755 2.1525205799560916 2.4680521081722757 9 7 7 2.6040420584915438 8 512 73 472
1925 -0.49756362557535022 1.6587963792003981 1.5992672562854335 144 80 11 0.11423260998082063 87 784 95 354 41 378
6639 0.29496053201264261 2.5071448671666001 1.6944890808378008 89 96 95 0.12794962860042894 97 649 86 589 74 621
2203 0.55509699997363082 1.7653225902391638 1.8458089233231783 235 211 167 1.7940116997128019 87 1455 95 1321 41 1307
1668 0.53981722315553082 2.2275636083622778 2.1663783296780528 228 208 169 0.13303379307889773 48 1351 61 1318 7 1048
6382 0.28768786514022238 1.5439659894328304 1.3949529660655726 95 111 145 0.17110785647730928 2 601 58 377 33 322
1295 -0.29606971946414429 1.7573435140402458 1.19690811674169 211 210 231 0.53576914493134009 98 37 85 40 93 587 79 243 3 356 49 18 67 21
1799 -0.33204412793292348 1.7298711280839456 1.2973432802453271 255 242 71 0.27402673512228598 93 582 79 31 15 755 49 21 67 212 3 628
2077 0.48095935735781831 2.0279485382142681 2.0508052520211031 234 211 167 0.19984768644242082 7 1232 95 939 41 963
1385 0.62762208099159866 2.2435487102210598 2.2025476198070195 233 215 176 0.073675610875076236 98 917 85 889
6099 0.020753773644931559 1.9327963278068785 2.4313856681340824 9 7 7 0.045518185245150306 8 520 73 473 37 413
1926 0.09930616889926791 1.2139606519105433 1.6776132830082993 53 56 72 0.11612152770743334 87 490 95 363 41 387
6640 0.40702554220534626 2.4966138850520623 1.7106761622397044 82 68 55 0.17782582134378708 74 623 97 653 86 592
2204 0.70795187911345558 1.0460784448809624 1.3248911812892095 255 251 70 0.073639071593834413 87 1450 95 1330 41 1348
1669 0.95946900175065952 2.3002645007531375 1.9912923368083857 230 213 176 0.45665402892721635 48 1226 61 1375 7 1135 87 1221 41 1104
6383 -0.85053250186264917 2.3766780574855924 1.6583997823877157 4 4 5 0.66491479814643506 2 662 58 409 68 396
1296 -0.26529634859838175 1.8295797015066353 1.6232405965386656 250 205 68 0.76625967072688528 98 45 85 58 48 792 61 814 7 690 85 565 24 514 62 661
2078 0.42634236067248515 2.1419423183713739 2.1894515237934646 234 211 167 0.073466034378532441 87 1304 95 940 41 964
1386 -0.64839875993379537 2.6465041947836014 1.2170312020719014 124 126 120 1.3872422016362642 90 919 98 931 85 890 93 926
6100 -1.0466376686080816 2.0635703166252033 1.6423063038063979 79 86 107 0.066459310205823227 8 222 73 479 37 137
1927 -0.69965045996526287 2.0198912494949712 1.2485767787179691 105 55 5 0.087470050563711585 87 502 95 367 41 389
2205 0.19661707222865096 1.9588086297301817 1.6414678651159762 68 76 97 0.17956637811662671 87 1451 95 1331 41 1349
1670 -0.0080371962625206891 2.686202737855043 1.5001962483066287 84 94 94 0.19977772824083373 31 913 61 1405 7 1153 87 903 95 798 41 796 24 950 62 962 53 852 25 639 16 572 91 442 82 878 6 816 6 991 36 762 78 739 60 780 71 609 21 808 44 514 92 547 20 204 72 307 26 263
6384 0.42001351782688673 1.2256424525838998 1.4279160853227282 101 84 19 0.24810681765036402 2 730 58 447 68 432 33 309
1297 0.30362540624587825 1.7676535877521613 2.8214837069474159 38 18 10 0.18627682009375701 98 79 85 87 10 178
1801 0.37515661261701094 1.8490872654456005 1.9232727349973502 3 3 5 0.47357679677668313 93 112 79 60 49 58 67 250
2079 0.50825744690702124 2.0921417994266696 2.1664364593068766 238 216 171 1.2448412878328328 87 1060 95 943 41 967 20 1080
6101 0.22910784993351999 1.772891783687865 2.8446231524514642 150 98 69 0.1334047006606138 8 774 73 481 37 661
1014 -0.78672655154915982 2.9278986172311519 1.2223409459169987 94 95 86 0.17896293648714739 38 496 51 596 29 485 90 534 98 541
1928 -0.48538957716587633 1.8258504121619656 1.5397440813455143 154 117 36 0.47114304152312897 87 60 95 368 41 52
2206 0.80338343854275085 1.2820482636212533 1.4357974195466356 107 91 26 0.60540867241828689 87 1452 95 1332 41 1350
1802 0.32660001872892214 2.0733262341511534 2.0677687811187777 131 96 21 0.041450518509024085 10 327 79 97 49 87
2080 0.41166605057133304 2.2835272349523859 2.1249798631222401 220 199 156 0.065449038309275342 87 1071 95 952 41 975
1388 0.40287585746203047 2.3491374023159879 1.810749114973528 1 2 3 0.080746907316152611 98 936 85 902 48 902 61 904
6475 -0.95494189944823404 1.9496338324688836 1.5077006159252089 101 0 0 0.20889807766069818 58 604 68 565 33 542 1 805
6102 0.21802042324926918 1.8628780656019712 2.7421142640773808 49 32 25 0.098823499242328403 8 775 73 482 37 426
1015 -0.67520176127097931 2.9462670614840261 1.1606310911026099 54 37 30 0.37806990230266335 38 497 29 487
1929 0.37694132178180789 1.0397068776434495 2.0039933778981185 254 221 58 0.056396543792986982 87 492 95 371 41 397
2207 0.80338343854275085 1.2820482636212533 1.4357974195466356 107 91 26 0.60540867241828689 87 1453 95 1333 41 1351
6386 -0.85855884492581447 2.2925647716565707 1.4627734343379737 87 98 124 0.23455162415839845 2 772 58 542 68 505
1299 0.37139058520148793 1.7841457500857616 2.7939816198375111 147 98 70 0.30971841752468393 98 626 85 93 93 627 10 1047 15 133 50 907
1389 0.6715001631250419 2.2728450141922263 2.0915856841562612 231 214 176 0.17042197510783891 98 933 85 912 48 1366 61 1346
6103 -0.075700009016112291 1.9837106191594551 2.4453266262302615 5 5 6 0.43659108573179439 8 529 17 593 73 487 37 427
1930 0.4022972151581477 1.0450935372262988 2.0539350272599024 146 80 12 0.24404586585664012 87 495 95 373 41 399 25 87 16 118 91 89 44 131 92 178 20 74
6644 -0.28688240122733172 1.9477349428450834 2.6100207237321231 158 105 78 0.23859870598171859 74 868 97 646 86 657
2208 -0.74667778820751063 2.3363366967359207 1.2804695014365448 98 87 28 0.37038657685890214 87 1457 95 1335 41 1355
1673 -0.84923865228763029 2.8830291460551085 1.2943468535134064 130 132 123 0.77978130195144524 19 1464 61 1493 64 1268 62 1069 24 1044 36 1135 53 989 78 1121
6387 -0.88822035829135615 2.0981184521829088 1.4963376901616363 183 147 38 0.043940403955361279 2 878 58 582 68 540
1300 -0.35333821869185467 2.2981152137212484 1.4866830462939125 76 66 16 0.091248060417755059 90 183 98 119 85 118
1390 -0.83276086589100662 2.7454121626067836 1.5145391081791997 129 131 124 0.12118260134411728 98 964 85 916 48 1398
6477 -0.752589229496611 2.1600603439247541 1.3642818793402021 153 117 28 0.32022939068801487 58 622 68 588 33 562
6104 -0.011813952656295632 1.9852066023403605 2.5354210988311987 233 214 172 0.12787296269448581 8 536 73 491
1017 0.50114383846055244 1.2128291016839972 1.507925818404305 122 103 32 0.63068539792010958 38 518 51 901 29 505
1931 -0.64539883264689291 2.0380773548712869 1.1832720608177834 77 92 124 0.066403458403779092 87 513 95 374 41 398
2209 0.73739914401521189 1.9877496654351696 3.4034075545519062 229 213 174 0.83531912981095802 87 1464 95 1337 41 1357
1391 0.48302979904694976 2.3373554581237901 2.021358295870475 217 199 159 0.052767330589751485 98 942 85 924
6478 -0.92012738865477939 1.9186539166300358 1.6587616535200735 161 121 28 0.87119569051401113 58 606 68 585 33 574
6105 -0.61790520662180692 2.1086327093665629 2.0713184530011164 132 77 10 0.047275166837752909 8 547 73 499
1018 0.52647194702313305 1.260347788845148 1.5262542764563176 26 24 25 0.29562046893420751 99 638 29 511 61 715
1932 -0.030152034936034459 1.5390853623952738 1.7361592161766048 125 90 18 0.086900716960647259 87 517 95 378 41 404
2210 -0.47824947224092346 1.5649210738515771 1.8783124215821381 0 0 0 0.34757937907120984 87 1459 95 1340 41 1360
1675 0.70565620554197706 0.90997432506372111 2.2332797922903862 216 156 39 0.97010857953826757 93 1209 61 1499 7 1326 87 1410 95 1279 41 1296 24 1114 62 1144 53 1056 25 1234 16 1149 91 1176 82 1081 89 993 20 1244 15 1084 72 972 26 1183 97 937 86 735
6389 -0.96924242419836026 2.4314945033040272 2.0320272374006274 67 69 63 0.090354848573409294 2 489 58 191 68 164
1302 0.50212132811068666 2.1626571081865005 2.2181007717917285 237 217 176 0.08083077374318795 98 155 85 158
1806 0.72624020903494613 1.5905951760347088 3.007836231415296 0 0 0 1.0664120882922128 85 1049 79 686 15 957 49 421
2084 0.5090217297248979 2.292492890954279 2.0939588386537578 222 203 162 0.068275724050227124 87 1095 95 969 41 994
1392 0.70036976607061852 2.306145662490986 2.0685322243605802 229 212 174 0.093227454297437881 98 959 85 947 93 998
6479 0.84226552303615221 2.6069039902293127 1.7156849574036495 0 0 0 1.4785648452901441 58 639 68 604 33 579
6106 -0.86308946561606781 2.3877361855765415 1.5743526521738438 2 1 1 0.45955070460739872 8 781 73 501 37 164
1019 0.44362928310338279 1.3239372453440499 1.5945366632193001 101 80 16 0.11592514913217673 38 527 29 516 61 721
1933 0.46219839038528371 1.0660186781878129 2.0114387468055765 255 223 60 0.10153607506937457 87 69 95 379 41 409 25 352 91 375
2211 0.57121790382025506 1.1002545099433365 2.4070326787433878 14 14 0 0.37999409069343376 87 1460 95 1342 41 1362
1676 0.85593973998486794 1.1066285534462643 1.9242248284128931 0 0 0 0.79623239261416323 48 1576 61 1501 7 1331 24 1149 62 1177 53 1092 82 1116 43 1116 34 1197 12 1140 27 1278 76 1254
6390 0.28540763009158032 1.5686606386067024 1.4119032057752328 17 22 31 0.20361019483076448 2 391 58 256 68 225 33 32 1 33
1303 0.375167104370352 2.2049093530495347 2.1777714743378587 225 204 163 0.17167804637255721 98 160 85 161 48 435 61 298
1807 0.377161223393845 2.1545684948248178 1.9819613011589325 227 203 159 1.9247424988651689 98 1300 79 847
2085 0.6093793621061091 2.1950685055808727 2.1760384359428122 235 216 174 0.20092317333974039 87 1096 95 973 41 995
1393 0.69322668719944225 2.3085576545165618 2.1053723772218991 229 212 174 0.07054656853182778 98 960 85 948
6480 -0.13590740372313567 2.4673082455762478 2.0559457074356207 45 33 22 0.77980386555002734 58 636 68 601 33 580
6107 -0.54122611174459923 2.8551303099638052 1.2681939961725983 40 27 21 0.23475731928855925 8 545 73 504 37 180
1020 -0.6758285761288999 1.6752736998123781 1.1443038423537477 254 234 77 0.18896347937428887 38 538 29 527
1934 0.46341346706909886 1.0652797557505735 2.0097597402232688 255 223 60 0.15815646325900384 87 70 95 380 41 410 25 353 16 375
2212 -0.68343355728724575 2.8862597742345995 1.2364881545000772 106 111 106 1.8840693050049255 87 1463 95 1344 41 1364 24 1183 62 1214 53 1133 25 1256 16 1171 91 1220 89 1062 71 1072 44 1019
1808 -0.44494325857857192 2.4578815882879139 1.3470431353437615 19 21 30 0.22669616711058516 38 311 29 306 79 312 90 253 85 666 15 109 3 99 23 254 49 227 67 271
2086 0.018102669457916113 3.408783186599222 3.1654267531003062 221 202 159 0.27426679412104232 87 1119 95 977 41 1001
1394 1.1659666824086876 2.1884996384716864 2.2101524112928215 236 220 182 0.14747846836765421 98 979 85 958
6481 -0.84581165238830736 2.3375059949047889 2.0504723565994167 11 10 9 1.8502703078293414 58 635 68 599 33 581 1 829 35 547
6108 -1.0077281278598931 2.2284786753902566 1.6926153513429765 109 111 126 0.14603433919294662 8 551 73 505 37 425
1021 -0.78604005580811298 1.8471997334636872 1.7292808598087948 255 239 79 0.12486590991613966 38 563 29 547 56 90
1935 0.45689093409105991 1.0825371166740276 1.9944857762961958 201 114 16 0.044202466728101929 87 508 95 381 41 413
2213 -0.57931107750973232 1.558796816988268 1.2924514203866844 172 129 43 0.090810510832318225 87 15 95 10 41 10
1678 -0.60637787244014818 1.4927566423728795 1.3121545640701875 230 193 56 2.7091918712707295 42 1589 61 1593
6392 0.49253423592170631 1.114817464206709 1.3698715962750629 32 37 47 0.11564798939602083 58 6 68 4 33 3 1 4
1809 -0.61960912771811527 1.6042322802654743 1.2321625283180289 255 220 62 0.26649240992408774 64 202 87 20 95 15 24 103 25 2 16 291 91 3 6 230 36 219
2087 0.57077910722220071 2.2724275687146265 2.1231291920473345 230 210 169 0.089960183644379146 87 1109 95 981 41 1003
1395 -0.21637295153251948 2.6722619928364373 1.4990867499864342 11 12 13 0.80892735123320436 19 1458 98 1014 85 979 48 1440 10 1404 15 576 50 604
6109 -0.62445911611497007 2.8618392250460762 1.3048976610261549 101 101 88 0.106466087960375 8 559 73 510 37 446
1022 -0.690558448614353 2.1078613936211661 1.1640137714484848 20 21 30 0.21944749382418519 38 823 51 124 29 575 90 88 98 61 85 70 48 297 10 151 93 76
1936 -0.29320615182304371 1.7856606500830492 1.3259400954361742 252 229 61 0.17361628629129972 87 529 95 382 41 406 25 297 16 304
2214 0.26735516184229879 0.88972412098055265 1.74369998747955 78 78 81 0.25398926479245387 87 23 41 24 25 306 16 331
1679 1.0234145839576396 1.4889867981648282 1.7603356872000753 0 0 0 3.3114138651151266 48 1687 61 1607
6393 0.4819503313540377 1.1187616019914095 1.3641391327567396 32 37 47 0.20396515690242537 58 7 68 5 33 4 1 5 35 2 14 1
1306 0.559385612439252 2.1855321552033513 2.2117560274831942 231 214 175 0.049810783784785324 98 179 85 177
1810 -0.45376316030054592 1.6444764979965865 1.2146812675983538 111 70 9 0.19096167031334274 7 672 87 50 95 357 41 379 24 120 62 159 25 7 16 4 91 299 72 5 26 58
2088 0.57077910722220071 2.2724275687146265 2.1231291920473345 230 210 169 0.089960183644379146 87 1110 95 982 41 1004
6110 -0.68358553783061959 2.8408671299539323 1.3423733788036154 121 125 118 0.092205823403108331 8 566 73 518 37 201
1937 0.52439137224850474 1.0393492393792094 2.0341721545499043 253 219 55 0.11070393838819632 87 512 95 386 41 420 25 371 16 392
2215 -0.29859319075688406 1.7788742814596532 1.289820480807351 126 78 11 0.22014285436279876 87 85 41 67 24 148 7 200 62 195 25 295
1680 0.84544070357028067 2.0141826465318142 2.4153252590205252 235 218 179 0.24103963299907982 48 1172 10 1188 61 1111 19 789 31 139 42 766 7 1025 87 1101 95 984 41 1006 25 931 16 838
6394 -0.83621603766958863 1.779397623337752 1.0450677049885193 102 87 21 0.28278695527481629 68 22 33 30 58 253
1307 -0.43763558060057711 2.5148187233762433 1.3779824305279422 18 19 27 0.074548409442729696 98 210 85 184 93 179 10 413 79 104
1811 -0.52316484030883015 2.5879309148444274 1.3003879145105521 1 1 1 0.98639653171043828 7 777 87 208 20 133
2089 0.84513831231610437 2.0117491047761873 2.4123655101280503 238 219 178 0.14691637536571006 87 1100 95 983 41 1005 25 930 16 839
1397 0.22307858629503297 1.0005170074071819 1.6900948379076066 109 121 154 0.59425930411242511 98 758 85 996 48 1267 90 762 7 965
6484 -0.33576976426952099 2.7764907742977223 1.2839738503652944 31 22 19 0.55768842785208783 31 745 32 551 46 462 2 498 58 175 68 151 33 258 6 615 5 571 43 243 21 624 65 567 1 445
6111 -0.65974933141195535 2.7921928072694469 1.4245114701909627 112 114 107 0.094584349543928983 8 569 73 520 37 456
1024 0.32164792461407299 1.943563112919608 1.8843791540340058 84 54 12 0.32281135153339346 38 589 51 971 29 583 90 850 98 638 85 814 23 404 81 364 49 403 67 427
2216 0.47110205614977263 1.0563442571271919 2.0361564665255973 191 104 13 0.057737366545963738 87 68 95 59 41 71
1681 0.60288336365942963 2.2068073892969307 2.1933823975783726 228 211 172 0.281265742972302 51 997 90 669 98 899 85 874 48 1348 10 1386 93 1156 61 1314 96 805 19 1078 42 1128 7 1049 64 909 87 1097 95 974 41 996 24 849 62 852
6395 -0.9699237835679354 1.8283288930924193 1.4225927457481042 95 69 15 0.053939596283898696 68 53 33 47 58 66
1308 0.21676780044398961 2.3157601388809534 1.6727546049763957 35 30 15 0.052543276465759202 98 197 85 193 93 232
1812 0.383990902570917 1.8770309491912331 1.9124037977603168 57 52 60 0.18108064827917225 93 120 87 234 95 187 41 225
2090 0.5411273037630121 2.3283670594110455 2.0441917063078439 224 205 163 0.074237310540249582 87 1112 95 985 41 1009
1398 1.1041768996688373 1.2246056669160712 1.5715524907886478 0 0 0 0.057849735745117328 98 1180 85 1006
6485 -0.86314930953942903 2.2637469934734198 1.5110728512392235 67 50 7 0.35776501510471831 46 120 80 620 2 647 68 385 58 399 33 353 60 587 21 607 47 573 65 750 58 485 1 558 35 367 14 484
6112 -0.65439424155171733 2.7299941982089857 1.5101447908927859 102 101 89 0.055304078880850337 8 573 73 523 37 457
1025 0.30106937080689172 1.9780392064371419 1.8899847217188583 111 91 23 0.17185041155674621 38 596 51 702 29 584 90 626 98 641 81 368
1939 -0.25448145490428387 1.8001375296413031 1.6943985940327582 212 171 56 0.15539782824083551 87 533 95 389 41 714
2217 0.97169832195223294 0.66163696005804762 0.81265459394344042 255 221 54 0.39676784558387773 87 128 41 149
1682 0.69887164056275364 2.2179342033143801 2.1640360733716268 231 213 176 0.24695414404726607 48 1359 10 1391 61 1325 96 814 19 1091 42 1134 90 680 98 914 85 886 7 1067 87 1124 95 1001 24 869 62 870
6396 -0.96835894567650727 1.9155244045531659 1.5112377214471564 111 1 1 0.15923922346712996 58 267 68 66 33 57 1 75 35 188 14 58
1309 0.21676780044398961 2.3157601388809534 1.6727546049763957 35 30 15 0.052543276465759202 98 198 85 194 93 231
1825 0.1219312439016125 2.4108013368615233 1.6712690421730485 2 2 3 0.28538538297291205 7 769 61 911 87 697 95 789 41 618
6539 0.40631640370566285 1.9807570608798239 2.0629187685835944 29 27 23 0.34834817123775935 20 197 26 268 97 451 22 175 11 190 63 479 13 157 94 377 4 556 52 585 70 558 59 654 74 430 86 520
2103 0.70242402311047392 2.3106934321774637 2.036836302346821 232 213 171 0.038496230150202572 87 1145 95 1026 41 1041
1411 0.82386780514947677 2.3523292291545905 1.8584851001263476 111 80 68 0.77214290019869336 98 1139 85 1093 93 1253 50 1218
6498 -1.3042516335106085 2.3278326418791773 2.1562198921452227 155 109 86 0.17669071992395699 33 150 1 472
6125 -1.4179109112456978 2.3697452314141438 2.1566283436569123 73 50 38 0.07059638801182555 8 649 73 601 37 521
1038 -0.21596774482832218 2.5183816280248523 1.5774617710428842 42 34 27 0.55641945207544996 38 700 29 698 98 699 15 555
1952 0.61465411725889985 1.063464304007425 1.9905671248531864 188 119 42 0.078211374539051928 87 543 95 432 41 459
2230 0.54615870377110565 1.0032136495618649 2.0949630475545753 185 111 18 0.1661185373081904 87 504 41 414 24 373 62 389 53 330 89 315 71 382 44 175 92 214
1695 -0.17148866107577021 2.0707925450792763 1.3854951090037817 166 177 205 0.17554098266757634 61 349 7 303 87 185 25 72 91 74
6409 -1.0188218646396954 2.3996187579674935 2.086633958449164 98 95 79 0.10938684579698359 68 162 33 147 58 190
1322 0.82656059811923155 2.3338362078538504 1.9870237564141084 236 220 180 0.15798011819738877 98 446 85 425 93 750
1824 0.37020388541005117 2.2462300746228245 2.1472318929924215 211 192 153 0.18868373958596754 7 747 87 696 95 611 41 620 91 468 20 577 72 336
1410 0.082315768806445172 2.5722627932494802 1.6751841484685013 15 17 17 0.27043163564852885 98 1141 85 1089 48 1561 93 1167 10 1548 7 1254
6497 -0.51790641626101797 2.8834655433347463 1.2401283359939688 121 84 67 0.93341602001159507 58 220 65 609 68 191 1 467
6124 -1.3380965514547118 2.4400733930340492 2.0633100832862867 223 211 175 0.044039656486418589 8 648 73 598 37 520
1037 -0.10350752758896345 2.4760241222538135 1.6546945306380649 46 37 28 0.56093201407586768 38 692 29 687 50 195
1951 -0.30030350121528659 2.4131773329161543 4.7679713473856458 254 235 89 0.88588877612477424 87 572 95 429 41 454
2229 -0.65060076155216517 1.5244811741914961 1.2591220584892442 255 233 73 1.0950174270742248 87 472 41 374 72 0 39 0
1694 -0.20032965045517703 1.9791237968155593 1.3871407244947775 31 37 49 0.13030097017429038 61 870 7 268 87 158 95 104
6408 -0.65611272920989505 2.6384915887053566 1.668665796958805 44 44 38 0.16583600761072415 65 349 33 146
1321 0.46948406413091121 2.4303200442006125 1.8579483863584991 210 195 158 0.0737521754579058 98 440 85 421 93 441
1823 0.13113683812422272 1.9892292559413716 1.5425997005746463 9 14 21 0.68968510693581486 7 932 87 645 95 536 41 550 91 557
2101 0.61299073641267077 2.3810449164665495 1.9251106961227622 224 205 165 0.082237719344962004 87 1143 95 1021 41 1039 25 884
1409 -0.49469500040912767 2.7459684405111235 1.3756626742178304 48 54 52 0.1484468429314203 98 1146 85 1088 93 1164 10 1390
6496 -0.66500752481101577 2.6533068066815426 1.6331756561854476 80 86 81 0.13702564669504266 33 378 65 588 1 464
6123 -1.0972045567202002 2.4223547211551777 2.0597869828847282 113 112 98 0.015566715522020297 8 639 73 585 37 256
1036 -0.27525404544219623 2.495999801969504 1.4599362709501877 8 7 7 0.066890337750296749 38 688 29 686 90 714 85 225 98 257
1950 -0.24272937539080161 1.8832482026961908 1.5351414379463877 242 198 53 0.29149965428410968 87 123 95 423 41 442 25 42 16 312
2228 1.2522614766974332 2.2200851626751641 2.1026887724707728 123 118 104 0.066042627024840497 87 463 41 368
1693 -0.61759370509810185 1.6227968840832505 1.2222032603987076 163 112 29 0.17355163154014092 61 100 7 143 53 262 6 234 36 220 60 178 21 80
6407 -0.68272514880779522 2.584107706646221 1.4137324034900463 88 74 19 0.10316994044955523 58 163 68 140 33 129
1320 1.2814678312766943 2.1705584452807725 2.163800611465768 126 117 97 0.049092136270186881 98 423 85 413
1822 -0.34841180768133934 1.6905231339202411 1.2384834685602211 253 228 61 0.19787741523060498 7 177 87 500 95 370 41 390 24 133 62 175
2100 0.73272634441658624 2.2523395578050818 2.1114542901474507 234 215 173 0.055154778683401608 87 1141 95 1016 41 1036
6122 -1.0573029751849494 2.2813921055394992 2.2024562676559816 39 27 24 0.12733446141845764 8 823 73 581 37 254
1035 0.13415199761453228 2.6483197741130069 -1.6905878004464738 19 24 34 1.3043867415918773 38 197 29 685
1949 -0.6201400667113437 2.2045470317685365 1.3135948078547461 199 158 39 0.1975506066616706 87 117 95 411 41 78
6663 -1.4065166141605838 2.4050786464232794 2.1697117870479969 103 104 96 0.43938307696936074 46 686 56 661 2 848 1 751 65 943 35 447 58 592 68 516 33 503
2227 0.74804052882515171 2.3860240538433608 1.8389917409435117 43 28 25 0.35199106058469426 7 518 41 353 24 327 53 243 25 275 82 186 6 172 36 464 78 422 89 437 71 386 21 100
1692 0.51458757276302491 1.04183361617712 1.5173543625568413 139 123 35 0.034674206355417327 61 33 7 72
6406 -0.69249533940267605 2.5657682806662203 1.4114950017765737 7 7 10 0.093954363391003728 68 136 33 127 58 161
1319 0.72204604942083173 2.3446910580087215 1.963574934999945 228 212 177 0.029666962738907295 98 432 85 409
1821 0.48765811610411125 0.85955588468021538 2.0828597803145468 169 99 13 0.41017251324400417 7 566 87 485 95 362 24 361
2099 0.73272634441658624 2.2523395578050818 2.1114542901474507 234 215 173 0.055154778683401608 87 1140 95 1015 41 1035
6121 -0.96982894384013585 2.232608849058503 2.2950816415325304 148 98 69 0.15199031491665876 8 819 73 578 37 512
1034 -0.44022337391279071 2.5161635646328238 1.3787884567684032 19 24 34 0.10381500117943979 51 433 96 529 29 684 90 318
1948 0.58130707903935142 1.0305475420534309 2.0415785142915741 188 115 22 0.071103989498896722 87 528 95 409 41 436
6662 -0.97935346906726528 2.7383626572522473 1.797725821092983 0 0 0 0.88239630765651378 33 557 35 514
1691 0.56475722479454304 0.96892792612601175 2.1116781395812745 146 77 9 0.2750765359707345 93 7 7 16 87 503 95 377 41 411 24 11 62 7 53 7 25 375 16 404 91 389 89 24 71 174 44 185 92 220 72 115 39 88
6405 -0.97552765584464207 2.311891774361047 1.8753401885070595 75 62 13 0.084422681546747924 58 159 68 134 33 125
1318 -1.0330779464839313 2.8761207043638977 1.8059736172562928 139 141 133 0.34863358256742738 90 744 85 397
1820 0.31886093962246193 0.94252714272888682 1.664643503524829 8 8 9 0.18549992457176728 7 17 87 480 95 688 41 691
2098 0.55055634287667654 2.4024597953695013 1.8987047711129876 221 203 163 0.110076365801084 87 1136 95 1011 41 1029 25 866 16 761
6120 -1.0788942735484837 2.5688770610422624 1.8123789849714198 145 135 113 0.066843642431348604 8 625 73 576 37 506
1033 0.6637170888556071 2.3627151194683127 1.8926323126866331 223 208 172 0.16046069908334062 38 679 29 676
1947 0.44961117681493495 1.0859531653516399 1.389784444725956 69 82 113 0.24903505335768672 87 82 95 408 41 84
2225 0.20907210141671748 2.9556360078931387 4.5196195036892242 255 235 73 1.1703623139854857 87 301 95 207 41 251
1690 -0.22833349292314861 2.7107738350041735 1.4783681472539085 78 86 88 0.35149972584611805 96 1291 19 1382 99 1204 42 1501 51 1069 29 727 38 418 61 1485 48 1452 10 1415 85 986 98 1026 93 1013 7 1263 87 1305 95 1180 41 1195 24 1104 62 1135 53 1046 16 974 82 998 20 1204
6404 -0.9648865434583801 2.3038395152649036 1.8625806534406224 8 8 11 0.073980799633069194 58 158 68 127 33 123
1317 -0.43353953306261339 2.5747217843651184 1.4113671794684819 19 21 31 0.036764975442289204 98 300 85 256 93 229
1819 0.49292665117332868 2.3318448556106586 1.7340193202906145 224 203 156 1.2797653812159326 48 599 87 380 95 270 41 315 24 300 62 295
2097 0.75793137711699865 2.2049025462811489 2.1989795136563406 235 217 176 0.17352898906834047 87 1131 95 1010 41 1028
6119 -1.0011724547393297 2.432485611757385 2.0288181703663719 101 102 91 0.036150284821505077 8 632 73 571 37 510
1032 0.97600613390327617 2.2920990798865297 1.9395847396917085 114 97 81 1.8269427673541423 38 662 42 850 29 663 77 143 15 720
1946 0.62924516972311084 0.98324339233071378 2.1342624861853992 255 243 98 0.39253735640580184 87 88 95 403 25 624
1689 -0.7902824287634268 1.7282113652322215 1.0763451223818328 254 233 76 0.42914737336558206 96 661 31 69 19 681 42 700 51 640 61 810 48 757 10 52 87 14 95 9 25 0
6403 -0.64827184542398331 2.5513098849127056 1.3635194435095213 61 54 13 0.13835806356534916 58 153 68 121 33 113
1316 0.64685007873201827 2.2159565376285424 2.1903816987443565 116 104 79 0.050779491269656994 98 230 85 241 93 294
1818 -0.12731255192323679 2.7495308272431336 1.3397439498867281 71 53 49 0.1450257464958358 61 624 87 347 95 245
2096 0.75793137711699865 2.2049025462811489 2.1989795136563406 235 217 176 0.17352898906834047 87 1130 95 1009 41 1027
1404 0.40613340432444656 1.9178591195144656 2.1974648079801802 207 188 149 1.1392151812200957 98 851 85 1061 93 1125
6491 -0.046939950681667057 2.4343949585660121 3.466766803927761 58 38 29 2.2564730372284432 21 200 1 276
6118 -0.9515137066123075 2.193352359787907 2.3141141446690465 147 97 68 0.41872274898204559 8 628 73 567 37 247
1031 -0.49812064861684163 2.4756418961363305 1.308635022846135 25 30 42 0.16578272742616335 38 667 29 662 90 681
1945 0.58697795160769628 1.0116983050923172 2.0543099540704794 253 224 60 0.12656085568813052 87 520 95 402 41 429 25 393 16 412
2223 -0.1030686753556454 2.3751793372371575 1.5450053858587165 6 5 6 0.071312855195208413 87 251 41 221
1688 0.32255175452704593 1.9431665871125845 1.8837171362708878 85 55 10 0.35003195270347648 96 707 19 766 42 192 61 841 51 970 29 582 90 849 85 813 98 637 81 363 23 403 67 426 49 402
6402 0.81783699189869985 2.3759913056011652 1.8796152053128401 42 25 17 0.32758462648175929 58 285 68 259 33 87
1315 0.28772477691752929 2.3330961360471574 1.7041176154076922 65 70 92 0.02172061682640208 98 252 85 239
1817 -0.20505916527373272 2.736646237079543 1.3840266020853977 23 15 14 0.20747451887948229 7 552 87 327 41 266 24 589 62 589 53 518 16 98 82 531 36 561 44 45
2095 0.66418363897413168 2.2904656317235781 2.1040474857759897 233 214 171 0.098311513390021102 87 1129 95 1008 41 1024
1403 0.71971194072983724 1.6351958214403848 2.9408413998397127 149 106 82 1.1327248029069021 29 806 85 1052 81 385
6490 -0.9766224781941798 2.0402084193611532 1.5801761396330718 99 77 11 0.36643318934423902 58 104 68 80 1 89 14 71
6117 -0.94286353240457854 2.4334417321108051 2.016484803532725 70 67 60 0.13823672182700195 8 816 73 561 37 501
1030 -0.56474978140668564 2.470305549752374 1.2812715551443721 6 5 6 0.053944671703520526 96 520 29 655
1944 0.51309189534038546 1.073822451049453 1.9957244444897575 254 216 55 0.046967075585805124 87 521 95 399 41 423
2222 0.2332123507815721 1.9271681993957881 1.6520385195964817 136 106 25 0.20618927088243932 87 227 41 215 25 625 91 569
1687 -0.47741742488700939 2.8614593917525646 1.2273631120938417 127 88 65 0.56057337468668189 98 753 85 504 93 748 48 1255 10 912 61 1416 96 1160 31 1079 19 1227 99 1097 42 1270 42 1412 51 879 38 740 29 740 90 756 7 1160 64 1267 87 873 95 770 41 766 25 336 16 321
6401 -0.78990053348903244 2.3857842944416743 1.2975374171777032 89 108 143 0.18460464800217283 58 123 33 86 1 118 65 551
1314 0.30999387944463175 2.3197713254706138 1.7339760934128436 22 25 35 0.09701846634107196 98 240 85 235 48 545
2094 0.69817180300536463 2.2223658504600707 2.167538299196293 237 217 175 0.015538128888175969 87 1123 95 1000 41 1019
1402 -0.16294484795576311 1.9884595988537277 1.4030491547841335 250 207 63 0.26880401346791022 90 1019 85 1046 93 864
6489 -0.93399659103359101 1.9238965642810262 1.4634188783271107 121 101 28 0.097698369366140778 58 81 68 63 1 73
6116 -0.92456151139833598 2.5598017742257744 1.8096632503683763 128 122 103 0.086099035355126474 8 610 73 554 37 495
1943 0.63450938240570309 0.9578637275143258 2.186432402245901 254 241 103 0.34449800560264493 87 516 95 394 41 720 24 364 7 575
2221 -0.48192806960658335 2.6360509567736523 1.3205345276030014 1 1 2 1.5483429352874829 7 507 95 167 41 197 24 342 62 370
1401 0.24337265444255637 1.8049523964888752 1.6448790738649544 106 87 23 0.092480573053851586 98 1092 85 1042 79 668 23 526 81 467
6488 -0.74286493075521209 2.0601937713680072 1.1761381140116731 62 74 100 0.10060621091901796 58 76 1 69 68 59
6115 -0.85736160952772433 2.5422420618322419 1.8341148354716341 115 111 94 0.043163324204660104 8 604 73 549 37 489
1028 -0.0064473954869726721 2.35521691960881 1.6503543387009718 54 36 4 0.081999416027903199 38 649 29 643 90 675 98 678 85 672
1942 0.51728870762456292 1.0595561910104097 2.0244590594031706 187 112 18 0.026611872588569025 87 519 95 393 41 422
2220 -0.71554041737539931 2.8685393510925601 1.3232251034578386 121 125 118 0.1993847845757897 87 226 95 160 41 187
1685 -0.16129837749784692 1.469518209279582 1.8464138574541387 223 190 76 1.2569102763747335 96 1418 19 1520 99 1324 42 1586 61 1577 85 1265 93 1337 48 1639 10 1623 87 1432 7 1384 95 1298 41 1321 23 673 81 650
6399 -0.77748761979222281 2.2508324030294573 1.2869757468141032 67 66 74 0.13338491865293089 58 276 68 250 33 74
1312 0.9603046815888725 2.1086190254333745 2.3090154242429999 116 107 86 0.05392306250399409 98 216 85 233
1814 -0.50601558855119355 2.8024246141581637 1.364746197921497 64 65 59 0.35815634011054409 7 527 87 264 62 376
2092 0.63484329082291935 2.2479918722481553 2.1454428244213402 234 215 173 0.08080309321898789 87 1114 95 991 41 1011
1400 -0.36270951060508044 1.7088749979410425 1.2144615861288015 22 19 24 0.10418402675159948 98 1067 85 1014 93 1069 79 470 49 342 67 374
6114 -0.75434700510317398 2.5752621747090148 1.8280375258581132 71 67 56 0.35264760972130538 8 598 73 542 37 687
1027 -0.21655055598857345 2.1801758992778062 1.4354622148307066 93 71 14 0.36639176733735762 99 741 29 596 98 648 85 620 15 87 79 61
1941 0.51728870762456292 1.0595561910104097 2.0244590594031706 187 112 18 0.026611872588569025 87 518 95 392 41 421
2219 -0.76973378532306891 2.8808925164919441 1.2873260008943992 125 129 121 0.16522116991013228 87 217 95 157 41 176
1684 0.61382746319258175 2.1842469486601375 2.2435906722175729 114 102 78 0.18876244589300201 42 288 51 283 61 296 48 454 10 504 7 308 64 194
6398 -0.78610936949141552 2.1651917210738882 1.2731637164760945 102 77 19 0.26775738143716171 58 100 65 220 68 78 33 65 1 82 35 63 14 67
1813 -0.41348362868317168 2.6582481421692199 1.4530552166819037 0 1 2 0.28729102015985508 64 429 87 243 95 177 41 213
2091 0.54290437776843203 2.3240220905091444 2.0387702105189893 224 205 163 0.058096265401300293 87 1113 95 986
1399 1.0082739428012353 1.3039702015249273 1.5604284846846184 198 126 20 0.68107579011161801 98 1065 85 1013 48 119 10 128 50 1064
6113 -0.86124740910319286 2.5965985255046085 1.6866306375552151 119 114 98 0.098040787542192753 8 595 73 538 37 478
1026 0.304479934108078 2.0057923643210009 1.907876116054936 84 49 7 0.16098478479773726 38 597 51 704 29 586 90 630
1940 -0.1943775656755429 1.7524193512649222 1.7346323720684491 133 94 19 0.0099604740634387338 87 534 95 390
2218 0.78123217790852262 1.1419273880311906 1.8545108458610089 183 116 30 0.13536144715531725 87 172 95 139 41 171
1683 -0.76504164779586115 2.93836191072067 1.1779763171687672 173 169 152 0.86200986754150666 96 1454 19 1541 29 1162 61 1545 90 1073 98 1283 85 1192 93 1252 48 1634 10 1547 51 1303 7 1324 87 1296 95 1255 41 1186 24 1112 53 1090 25 1046 16 960 91 1048 43 1062 89 991 71 861
6397 -0.76504639070891778 2.1620226273979934 1.2381068531128703 115 92 25 0.057806205684534394 58 272 68 244 33 63
1310 0.4028063802567961 2.2712066400678039 1.7760497018557655 49 54 76 0.095227103690832773 98 214 85 202 93 252 10 514 79 131
1796 0.4126425041570016 2.5259073481183112 1.6100369416502567 26 18 15 0.40583813684258174 19 902 42 917 90 453 64 717 48 668 61 546 7 544 31 277 24 350 62 361 53 275 82 229 6 538 36 490 78 460 54 466 5 479 43 152 60 509 89 163 71 122
2074 0.17634698031630244 2.1276172501037669 2.0089063951372808 65 46 7 0.16747830563966848 87 1298 95 923 41 948
1382 -0.46601714757635698 2.4674240111118779 1.3316398738986437 51 57 77 0.11057881776140444 98 672 85 845 93 697
6469 -1.022813237568222 2.1806396351196309 1.7740975357499724 21 19 18 1.0021976412223368 58 584 68 543 33 489 35 368 14 400
6096 -0.5719362158293696 1.8935989503656052 1.9460495639620066 254 237 59 0.15305362602990422 8 507 73 463 37 130
1009 -0.19919435540674962 2.7228891132731929 1.3593361991479771 34 26 23 0.61065010219040583 38 427 51 852 96 1150 29 418 90 496 98 524 85 474 93 472
1923 1.3684169326712208 2.2448924026076202 1.9649201748726282 44 30 26 0.35294176752863965 87 469 95 346 20 1000 26 910
2201 0.34424209864876842 1.0981469322984503 2.0001334147011316 255 236 62 0.35529697664426863 87 1445 95 1314 41 1338
1666 0.97191209178911209 1.9731535451871225 2.4626860302921503 234 217 181 0.22260986585458492 48 1339 61 1279 7 1026 87 1118
6380 -1.1430864492057533 2.6111072523239418 1.7452238507531548 97 88 68 0.284401332519229 2 319 58 229 1 357
1293 -0.41610460019089801 1.6766163873160265 1.1530793350250652 244 190 48 0.064358059606768714 98 575 85 25
1795 -0.34093365651025082 2.0860120865859955 1.306370606404335 139 109 27 0.14243069256710239 19 311 42 325 64 350 48 352 61 356 78 196
2073 0.17634698031630244 2.1276172501037669 2.0089063951372808 65 46 7 0.16747830563966848 87 1297 95 922 41 947
1381 -0.71113528121172187 2.5244709384800239 1.3723815037418878 126 125 115 0.40638084844289385 98 1120 85 842 93 900
6468 -0.97144974381578197 2.1778038515274756 1.7593783305277713 114 101 30 0.31818482013083355 58 490 68 506 33 488
6095 -0.043775954533017698 1.7532455912656233 2.4434091806695841 231 207 161 2.7718985490675587 17 851 73 460
1008 -0.47200108499976295 2.6187271126963343 1.4290465057238324 27 32 45 0.26026590769550512 99 541 29 378 90 403 98 350 85 297 93 248
1922 1.107866499364079 2.2906791692310189 1.9215484324521201 149 100 71 0.22222542967323111 87 460 95 338 41 366 25 539 16 505 91 498 72 567
6636 0.27601223410695258 2.3438208649082686 2.0089284818278812 79 68 54 0.18744634093902782 97 657 86 533 74 628
2200 0.37632607001792895 1.0093274086178265 2.0829011091887426 153 93 17 0.12954909907363985 87 1443 95 1313 41 1337
6379 -1.4006579911866901 2.3507469849110221 2.1532236239323366 160 111 86 0.38054854568273544 80 230 58 208 33 285 68 418 1 606
1292 -0.42888782883986715 1.6743233893711922 1.1748986914907431 244 190 48 0.10993922061230969 98 574 85 24 10 748
1794 0.0066590847728711169 2.6990731449776399 1.4637652559750864 33 25 25 1.0931944742243944 61 600 7 556 64 752 31 704 99 873 42 1252 51 853 38 426 90 748 53 512 6 587 36 543 60 778 89 491 21 811 32 518 80 456 46 209
6094 -0.031031215158102705 1.7685007627276541 2.3949168464749269 7 6 7 0.43541336082186061 8 763 73 459 37 401
1921 1.1705417247227055 1.9882234681751929 2.4790065440330218 120 116 103 0.19092388554335823 87 417 95 303 41 346
2199 -0.41006633946822746 1.744687368771584 1.8092506792123761 255 229 69 1.6009852426029225 7 1367 87 1444 95 1312 41 1336 25 1245 16 1163 44 1023 92 1094
1664 1.0959836922813728 1.9322457958752963 2.5189626391442754 235 219 183 0.30362372076470939 10 1379 61 1272 7 1023 95 1023 41 1214 87 1320 25 1118 16 1031 91 1105 20 1221 72 893 26 1126 39 728
6378 -1.2912690825370865 2.3076195881153154 2.1725034384306392 67 45 35 0.058500512943375181 32 236 58 185 68 159
1291 0.74292602065090818 1.3193850396813005 1.4106004900654152 254 194 52 0.23179646294066006 98 21 85 21 93 41 10 100 50 60
1793 0.40315984211737205 2.4856063355034261 1.7843790063008922 188 174 143 0.75551027314383101 96 519 19 502 42 444 64 705 48 1235 61 1189 7 949 41 816 95 816 24 567 62 569 25 512 6 213 53 493
1379 0.52868971046348512 1.8261124434325158 2.8229891115508776 213 195 155 0.15231089435938228 98 850 85 816 93 1130 79 697
6466 -1.0545515674308494 2.0840721329803991 1.6834787739393311 50 45 44 0.25775936047196518 65 990 33 480 1 726
6093 -0.49260942229673216 1.9112802323153906 1.9276877938293564 187 112 16 0.18324711846187849 8 506 73 458 37 126
1006 -0.46214492659317247 2.589318670287776 1.3940896180706557 60 68 93 0.11066464852451154 38 374 29 368
1920 1.1807126486500077 1.950104742946031 2.5251274132564965 117 106 85 0.3586690284797624 87 415 95 299 41 336 15 700 50 762 20 668 3 563 26 649
2198 -0.48214139016747432 1.7386341185027632 2.0519189427186859 0 0 0 0.55620733387469634 87 1442 95 1310 41 1334
1663 0.20545370183538936 1.6771377327389527 1.4125267910842108 6 7 9 0.081901450447401922 42 1319 61 1269 7 1015
6377 0.44352391527650492 2.3392782613640457 1.7795448778290848 2 2 1 1.9740341190475335 2 148 32 189 68 103
2070 -0.12994518994150897 2.1724166871434298 1.5179575734559261 104 74 13 0.10744293058806061 87 1036 95 907 41 937
6092 -0.92820643672398961 1.9540495894002947 1.5763580065264 153 91 25 0.16977409119135467 8 503 73 455 37 634
1005 -0.5164826045204256 2.5864425654476535 1.3751164338368502 60 68 93 0.11939705059763844 38 370 29 361
1919 0.399592492566539 2.5452581657302176 1.5860364574937682 93 66 56 0.15322425273276313 64 722 95 288 24 580 62 584
1662 -0.47626427620942074 1.546626609531941 1.3057956878212444 255 235 76 0.70100553665642962 48 1001 61 1250 24 993 62 1005
6376 -0.20036496996401074 1.5210059318999307 1.8075816833630987 124 73 11 0.34006883614093691 80 48 58 58 68 234
1289 -0.62197144637425916 1.6330088576338537 1.1956121555012822 253 212 59 0.16824697946028322 98 19 85 17 93 25 10 734
2069 0.25019368353057242 1.6111445123226504 1.3968466054727324 4 4 5 0.18065961539337708 87 1026 95 898 41 929
1377 -0.31201748817924813 2.0696787186811494 1.3548607757569544 252 214 62 0.66531759071732122 98 835 85 800 93 872 48 841 61 878 7 925 7 1037 24 703 62 732 53 504 82 502 6 567
6464 -0.64265878083927219 2.8152283205279254 1.3757888230281781 113 117 110 0.42757952508216185 58 510 68 480 33 451
6091 -0.95182341676438187 1.882605473903582 1.6040678577319654 158 156 172 0.06921987423360082 8 500 73 453 37 392
1004 0.76046741851995725 2.3903055246539524 1.8163018124382222 36 25 18 0.43849860792173656 38 346 29 346 90 412 98 482 85 457
1918 0.23604717027667946 3.38974251426405 3.2701480142823174 118 113 98 0.24484533408895015 87 402 95 276
6632 0.46472216672429234 2.2473788289047856 1.7492058642769812 36 33 27 0.16795726044678069 97 172 86 176 74 153
2196 0.91052681445777883 1.3013353473879383 1.5081834520868531 106 91 26 0.25964284186719166 87 1439 95 1305 41 1329
1661 -0.51246362712686855 1.4304323733663331 1.441982005039979 0 0 0 0.044238285805088498 48 1275 61 1237
6375 -0.9720391117453181 1.6447583417242284 1.3159181072994521 99 67 14 0.12561823206436537 2 58 58 34 68 24 33 199
1288 -0.68054872423851631 1.6337254429833752 1.1846202654480116 174 130 42 0.14371847344727848 98 565 85 14 93 19
1790 -0.63159053820969258 2.9498791062124976 1.1407888919323643 107 73 57 0.82666402512755233 7 1271 64 1271 24 956 25 578 16 705 82 908 62 776 6 1014 78 974 54 1029 5 1031 43 1012 60 1028 89 812 71 869 34 921 12 855 21 1019 92 685 47 963
2068 0.106588195415346 1.7237451063178884 1.4258998102558067 82 81 44 0.27104955531395841 87 1024 95 895 41 927
1376 -0.30298266531624657 2.0715781337283956 1.3343221166670858 252 214 62 0.31031204997438172 98 834 85 799 93 871 48 1329 10 1329 7 1234 79 508 87 1379 95 1248 41 1253 91 1127 20 1189
6463 -0.52565576757097987 2.7688730972774964 1.4167329618432265 67 75 73 0.4006512533093069 65 925 33 446 1 671
6090 -0.46761910596320028 1.8362150071566723 1.9300292267594887 158 157 173 0.61073060526333955 8 499 73 451 37 638
1003 0.71881801374632825 2.3627152983524922 1.9445056363365922 112 104 85 0.097506358105038854 38 334 51 440 29 340 90 387
1917 0.23604717027667946 3.38974251426405 3.2701480142823174 118 113 98 0.24484533408895015 87 401 95 275
2195 0.91052681445777883 1.3013353473879383 1.5081834520868531 106 91 26 0.25964284186719166 87 1438 95 1304 41 1328
6374 0.87431803004954867 1.3592188190013972 1.4848380965803956 255 234 61 0.76150008114866385 52 1063 59 877
1287 1.3571280075549048 2.0395438848536589 2.4147104962713977 0 0 0 2.2578094447418611 99 1253 98 1212
1789 -0.92358963912919867 2.6384777133766915 1.6544575257519796 118 118 106 1.0107481949888222 51 1174 64 1260 6 1110 36 1066 78 1074 54 1110 5 1122 21 1152 47 975 65 1007
2067 -0.48881166275150117 2.3598699539943864 1.3329241429417598 16 14 5 0.18971748357754881 87 836 95 893 41 740 25 312
1375 0.074813330644291381 1.7431660911131643 1.4109220120166222 100 90 28 0.09451605843824705 98 813 85 784 93 839
6462 -0.79089940359934596 2.5175843260503195 1.3204550493094118 98 111 139 1.2413080412760999 58 498 68 472 33 442 1 659
6089 -0.77936596469166641 2.2116257765826299 1.2767678038584154 159 121 28 0.12121681355789211 8 494 73 448 37 393
1002 0.31056800067194351 2.3805496222203812 1.771759031000584 39 37 48 0.063987504270324985 38 323 29 324 90 336
1916 0.35204940608281576 2.5199366858809125 1.6377960398421398 86 61 50 0.15198692992569887 87 386 95 272 25 239 16 428
6630 0.09230085161922752 2.2305538337824955 1.748375560795703 110 78 21 0.31878051839513494 74 124 97 145 86 160
2194 0.27386123617266844 1.5799602912043411 1.7573237095244725 137 101 30 0.70679502141086192 87 1417 95 1303 41 1327
6373 1.4951378657026508 2.2371584444195469 2.0893657514041646 0 0 0 0.013906461807378721 4 1021 63 990
1286 -0.46807537827720863 2.5245825587395894 1.3627054994753502 55 66 93 0.26952097076651116 38 877 29 867 90 886 51 1033 98 901 96 1121 99 1060 85 859 93 916 79 544 23 429 81 395 77 573 15 519 67 440 3 429 49 414
1788 -1.2520667177964053 2.579150229175879 1.8429060335528611 0 0 0 2.1533183673214848 48 1536 64 1256 82 1075 36 1175 43 1073
2066 -0.17094115137575608 1.8098959273343314 1.6537650981974679 196 163 54 0.073561386784925742 87 1016 95 884 41 916
1374 -0.30708934982739206 1.7851718390032791 1.2106006496945125 22 15 17 0.10112185288206904 98 808 85 778 93 830 10 1013
6461 -0.77066890578071512 2.4226495670390222 1.4623362682002181 84 66 13 0.33624717614460681 58 548 68 511 33 438
6088 -0.74881694639082219 2.1647400617705612 1.3437331554269532 54 53 58 0.092830475279779681 8 752 73 447 37 631
1915 0.27836695336821077 2.5899347527882921 1.5971586384756538 73 54 49 0.06568188941581217 7 535 95 271 25 227
2193 0.52216293107681033 1.0359186406012679 1.4637732252312639 93 79 45 0.28148438756776056 87 1435 95 1302 41 1325
6372 -0.010208079927270144 1.8544535195819922 2.3081675306575091 22 20 23 0.17963897902194328 52 974 70 897 59 805
1285 -0.65681256805846133 1.6636059373193242 1.227474931377369 180 161 45 2.0704001244379908 96 1441 99 1352 38 1083 29 1102 98 1254 51 1313 90 1084 85 1216 93 1284
1787 0.37630585010530238 2.1907811562376285 1.8444249570793902 31 28 28 0.93551890406723148 7 1241 87 1311 95 1261 41 1272 25 1173
6501 -0.45039550228951514 2.8623988362088593 1.2757337619455578 112 80 65 0.83181446932711756 58 339 1 593 68 313
2065 -0.82160147986020404 2.441398117622914 1.216407967120422 88 105 143 0.29967516118794318 10 1532 87 1280 95 883 41 915
1373 -0.12195997655433141 1.537399560403901 1.8377302216747515 33 33 40 0.22424791146751322 98 800 85 772 48 1006 7 616
6460 -0.962453430902794 2.2423491089256342 1.6174144112654343 99 92 28 0.27761165490307321 58 491 68 465 33 435 1 729
6087 -0.98140551098182083 1.8676861152157049 1.5417593601537705 79 80 99 0.11537480217460171 8 487 73 443 37 384
1000 -0.44548344129391065 2.4591260793603502 1.3473400366994408 17 21 30 0.12501691503280207 38 310 29 305 15 108
1914 0.1898027163682576 2.6225741086363881 1.8762359417559484 1 2 4 0.17714739624116257 7 488 95 261
2192 -0.26551654435547545 1.7008308001787322 1.5499792794393161 22 25 32 0.23399262888921254 87 1434 95 1301 41 1323
1786 -0.68588837271993808 2.6444424977766019 1.4806306032361818 87 88 82 1.6185800060243944 31 914 64 1017 46 455 80 649
2064 0.66884184041805561 0.95890262872893484 2.1187868348916101 29 22 0 0.60823464140921579 87 1005 95 881 62 786
1372 -0.70652660910859877 1.8166468197759846 1.0699275040189966 105 93 27 0.49003948335885306 98 802 85 770 93 816 48 1030 10 999 79 468 15 447 50 501 23 373
6459 -0.78560340611484758 2.2152392135285055 1.2989320740839214 115 110 81 0.31480260909209007 58 480 68 454 33 429
6086 -0.5198543905977222 1.769412485560258 1.8955393706553685 186 190 213 0.17515046805643397 8 484 73 442 37 391
999 0.18432757903683553 2.3574203902334534 1.6522952450833273 20 26 38 0.034301894056509838 38 288 29 292
1913 -0.1964888176172607 2.7649225078426558 1.3368019249591454 51 32 24 0.098112573099452871 87 333 95 235 41 271
2191 0.32748499566084577 0.71504595932106541 1.8833380980662602 251 234 74 0.68386287749320063 87 1399 95 1293 41 1317 24 1113 7 1325 62 1143 53 1057 25 1200 16 1144 72 944 97 931 74 918 86 668
1656 0.94771390958295498 2.1323209563281877 2.2687726631508482 232 217 179 0.22379805959872753 48 1200 61 1150 95 1041
6370 0.24721458524469886 2.1892332264020582 2.2173294319416619 251 219 165 0.19275205540752768 52 615 70 579 59 671
1283 -0.57386572454520934 2.4214729145673735 1.3911762500829885 24 18 8 1.3316764826374388 90 1263 98 1352 85 1305 93 1369 10 1653
2063 -0.82897040070224481 2.3833077860598548 1.20260623137041 0 0 0 1.8252552775830775 10 1592 95 879 41 1162 15 1010 79 757 50 1076 3 848 23 599 49 572
1371 -0.70881668750881033 1.8170784499531778 1.0730019213616289 105 93 27 0.6217781446792302 98 801 85 769 93 815 48 1029 10 998 79 467 15 446 50 500 3 341 23 372 49 341 67 373
6458 -0.52586214378981977 1.8985340418971626 1.6031417725919863 242 192 49 0.36361613000484688 58 386 33 428 1 719
6085 -0.15948476298385042 1.6871874449518243 2.0669198505794788 205 207 230 0.066446834006773606 8 474 73 437 37 387
1912 0.33489829052135123 2.2630474794496656 2.1454600879737522 195 176 136 0.099243648278063978 87 317 95 230 41 269 24 161
2190 0.32414322873147561 0.71495905866063214 1.8819090369587126 251 234 74 0.69397849546104784 87 1398 95 1292 41 1316 25 1199 16 1143 91 1195 20 1233 72 943 97 902 74 917 97 930
1655 -0.71730515540035966 1.7305683175864819 1.0910190775262145 105 81 22 0.5659567364613205 48 765 61 1088 64 941 7 674 24 129 62 189 53 285 6 273 54 550 43 486 60 751 34 210 21 760 65 709
6369 0.40211809817603272 1.9311409582187711 2.0320982120778344 23 22 22 0.21684017695292482 4 551 59 652 97 447 74 421 86 514
1282 -0.14673731210091914 1.9439963804261535 1.4492323137488534 143 94 15 1.1178057476700398 90 1253 98 1345 85 1299 93 1367 79 869 15 1104 50 1305 23 706
1784 -1.1755497485880142 2.3853501630877196 2.1085972966725666 225 212 178 0.33121584314861946 31 893 64 986 32 505
2062 -0.29361065900930722 1.8456566683803104 1.6093793336553379 252 205 55 0.075199878991175015 87 1009 95 878 41 717
1370 -0.75378298784228526 1.6955160897014065 1.1219957093291164 254 236 74 0.72046819656575622 98 786 85 759 93 794 10 984 48 1286 61 1445 7 1201 64 1238 87 969 95 843 41 866 24 1006 62 1038 25 745 16 943 60 1080 89 807 71 851 44 834 92 903
6457 -0.43013708175242921 1.8173315782204291 1.6806242526957842 10 6 3 0.13524456400537899 58 470 68 445 33 425
6084 -0.47129185420510228 1.7922611740558609 1.7157313377066141 112 72 10 0.20344619692007304 8 465 73 432 37 372
997 0.24512468801019158 2.3382168386655389 1.70714423995063 23 28 41 0.12415876831778219 38 282 29 279 90 271 98 239 93 255
1911 -0.25991038118124915 2.7257018469701579 1.3662438894967035 63 49 44 0.2320606093384382 87 316 95 223 41 255 62 588 24 586 53 521
2189 0.82946156262506132 1.0725161364151174 2.0883575799811909 188 135 51 0.71160435837874847 87 1415 95 1285 41 1262
1783 -0.17942216788836685 2.2381793938143568 1.4512718881772584 4 3 2 2.1985038756940192 7 757 64 976 87 849 61 1371 95 754 25 78 95 517 87 634
2061 -0.3088935439123307 1.7605976111744042 1.7117121624691465 254 215 65 0.152443557434608 87 799 95 873 41 904
1369 0.17729321907085921 2.612030379300172 1.5726395902067625 96 104 102 1.2239054800586837 42 1384 85 739 64 1250 31 1155 87 1316 95 1263 41 1276 24 1106 62 1132 53 1043 25 1170 16 1083 6 1076 21 1139 72 921
6456 0.27030824587387015 1.6836712378174694 1.4737213603539767 93 109 144 1.2167142542524101 68 535 33 418 58 577
6083 -0.12679476225663661 1.6994659152710443 2.0121070682485245 103 61 8 0.15692750253259333 8 466 73 431 37 95
1910 0.81777609805284412 1.3872031177029809 1.5290772294902304 253 227 66 0.73279540155582901 87 261 95 222 41 259 62 141
2188 0.2658050722388684 1.3556868260831685 1.3810078526938938 238 205 69 0.21579901725265427 87 1365 95 1280 41 1297
1653 -0.58526333932481667 1.6308951516654244 1.1890533249044644 255 226 77 0.073488674346317964 42 632 61 1029 7 853
6367 0.33294820138949105 0.98931837528982758 1.4034924117669469 0 0 0 0.63168092675305942 63 939 70 856
1280 -0.21048553800952849 1.6360503878824419 1.833096988423313 0 0 0 0.87268422975491977 90 1233 98 1332 85 1282 93 1338 10 1627
1368 0.39110488571496088 2.5384957997840303 1.5827534807063781 86 60 47 0.46597355032764298 98 1028 85 737 93 1041 10 1246 48 1453
6455 0.39396397299609814 1.0502395278401648 1.5055378685405603 94 102 123 0.29423450140745966 65 952 33 409 1 698
6082 -0.11381751358173037 1.6812122875964921 2.0268105915593519 252 196 54 0.043698241946351551 8 464 73 429 37 379
995 0.3080687912865695 2.3204378346523566 1.7389314173009365 24 30 42 0.12320534146995953 38 267 51 366 29 265 90 262 98 241 85 236 10 520
1909 0.8549360832062427 1.3134047309002501 1.4265941205585693 253 227 66 0.20558517369144935 87 260 95 221 41 258
2187 -0.32022631135298185 1.8161175491132193 2.0485479659070487 28 29 38 0.14716356736574052 87 1353 95 1278 41 1240
1652 -0.58696611603591364 1.6322563953001203 1.1907324107625845 255 226 77 0.1996124738653868 48 747 61 1028 7 852
1367 0.70929442038887291 2.4137138974241732 1.8178628877188598 95 67 58 0.21400326778858481 98 733 85 727 93 758 10 1248 48 1434
6454 0.65280130780513401 1.0869327142449372 1.389904910410537 148 129 47 0.24620574276299723 58 440 68 429 33 405 1 610
6081 -0.055663801579652609 1.7235067411374889 1.885498581680519 28 19 15 0.12345917549692871 8 457 73 421 37 613
994 0.37022996641502753 2.3021410260876816 1.7617614838725837 23 27 37 0.095729309615637193 51 357 29 253 85 237 93 263
1908 0.28512164022104575 2.0915409445776976 1.7050673973456567 18 11 7 0.015328443641575288 87 294 95 216 41 250
2186 0.41333985621624003 1.0151059427703146 1.6577199447525146 117 92 25 0.72242870202543197 87 1409 95 1276 41 1324
1651 -0.81615697323545111 1.5799049760387414 1.3001663510182595 254 234 88 0.097827749261358246 48 718 61 987 7 827
6365 0.66363908207389311 2.44074117540733 1.6722629028991269 102 72 62 0.59883039214292644 4 1006 52 1008 70 928 22 872 11 854 63 973 13 962 59 811
1278 -0.85770236073360495 1.8008400201082864 1.0236974621844686 0 0 0 1.5557642592223184 90 1213 98 1310 85 1243 93 1335 10 1604
1366 0.696192872881639 2.3968350434896273 1.8814710766730023 221 205 170 0.11479665474944749 98 725 85 720 93 753
6453 -1.1521177647329952 2.5945540757442873 1.7993680753944794 168 160 137 0.039072599439317651 58 438 68 326 33 401
6080 -0.11385800504972304 1.6000654297127521 1.97674122479695 166 103 16 0.037292489827248317 8 454 73 417 37 365
993 0.69057298354337959 2.2234326049862441 2.1336346121882728 234 217 178 0.24981064426213251 38 242 29 234
1907 -0.32328420289451421 2.7434324828373908 1.3372785329984638 78 58 49 0.3709783476846556 87 303 95 215 41 246 24 588 62 591 53 694 25 349 16 335 91 128 82 743 6 846 36 786 78 761 54 999 60 807 89 642 71 583 21 830 44 495 92 519 72 109
6621 0.38092721785874228 1.0571703506843977 1.8465667452838037 255 244 74 0.28808332240591888 97 852 74 831 86 631
2185 0.74712239806677427 2.4008087513548575 1.8249199387318011 101 69 54 0.8851734219642502 87 1393 95 1265 41 1277 24 1102 62 1123 25 1178 16 1092 91 1143 89 955 36 1095 72 930 39 751 74 910
1650 -0.80463030336161179 2.8935006977134652 1.2798504927264205 93 99 94 0.115309344680526 42 1009 61 936 64 788
6364 0.1517984732418215 1.900655323439151 2.7140460125348471 105 68 48 0.54933044814761345 4 972 52 939 70 902 66 1009 63 992 13 975
1277 0.47038233057535989 1.9503080589286106 2.0450189601895494 227 211 173 1.6479618069789941 90 1198 98 1295
1365 0.3194980428662666 2.3525537407994226 0.58642846059522935 41 33 25 1.7279716142588581 98 698 85 695
6452 -1.28668306811287 2.4649118147850007 2.017739201123621 224 211 175 0.048698071040475577 68 322 33 399 58 348
6079 0.24106723025794008 1.657230469894734 2.0535266218106245 227 168 44 0.08199110654591224 8 710 73 416 37 611
992 0.69057298354337959 2.2234326049862441 2.1336346121882728 234 217 178 0.24981064426213251 38 241 29 233
1906 0.26852214316911344 2.086351096168948 1.6881322278665496 16 11 7 0.10189894635189432 87 285 95 212 41 248 91 192
2184 0.95997511659872414 1.3098635959368825 1.5481326192708265 105 92 28 0.3069328969402938 87 1390 95 1260 41 1274
1649 0.33896684244145647 2.5883714461099818 1.5747705138711743 56 40 35 0.13763940271726799 42 932 61 922 24 582 62 586
6363 1.2855179592024419 2.2593077249876319 2.1146763661185108 243 215 165 0.92601228053042439 52 1075 70 986 59 894
1276 -0.86266639900768483 1.8776680775300356 1.6301850740759178 0 0 0 0.37469632803741509 90 1168 98 1262 85 1222 93 1289
1364 0.51325042667066423 2.2793124106087981 1.6075764112387663 3 3 4 1.6095919183158924 98 691 85 687 10 876
6451 -1.1802718695829622 2.4296227304991125 2.050414922700396 228 214 177 0.50358715019213629 58 336 68 311 33 390 1 691
6078 -0.010894643537998475 1.7118561981389 1.818785356233221 124 97 24 0.17883273897732579 8 704 73 412 37 359
991 0.49178439128607249 2.2100170224255482 1.8074866242360144 109 98 76 1.7173389905845362 51 281 98 676 90 656 85 679 29 191
1905 0.40322839153945844 1.9317759375411341 1.9505381121386547 67 74 95 0.21602295083634063 87 665 95 197 41 237
2183 0.2159195158275212 2.1404462076563155 1.7954391880707774 18 13 9 0.056286538722717515 87 1388 95 1259 41 1268
1648 -0.31277799455315175 2.0646278444657438 1.3548022362024448 254 218 55 0.22802599838529666 48 840 61 877 7 924 64 336 24 702 62 731 53 503 82 501 6 566 21 540
6362 1.2855179592024419 2.2593077249876319 2.1146763661185108 243 215 165 0.92601228053042439 52 1074 70 985 59 893
6077 -0.1829508978627751 1.5644559622467848 1.8769510403401368 113 68 9 0.10210993726842878 8 446 73 409 37 350
990 0.39398736162629894 2.2369453472698577 1.692081160772035 47 51 67 0.26187051848565307 38 187 29 181
1904 0.26381813654217301 2.1005781684342959 1.9447282898863381 114 89 24 0.16417214303229807 87 666 95 196 41 236
2182 0.24703330963579151 1.9552503898203746 1.5838660247507268 71 85 117 0.048954640237621028 87 1386 95 1257 41 1267
1647 -0.74411363936804031 1.6637085736414641 1.1743324526194885 172 135 43 0.14319479467652169 48 90 61 786
6361 -0.02321688982768922 2.0798948486514317 2.3580475856196901 30 25 17 1.7523439366728928 11 961 22 993 70 981
1274 -0.90405577845346996 1.6896682843622655 1.0720251342878355 0 0 0 1.7092243475362108 90 993 98 1253 48 1640 18 753
1362 0.35411033043993662 2.064895348885631 2.0868917575154855 32 31 36 0.099931835630481858 98 655 85 647 79 539
6449 -1.3257856420030669 2.3291600779429533 2.1927448270881129 159 109 84 0.18415470052985261 58 330 33 388 68 174
6076 -0.65916360984228972 1.5975194907939445 1.6072799870954477 176 181 206 0.10857383513885017 8 445 73 408 37 341
989 0.38076820470859957 2.2060071739180258 1.686073714148796 46 51 68 0.043754266759567284 38 176 29 168
1903 0.82931754983419015 1.6796594515666976 3.0277068830972134 111 107 96 0.21338905008772305 87 249 95 193 41 243
2181 0.058262409758433407 1.7039361232267549 1.4436599762845861 202 174 59 0.10087543169222087 87 1375 95 1249 41 1258
1646 0.43814657457484368 1.0514830735753846 1.4723584361703683 9 10 14 0.46740686891912991 48 25 61 691 7 823
6360 -0.14249436343900718 2.0741180342697767 2.4379243459007993 26 22 18 0.58996204258738372 52 1054 70 969 59 873
1273 0.17969020634505009 2.7178549578628197 1.4926276234171933 86 86 81 0.54393019875169157 38 1064 98 1229 61 1410 87 1132 41 817
1361 0.85457490151622817 1.9747559563435617 1.1463437794223801 235 217 177 1.5975390126883193 98 651 85 644
6448 -0.97126016432811213 2.4509779170819903 1.9873641268830227 116 114 98 0.059816030674243813 58 323 68 297 33 381
6075 -0.9781823246755158 1.6489764418995427 1.284306178077983 241 190 50 0.087610221829777998 8 435 73 400 37 317
988 0.58763080269490175 2.1078410122204554 2.2632669648167414 240 222 182 0.34158229059727002 38 175 29 161
1902 0.82931754983419015 1.6796594515666976 3.0277068830972134 111 107 96 0.21338905008772305 87 248 95 192 41 242
2180 -0.55345775452108437 2.3575842627983978 1.2912078771741491 10 9 7 0.47362270215277896 87 1381 95 1247 41 1257 25 778 16 700
1645 0.4807375754643069 1.0022023711853794 1.5663595943916093 146 129 37 0.19404116241071101 48 19 61 680
6359 0.021783415824367356 2.0685297456312037 2.3704612501224909 42 37 26 0.53354292642289114 52 1053 70 968 59 872
1272 1.4690742109276351 2.3216752485241079 2.0730514937115934 0 0 0 1.8197686333077399 42 1352 98 1226 79 786 96 1086 80 743 81 578 67 642
1360 -0.4708337586182319 2.3256997223143432 1.4110896831829918 7 6 1 0.086211415088225149 98 117 85 639 50 118
6447 -0.84836193051595132 2.4771357707044226 1.9304994146440166 59 59 53 0.085423656163975847 58 313 33 377 68 290
6074 -0.60463392525419668 1.5755777369131958 1.5308111828357616 105 64 9 0.11134806422570277 8 433 73 396 37 327
987 0.76902687290742477 2.0624410419694401 2.3500587405730631 114 106 85 0.071628661370626998 51 236 99 306 29 160
1901 0.3930127390824511 1.8626920877593813 1.8941034588861991 56 55 67 0.082982035354362313 87 233 95 186 41 224
2179 -0.59086660363163257 2.3994736969292192 1.3280480202990186 10 9 7 0.10297980916701387 87 1380 95 1246 41 1256
1644 0.31873573076104966 0.74279453269564633 1.8359995478555606 150 128 36 0.55735429123493907 48 0 61 661 64 793 24 596 7 800 53 708 89 690
6358 0.38594282070761343 2.028761133495105 2.1365151257235588 255 221 60 0.62837644185427066 52 1050 70 967 59 870 74 937 97 953 86 745
1359 0.28243607805717436 2.0670634958042169 1.9528543043668114 55 25 1 0.028676663816058805 98 111 85 638 79 309
6446 -0.90052894797890803 2.4310215107621493 2.0171782458850465 85 89 82 0.13416385023294103 58 311 68 289 33 376
6073 0.10994552782143602 1.4292632343907783 1.976739274817342 102 58 6 0.074376907953738344 8 431 73 392 37 565
986 0.36825091535860843 1.9610215327393354 2.2410078211414466 1 2 5 1.6756517918951481 38 153 51 160 29 136
1900 -0.47185686253069997 2.735047688548419 1.4311911451699144 2 3 6 0.12588088215789819 87 245 95 178 41 214
1643 0.55268368456438521 2.6013582480430339 1.6905283159686215 86 86 81 1.6533883849270605 93 1204 61 569 41 352
6357 0.37335861236089402 1.697291493280209 1.935602139355769 195 140 34 0.28809412975431603 52 1045 70 964 59 867
1270 0.39328840961991346 2.1880475003654878 1.7998288276930077 23 19 16 1.3822372741012676 90 1118 98 1205 85 1168 79 767
1358 0.28127587930153936 2.0409846793783495 1.9221509119740741 110 88 20 0.09660982991418797 98 855 85 630 79 525 93 655 15 789 3 679
6445 -0.3734171139943982 2.82138223822998 1.2556543505314255 60 43 35 0.16370646897978677 68 409 33 374 58 422
6072 -0.5866481728217543 1.5211563265921773 1.5435148011317572 66 67 81 0.062328534066555398 8 430 73 390 37 318
985 0.39633017845235735 2.0019291747160333 1.9812689557411352 77 80 95 0.068902306511332723 51 188 29 135 90 129
1899 0.18597757803404016 1.9397976557082517 1.5765064450033914 61 49 35 0.12569624761366538 87 223 95 173 41 210
6613 0.34784238802023565 1.7749083057468098 2.0651307318992109 22 21 20 0.14115264198932925 97 435 74 413 86 389
2177 -0.0028540303923384816 2.1757980023995538 4.9191935264674074 0 0 0 0.94854424159489081 87 1371 95 1239 41 1252
6356 0.91673382307274787 2.3610760301594329 1.8089570635236858 115 71 50 0.656114854985686 52 1011 70 960
1269 0.9535684098445627 1.3485896677610567 1.5874134350676972 105 91 26 0.88456084170513694 90 1085 98 1184 85 1140 93 1085 10 1524 79 732 15 909 50 1068
1357 0.64347749061955295 1.8424042162167058 2.7668761933690904 231 216 179 0.5135281856498366 98 645 85 624 93 892 48 1066 10 1084 79 331 23 282 49 125
6444 0.32576461527377693 2.5742364802896547 1.5944552490606578 32 22 18 0.23947744895049908 58 410 68 397 33 365
6071 0.326755687797535 1.5177621550425353 1.649786845875546 192 133 35 0.079971251371698096 8 411 73 383 37 310
984 -0.40462637050253059 2.0239181278503753 1.4656278181674607 105 84 21 0.13937760125541715 51 107 29 112 90 89 98 71 85 77 93 86 10 163
1898 0.18597757803404016 1.9397976557082517 1.5765064450033914 61 49 35 0.12569624761366538 87 222 95 172 41 209
6612 0.34618247722802326 1.7277517558407405 2.0326719556021882 18 17 16 0.077947248362004937 97 430 74 403 86 385
2176 -0.26739018006971454 1.9471024454563755 1.5127129430472972 254 205 51 0.87622449104161138 87 1282 95 1237 62 1107 91 1045
1641 -0.98221330551251274 2.671970415018432 1.5981168900679099 125 126 116 0.10627347176499362 51 840 61 505 62 290
6355 0.31649571012785543 1.6368458250890867 2.0061025090173361 64 58 47 0.1287576355339137 52 1028 70 952 59 829
1268 -0.64981222840661212 1.4790163530560103 1.4546911696917726 253 211 56 0.41862355546475044 90 1082 98 1175 85 1131 93 1210 10 1500 48 1491
1356 0.30387839918335546 2.0044232866228322 1.9132805641246935 78 40 4 0.23232969572089454 90 631 98 646 85 623 48 846 79 301
6443 -1.0224666446623616 2.2771404262535482 1.6755177447630125 98 110 140 0.28322916482890337 58 494 68 468 33 361
6070 0.36905890016927861 1.4605354028979722 1.6410844613129851 183 132 36 0.076040430529072348 8 409 73 380 37 303
983 0.29969504899872207 1.8675437003626267 1.8468762831232388 94 57 10 0.15201711101984886 38 119 51 95 29 107 98 78 85 84 48 263
1897 -0.48758928414531461 2.7075415754343997 1.4573904474844166 0 1 3 0.13547411637811038 87 655 95 171 41 206
2175 0.45904136757849001 1.0927542977276323 1.4491867635706204 196 206 233 0.30148902435845049 87 1356 95 1236 41 1248
1640 0.34802103632503489 2.4610647162289747 1.7966081637640365 2 2 5 0.10755228912682693 48 630 61 493 7 474 24 306 62 303
6354 0.32166322487331428 1.8953951730372023 1.6720602000162428 93 94 106 1.0191797405834493 52 999 70 950 59 866
1267 -0.46300271739461879 2.8677862788890209 1.2450196831942204 112 74 51 0.31393646349638649 90 1072 98 1156 85 1109 93 1187 79 614
1355 -0.002802860376646267 2.0695966754911672 1.8521554308616754 50 51 62 0.15054743118585831 90 852 98 643 85 619
6442 -0.83105402441781029 2.3851324294307443 1.3225684402731788 14 14 16 0.18138478074419506 58 403 68 389 33 358 1 565 35 294 14 397
6069 0.36905890016927861 1.4605354028979722 1.6410844613129851 183 132 36 0.076040430529072348 8 408 73 379 37 302
982 0.17068692474565722 1.8316719412257112 1.6045481532235122 98 65 9 0.31066094036018854 38 101 29 93
1896 -0.5310648120323983 2.6974604109130187 1.4196870515769544 2 3 4 0.13285571144543107 87 229 95 165 41 192
2174 0.45904136757849001 1.0927542977276323 1.4491867635706204 196 206 233 0.30148902435845049 87 1355 95 1235 41 1247
1354 0.29647266461043537 1.9767481803598934 1.9018202298067644 114 92 23 0.057554476805689578 90 627 85 617 10 823 93 640
6441 -1.0351208655870929 2.1963601451293719 1.6443130851147647 13 14 16 0.038971705782741776 58 401 68 387 33 357 1 564
6068 0.44716315304905319 1.381863753872804 1.642174233043441 42 44 52 0.033081224762180166 8 404 73 376 37 296
981 -0.90942032655162508 1.9514525774739897 1.486922036403183 128 95 19 0.3247052470713338 19 217 29 91 77 345 46 383 80 78 2 104
1895 -0.57249432215662177 2.6792046857583909 1.3846466844479572 1 2 2 0.17460616865134115 87 214 95 159 41 183
1353 0.29659608709316354 1.9767137436047544 1.9016971497145303 114 92 23 0.064842464717392898 98 642 85 616 93 639 10 822
6440 -1.0331936944228333 2.1958311374295314 1.6460275259171337 13 14 16 0.062699547622833765 58 400 68 386 33 356 1 563 65 552
6067 0.2861876156150277 1.4380522277634984 1.4767513208591361 50 47 48 0.03594147420555157 8 400 73 375 37 291
980 -0.6827525253058867 1.8589385383727646 1.1141433613592431 5 3 4 0.46715540994477256 38 88 29 80
1894 0.14509111885230977 1.7881080120578809 1.4118382942886798 49 59 83 0.054940749776047432 87 192 95 142 41 166
2172 -0.21529002937852273 1.8172251163141442 1.6151742716409374 26 21 11 0.02665394844689031 87 1361 95 1233 41 1245
1782 -0.91027293924686414 2.0089748860640837 1.5205172868325465 129 98 21 0.31650380868451894 31 1020 64 961 32 792 46 726 80 737
2060 -0.33303919344445088 1.7681450488741401 1.7937509974220593 153 88 7 0.22281071957181686 87 999 95 871 41 902
1781 -0.28094277961799136 2.0314654877639207 1.3905512822458266 247 204 57 0.17627218402746886 31 538 64 953 32 111 80 70
6495 -0.70585904984914827 2.5392555458017427 1.3493492050402389 9 9 13 0.92440492119715201 33 245 1 440 35 112
2059 -0.47787502105670859 1.8927052616848627 1.6206641291365778 255 214 62 0.058736528782964204 87 998 95 869 41 900
1780 0.46962852095123775 2.1959738759391332 1.6821315946713857 218 203 166 0.85121108726732009 42 1159 64 933 24 564
6494 -0.83015760329245714 2.3593960093746027 1.3346351096066378 95 106 131 0.35889187101273085 33 233 65 753 1 425 35 207 14 255
1779 0.57218792454516276 1.3467319870868797 1.5904858724354773 86 64 15 0.81389039570803567 19 1262 64 825 29 1030 51 1208 38 1023
6493 0.23302404858066664 0.98496254287633933 1.7032667346406525 122 134 167 0.19656306777208904 33 184 1 377 35 160 14 187
2057 -0.36443382158420429 1.6542015063090727 1.3441855703480194 255 211 55 0.54478485127605447 87 990 95 864 41 895 91 1033
1778 -1.0695420287956123 2.5668545770546838 1.8050929286905077 130 128 118 0.23364424157043295 61 898 64 748 82 758
6492 -1.3389856308089816 2.4224557698534488 2.0770072276645037 108 106 91 0.057918515525537839 65 447 1 351
2056 0.40010018337225567 0.92056125884459361 1.6220955079152044 15 12 8 0.22951590528211593 87 988 95 863 41 897
1777 0.24481335619496083 2.5365751642295575 1.7430933059184421 5 6 8 1.2864035939352245 31 281 64 715 25 489 16 413 82 479
2055 0.12624868845255613 1.1723877092782662 1.6995458012331022 43 47 60 0.11040690331787943 87 989 95 862 41 894
2054 0.13977701668919715 1.1324253569019036 1.731234779425878 5 6 7 0.12085311442785651 87 987 95 861 41 891
1775 0.36354611115517288 2.1346198294505543 1.674722142890446 52 53 58 0.13959944091998627 7 759 61 371 24 559 62 543 53 487
2053 -0.41495626799205987 1.6070022272760629 1.1251205269425595 255 234 68 0.23279404221550073 87 1258 95 860 41 1148
1774 -0.60937074468417785 1.6371115674802832 1.2072461555573661 254 215 71 0.12195905448798136 42 75 64 620 6 550 36 528
2052 0.45962205516517046 0.77317310735977729 2.0617156683271407 0 0 0 1.1521865917263407 87 976 95 859 25 1057 41 886 91 1046 20 1163 72 848 26 922
2049 0.25121989237362768 0.87462111106361418 1.779747105041487 180 190 214 0.51955686692800562 87 970 95 852 41 882
1770 -0.2787034463410184 2.7189126743074157 1.4861712051676537 67 76 78 0.054549446048611311 7 517 64 430 24 344
2048 -0.43736750754121234 1.4990076489850932 1.3865610443246739 255 242 70 0.075356807808385398 87 973 95 851 41 877
1769 1.0836720070125736 2.3301015099105937 1.8910290959266256 197 186 182 0.19559568412963929 7 792 64 261 95 649 87 736 41 660 24 569 62 565 53 474 16 502 6 125 82 425 36 427 78 81 54 56 5 60 43 363 71 526 44 440 89 413
6483 -0.6866521109184196 2.9067442366593372 1.2613792507129196 125 127 120 0.76624061474688598 58 642 68 607 33 586 35 550 14 636
2047 0.39068442059114045 0.73583930025519451 1.9469057157173772 255 252 74 1.2744219880075138 87 967 95 849 41 1139 24 595 62 778 16 1073 71 1003 89 939
1767 0.20205172348144235 1.3607623728731024 1.8569197684475356 148 122 33 0.25513720193673606 7 93 31 24 64 39 32 36 56 55 77 48 46 41 80 40
2045 0.36380313462938974 0.69846866168155597 1.956383419378132 0 0 0 1.5031378487814078 87 964 95 846 41 874 16 1066
1766 0.11903557541253337 0.99660931489114413 1.7094658938190455 0 0 0 1.2952849627335932 48 1672 7 1400 96 1471 19 1574 99 1388 51 1362 38 1167 29 1180
2044 -0.56934698558517793 1.5373942595273027 1.3308542363741434 255 239 71 0.063864945984001595 87 758 95 844 41 868
2043 -0.66210398513056112 1.5248925015002748 1.3552545021546085 255 240 71 0.063827665806726566 87 743 95 839 41 862
1764 0.89915052965665365 2.1104096262561365 2.3115739811373839 156 146 122 0.15014499084715133 85 208 93 291 10 552 7 314 48 460 61 274 87 728 95 636 41 645 72 557 91 494
2042 -0.64796874441911989 1.487930405845697 1.2448476162225428 255 230 66 0.49003313230627121 87 963 95 838 41 1132 91 734
1763 0.71698099915648139 2.1719341375687149 2.2278293514133396 231 216 178 0.38767260694274752 48 473 10 530 7 754 98 206 85 210 93 281 61 874 64 590 87 720 95 631 41 640 24 540 24 685 62 526 62 676
2041 -0.85077345915150382 1.6573006448061118 1.1061287232416963 255 236 75 0.13674042198632178 87 962 95 835 41 861
1761 -0.28600443522464142 2.7897062412138971 1.3735857295437821 59 45 44 1.9220848634869416 7 1413 64 1391 24 1180 62 1213 53 1128 82 1146 6 1243 36 1210
2039 -0.97398993380690657 1.5973904733603259 1.2840954122986796 0 0 0 0.43724080733659193 87 959 95 831 41 857 25 742 16 669 71 842 72 579
1760 0.089084998905433033 2.6292980195833944 1.5620399840825183 88 98 98 0.78453451203948943 61 1609 7 1407 95 1338 41 1358 25 1250 91 1213 20 1329 72 993 26 1205
6474 -0.085502057937511505 2.6622283274628491 1.5334516773784657 73 81 80 0.22091244990689476 58 612 68 578 33 524
2038 1.3006152082224969 2.297918429025839 1.9271310275819975 16 16 15 0.26939430511897461 64 623 87 1240 95 830
1757 -0.11357319787565273 1.2779277258256683 1.7900724934266623 0 0 0 1.8230678503158753 61 1603 7 1381 87 1404 95 1297 41 1320
1756 -0.58176332104847783 2.6542575643432853 1.3095888168369254 45 47 49 0.74079720872704136 61 1590 7 1374 48 1633 24 1143 62 1173 53 1087 82 1074 89 987
1755 0.44010464669288318 2.3322589552967701 1.7696936305619553 3 3 3 1.1668388025466794 10 1616 93 1324 23 682 49 658 67 696
1752 0.30318164369551975 1.8471990971516601 0.65787289545171834 90 100 100 2.4744739950925969 48 1178 7 1322
6465 0.33488678849782416 0.69920761282763644 1.9076232922627734 154 135 50 0.56029213173801784 2 798 33 457 35 401 14 512
1750 -0.59029523710736231 1.6864333144385268 1.1171416220227071 255 233 68 0.24894567591985869 61 1515 7 1295 24 1086 62 1106
1749 0.48884388114437155 1.0622338572724099 1.5167586349969862 102 80 24 0.075865536638588721 61 1225 7 1284
1748 0.22228876848600718 0.83683138299118742 1.9397164336898562 0 0 0 0.9235556000177273 61 1497 53 872 62 970
1747 1.3653953316784848 2.1227333397700558 2.2553476435365871 242 224 185 0.60616725880240052 48 1550 7 1251 91 1155
1746 -0.22904432479240985 2.2036131241114276 1.4148351499026461 112 100 27 0.21920123380488565 61 1472 7 1238 87 1032 95 904 41 931
1745 -0.5077683892872753 2.1017875266075956 1.3566992713771082 41 39 41 0.51165673453497973 61 1531 7 1229 64 1247
1744 -0.4726795586275872 1.6404405592685694 1.1716323596402693 255 233 75 0.15929926853699322 61 1444 7 1206 24 1012 62 1034
1743 -0.70132740962171125 1.6376355451621363 1.1870319871283108 181 142 53 0.69604424496975825 61 1260 7 1194 87 968 95 842 41 867 24 999 62 1025 53 962 25 540 16 290 91 500 82 989 6 979 78 932 54 980 5 965 43 997 60 736 89 652 71 551 34 943 12 418 21 751 44 1 92 2 27 728 76 734 47 447 20 388 72 233 26 8
1742 0.28910218933779619 0.91148869260013876 1.690716628336121 192 203 228 0.23071275310735614 61 1220 7 1175 24 1049 62 1075 53 997
1741 -0.35920476740983365 2.7962703993372089 1.2683585485945612 108 76 60 0.28546524790185196 61 1413 7 1158 64 1173 87 881 95 783 41 770 24 954 62 968 25 596 16 548 91 554
1740 -0.29985459443468759 2.7236521344361782 1.3657048899435358 53 41 35 0.65944798418498629 48 1248 7 1149 87 690 95 594 41 605 24 951 62 963 53 858 16 551 25 601 91 403 82 1003 61 1409 6 996 64 1168 20 171 26 227
1739 1.433877167495244 2.2216694327505282 2.072885968449619 108 74 62 0.74023642046025828 10 1492 7 1146 95 1215 24 938 62 934 53 789 25 1187 82 614 6 687 36 638 78 621 54 650 60 668 89 682 71 839 44 832 92 844 15 1081 50 1278 3 936
1738 -0.3613213591183973 2.7529384860758435 1.4272509736724319 75 84 86 0.19702669101722453 61 1407 7 1145 64 1264 87 1053 95 929 41 954 24 1043 62 1066 53 981 25 799 16 716 91 556 82 1005 6 1099 20 766
1737 -0.29376033094966469 2.729226649784898 1.4547789602629657 73 82 84 0.28247942900247386 61 1406 7 1144 64 1261 87 1055 95 1179 41 956 24 1042 53 979 16 720 82 1001 6 1097 21 990
6450 -1.2132050255330249 2.3977773370131943 2.1048716368815095 225 212 175 0.41376069111204161 58 333 68 308 33 389 1 690
1735 0.89888970965041715 2.3275698398072464 1.9688804992938049 229 211 172 0.34201539927956964 61 1377 7 1134 87 1213 95 1085 41 1098 25 966 16 1022
1734 0.57274270308798625 2.2632102518907544 2.114435789187588 227 209 166 0.079289374026437501 61 1335 7 1070 24 875
1733 0.94790103417411231 2.1342098464883366 2.276212067827585 234 218 178 0.17571350283568665 48 1199 61 1304 7 1063
1732 -0.16155844391938945 2.0349955803696878 1.4390812106890634 68 59 14 0.44443439012167535 61 1313 7 1035 87 1027 95 894 41 926 24 699 62 721 53 497 25 577 16 328 91 543 82 491 20 1040 50 1079 26 688
1731 0.22304119743605685 1.2770947709062896 1.8572018327364725 167 132 34 0.06574450619424628 61 1231 7 972
1729 0.38124009694177857 0.78923232672297305 1.9661083939910249 177 105 16 0.6228637798166976 10 1493 93 1051 7 963
1728 -0.10713940653281015 2.7684643487631728 1.3703501548290888 43 36 39 0.34831585038465351 61 1212 7 962 62 593
1727 1.1143971808407762 2.337201233503611 1.8850808848279297 44 33 32 0.57041105058052033 61 1185 7 956 87 953 95 652 24 573 62 568 16 284
1726 0.9152144567988737 2.2733851740410751 1.8589640531968086 108 75 58 1.8774884741568449 61 905 7 951 87 734 95 644 41 656 25 731
1725 0.4745935107476385 2.2315040473708341 1.7599721259449426 214 196 157 1.4737090487966671 61 1362 7 944 82 676 6 496
1724 -0.14180635871730682 2.1004063489301728 1.4267941357841212 63 54 37 0.73475650248975988 48 1336 7 934 95 494
1723 -0.35311837620691966 2.1028294029368064 1.2911648214031533 253 213 58 0.26440064294748045 61 1169 7 933 64 972 31 578 87 583 95 456 41 471 24 715 62 747 25 40 16 32 91 43 82 727 53 842 6 801 36 757 78 731 60 542 32 121
6437 -0.77197120496001392 2.1602630806494627 1.2515704614569947 122 87 24 0.56648781141726678 65 517 68 372 33 342 35 282 14 239
1722 -0.57858804310188783 2.0132895987802901 1.4314224841398151 252 210 59 0.74648038542020889 61 263 7 887
1721 0.58340754951111629 1.073591834021671 1.407770840757359 160 132 34 0.48575382370302 61 960 7 839 24 641 62 636
6435 0.26868058386588012 1.3225824000512427 1.4555928670280243 129 142 175 0.16862267790785315 58 372 68 350 33 316
1719 0.42217305264944144 2.5141996762947976 1.7478876247880806 191 176 141 0.39281206607486052 61 515 7 785 64 356 87 393 95 281 41 320 24 568 62 577 53 496 25 519 16 450 91 247 82 473 6 535 21 156
1718 1.0795145704958826 1.2633909260436769 1.6564771604548463 156 109 31 0.27244033362469811 48 111 7 702 62 497
1717 0.76945279707534719 1.2467274950650777 1.3368922398109881 253 226 64 0.33574733807766 48 89 7 698 87 636 95 560 41 571
6431 0.40671142784407127 1.0385037046981485 1.5922934208343364 113 96 41 0.25049775943630387 58 360 68 337 33 301 35 257 14 323
1716 -0.10429867113833435 1.7723933952584143 1.7195433244498557 131 97 24 0.1008433872810189 61 797 7 685 62 508
6430 0.41699913609016698 1.076526532213977 1.4629083695360698 21 18 14 0.24638096359079364 58 359 68 335 33 299 1 503 35 256 14 322
1715 -0.13778552971405933 1.7377559057907648 1.7691502780028949 130 94 20 0.2232316252228965 48 134 7 670 24 497 62 495
6429 0.42811735165618015 1.0723627403035443 1.4688084521319067 21 18 14 0.21995539443450771 58 358 65 679 68 334 33 298
1342 0.35274804436399643 1.5016006200423886 1.3714881851896799 19 20 28 0.079779404293212633 98 576 85 551 93 825 10 774
6428 -0.76065995704917888 2.9714958841928114 1.1373011374817881 65 48 37 0.39293923009458759 58 353 65 462 68 329 33 296 1 495
1341 0.98803559426292897 1.2905643388312045 1.5223814352350415 110 95 27 0.19431477144650511 90 562 98 797 85 549
1713 0.6151498893826215 0.98114610191477758 2.1145784070270452 182 115 33 0.30550745797966267 10 16 7 578 95 66 87 79 41 83 24 372 62 388 53 329 25 143 16 171 43 356 71 418 89 274 44 435 92 481
6427 -1.1448175928715536 2.3773870571373741 2.1404215867160445 223 210 174 0.28248106983184518 58 327 68 303 33 280 1 603
1340 0.98391977970243516 1.2827245185202709 1.554737648319223 110 95 27 0.33095371058908474 51 906 85 548
1712 0.59963923792251828 0.95581168649820025 2.126071537820553 135 76 12 0.33929060972386571 48 690 7 576 87 506 95 384 41 416 24 365 62 384 53 326 25 388 16 415 91 397 43 30 71 414 89 270 44 437 92 224 72 296 74 89
6426 -0.97147729899428936 2.3819588256637312 2.0971010337372711 82 82 68 0.08280671477534797 58 309 33 270 68 287
1711 0.45468454977095496 0.81958051395524023 2.0175402160554117 176 104 13 0.53648705341420999 93 540 7 565 95 358 87 478 41 381 53 324
6424 -0.75774698301046262 2.4482943833674908 1.979156342063138 53 50 43 0.35767098774539097 58 305 68 284 33 265 1 456
1709 0.75118499645347303 2.433155820441284 1.7339732349827957 37 26 24 0.07060083757384629 61 512 7 548 62 344
6423 -0.33088390809383839 2.7742195438892248 1.2901319502142916 36 25 21 0.34742477739930039 68 152 33 259 58 176 1 446
1336 -0.78560712654373221 1.7195414855650826 1.0658151929435302 255 237 74 0.075914557885330344 98 787 85 539 93 560
6421 -0.95669148475194998 2.227976252159515 1.8232496210648095 21 29 40 0.075873438546510519 58 288 68 263 33 242 1 567
1334 0.38085108974163123 0.93478624343422378 1.6704753853503007 137 118 37 0.64145873842535395 98 551 85 511 93 539
1706 1.0719743226773639 2.3075169608194228 1.9699739829094427 109 76 62 0.059263646691207227 61 457 7 519
6420 -0.77729046013376002 2.3119025907587005 1.3623595904929835 115 98 28 0.61131447532995409 58 280 68 255 33 230 1 555
1333 -0.50025139309482902 2.8981051610655206 1.202543002599576 158 129 117 0.20798873741356727 51 883 98 547 85 506 48 676
1705 0.48490292810083779 2.4911191548732856 1.7757632081749912 203 185 148 0.25931224737467812 61 509 7 516 64 349
6419 -0.94753625250372386 1.9853755724690005 1.5459251832026593 141 97 26 0.37494575490426174 58 271 68 243 33 220 1 79
1332 -0.12018567296196342 2.7538741185201676 1.3708568511461787 24 16 14 0.16136961644129755 98 545 85 505 93 520 10 677 7 558 23 185
1704 0.48746547019918268 2.4147454094962559 1.6672426202992587 203 185 148 1.770668137780149 61 508 7 515 64 699
6418 -0.83295435055378342 1.8166837474601141 1.0661159624306342 92 72 17 0.045858562568686277 58 255 68 357 33 201
6417 0.3228987138025608 1.4633812850268091 1.3715651701887119 83 99 132 0.097023096404608933 58 252 68 224 33 195
1702 -0.458474411534807 2.7422911291190641 1.4529440934159128 2 3 8 0.11048513360593941 7 509 24 341 62 367
6416 0.20482902352090718 1.3824879753415709 1.4265299194656551 90 83 78 0.18866937800435063 58 248 68 220 33 194 1 387
1701 0.35320470121832037 2.5011939830811292 1.7633996922114759 71 77 77 0.20842075965329729 48 645 7 506 87 377
6415 0.25924286085725318 0.97254495643240002 1.7494349634503537 133 116 66 0.3107435308143357 68 7 33 188 35 260 14 331
1328 1.1001063470314147 2.2770196215000729 2.0015280708859469 108 76 65 0.16642533201215856 98 468 85 451 93 766
1700 0.34747123613217151 2.4581542579382365 1.7935751935989315 2 3 8 0.19218370606096705 48 629 7 473 87 373 95 265 41 302 24 305 62 302
6414 -1.2389315259274374 2.4315214040030795 2.0604767889377769 119 113 92 0.083400083513615011 68 188 33 167 58 216
1327 0.44097775499788894 2.4843153360485242 1.7871423793486994 199 185 153 0.1674506676037841 98 731 85 449 93 746
6413 -1.2462535772397818 2.4334913183493305 2.0513672654811792 119 113 92 0.1268058845936412 68 187 33 166 58 215 1 478
1326 -0.27574549720983565 2.7031444868375356 1.4962273240454271 4 6 8 0.027848076519346832 98 488 85 446 93 403
1698 0.21092375247702053 2.1146602697413321 1.6797748023425663 5 5 5 0.0027937650034368672 61 343 7 324
6412 -1.2704902225899888 2.3998289258104171 2.1154765552912047 114 109 91 0.003368158911674757 58 213 33 165
1325 -0.09261678814233032 2.640350891789546 1.5675083031562702 5 6 7 0.036929908261964302 98 481 85 445 93 418
6411 -1.3031373263274824 2.3274770345350211 2.1573554544644562 146 101 75 0.15573133644859163 80 204 33 151 1 473
1324 1.1911459548751635 2.2255215229476963 2.0961598015834024 232 217 183 0.13465903219026151 98 447 85 442 93 761 10 941
1696 0.67532398200458188 2.1461466604329917 2.2427091438412545 242 223 182 0.083240695075557078 61 279 7 306 87 362
6410 -1.1586060477888878 2.3595961459884971 2.1613999808233086 114 108 90 0.39091115715192704 58 196 33 149 1 227 2 243
1323 0.36267431663663735 2.4776931227914614 1.7649773117015608 11 12 14 0.10169997814789893 98 462 85 429 93 439 10 636
6058 -1.2077984682162877 2.4505442784122269 2.0076357526123356 227 213 177 0.13338477115885997 8 642 73 348 37 261
971 -1.1025158822781953 2.3985449608463942 1.9994527319666964 160 153 130 0.90472139174640931 96 1448 38 1133 29 1147
6057 -1.0169233088267391 2.6071765757071441 1.693721953291528 150 138 112 0.12553637993283165 8 330 73 317 37 235
970 -0.65106801507778089 2.6627597614219622 1.2815194026089027 82 85 80 1.4378032252532533 51 1331 38 1109 29 1079 90 1180 85 1233
6056 -0.92000691769306886 2.2980755684932923 2.0929761763709425 15 13 15 0.052174323824157882 8 329 73 314
969 0.26165526176895093 1.6100890515891888 1.405799454665116 4 8 13 0.79765837970095355 51 1287 38 1088 90 1166
6055 -0.80504227139355899 2.5398086465138929 1.7840536856267781 87 75 59 0.063600592455139895 8 312 73 303 37 227
968 0.25910795804858178 1.608252711559631 1.4240119736433112 4 8 13 0.83195479378157144 51 1286 38 1087 29 1105 90 1165
6054 -0.89448431825846098 2.2215158280322989 2.0202064918253062 66 69 84 0.28448755365177242 8 310 73 293 37 468
967 -0.73067908838287199 2.9790983177326562 1.1494357597850069 108 74 55 1.4091733730572393 31 1166 38 1072 29 1091 98 1165 77 779 56 785
6051 -0.56995937064123936 2.7990583048064215 1.396411519769553 91 98 96 0.12157580811690578 8 555 73 252 37 191
964 -0.61594952976008122 2.5770675045827631 1.5500132922307182 42 47 63 0.11960094317607181 96 1350 38 1059
6050 -0.55301072939328499 2.7983243501414612 1.3738556633127892 72 70 60 0.12945074008994464 8 263 73 243 37 186
963 0.84054203227783053 2.4403661205433154 1.7571817427732137 37 25 21 0.16252418820324085 51 1258 38 1058 29 1077 90 1132 98 1221 85 1189 10 1564
6048 -1.2127867435706416 1.6941815857637532 2.0815243091771229 212 149 34 0.33667928116835155 8 542 73 223
6047 0.14495768802116185 1.8353185849972184 2.8117323718498994 111 76 61 0.15276335075319139 8 246 73 214 37 179
960 -0.54130832350638458 2.4521649593605743 1.3510960421966542 12 11 12 0.89705622580894973 99 1309 38 1047 29 1066 77 768
6046 -0.17927322679501773 2.0077773470842737 2.3405707347427902 161 154 167 0.051014534708020171 8 237 73 207 37 423
959 0.4676553463454588 1.5033153094828196 1.591578224051069 106 83 21 1.853396824221839 51 1218 96 1201 38 1026 29 1035 90 1007 81 526
6045 -0.17927322679501773 2.0077773470842737 2.3405707347427902 161 154 167 0.051014534708020171 8 236 73 206 37 422
958 -0.038069661995503996 2.6107216278463703 1.6052918272023351 3 4 5 0.71384912649341559 51 1180 38 1008 29 1080 90 1060 98 1143 85 1092 48 1433 53 843 82 875
6044 -0.93279101142876508 2.0794722094488796 1.5450241284073607 150 123 34 0.12119099025513642 8 189 73 163 37 127
957 0.14803080699494336 2.5492721043770508 1.6974293970327632 2 4 4 0.45670542888752452 99 1185 38 1005 29 1014 90 1059 51 1059 85 1090 93 1168 48 1425 10 1227 79 606
6043 -0.90357930390384045 1.9364173541294685 1.6773300457502067 252 224 64 0.11948974725361937 8 170 73 148 37 122
6042 0.75708456788872369 1.6382871341326535 3.0415334043970916 88 56 41 0.17721793940972197 8 171 73 147 37 144
955 0.2817804533198574 2.2924841701682728 1.6890597853125606 54 60 81 0.42278056642047013 99 1164 38 992 90 1121 29 1065 98 1207 85 1170 93 1246 77 555 15 1028
6041 -0.73956019338846257 1.8201190379643546 1.787289889861555 254 229 66 0.16361664862337441 8 135 73 124 37 111
954 -0.14766657154818777 2.1501430264635579 1.4654112861395068 46 40 44 0.8271589448730895 51 982 38 979 29 1054
6040 -0.96620782470275157 1.855645323406617 1.5909303021110581 63 67 83 0.081678415286525571 8 493 73 119 37 390
953 0.28882445695166953 1.6698861180606648 1.6228231307186631 97 75 18 0.64524144071963108 51 1123 38 959 90 1011 98 1079 85 1032
6039 -0.98381468772901848 1.852672852466219 1.5727399858369198 163 160 176 0.058422662678915514 8 126 73 117 37 101
952 0.46515632022466563 1.5787374120264606 1.5809444007626985 0 0 0 0.35339245584305334 99 1237 38 950
6038 -0.98381468772901848 1.852672852466219 1.5727399858369198 163 160 176 0.058422662678915514 8 125 73 116 37 100
951 -0.73109261731854458 1.5201808135934585 1.2141704479535045 2 0 0 0.98786083228022081 99 1121 38 934 29 929 98 1048 85 999
6037 -0.73929283803865409 2.1066134124814422 1.2967284958256338 123 76 12 0.1868298557169632 8 480 73 106 37 382
950 0.76513301521460997 1.0932004638404387 1.3027699590628221 111 98 30 0.96280681746220143 99 617 38 918 56 478
6036 -0.39175186314685734 1.7604628456562195 1.9094288510750868 148 88 7 0.13980842385312064 8 114 73 103 37 103
949 0.24049143657046052 0.77761416429716834 1.8774292256939744 0 0 0 0.5635839932210388 51 1197 99 1102 38 917 90 1075
6035 -0.071133283379459178 1.6546971460778452 2.0489461065237826 251 196 52 0.33907970244720953 8 463 73 89 37 377 17 727
6034 0.20188928148500071 1.6570049042430137 2.0315955328879611 231 168 44 0.02838204997135808 8 82 73 80 37 366
947 -1.0375322603378216 2.4825925070652861 3.8694038286613863 46 50 68 2.2949435140445074 31 652 38 885
6033 0.25797063396248249 1.6198546790838428 2.0841766322618818 90 84 86 0.55072644908293744 8 80 73 76 37 89
946 -0.35842561416233221 2.0917923469271287 1.297478176107614 251 216 62 0.14287958604789378 51 1149 38 827 29 814 90 844 98 837 85 802 93 870 10 1327
6032 -0.78815686535295393 1.9347447108783371 1.1586740559146784 113 88 21 0.065764395497787884 8 77 73 74 37 65
945 0.82615813685089456 1.585379318712389 3.101971926551288 85 59 46 0.26966680156507905 19 1282 38 821
6031 0.16366289964429495 1.7616235610987929 1.6692995361165122 152 115 29 0.13017058132818435 8 63 73 62 37 69
6030 -0.61050287093513034 1.5433385490840801 1.5899322236558293 92 91 100 0.11398873115530235 8 61 73 57 37 54
943 0.18718903966662073 1.9058676124947038 1.5973850091231678 10 11 14 0.081244668385012042 51 957 38 812 29 799 90 830 98 828 32 97
6029 -0.96295910819477359 1.6036387239776424 1.2750312767680088 255 242 66 0.20845175507186645 8 50 73 53 37 42
942 0.23486454760730374 1.7602073890062917 1.6327371227361749 22 26 33 0.073599055521226281 51 942 38 807 29 791 90 819 98 820 85 787 93 857 48 1055
6028 0.1233720826550789 1.3645375215186095 1.985555362718026 66 68 85 0.11664903080272311 8 49 73 51 37 329
941 0.17916176663976729 1.6988821743058691 1.4007925841710174 81 95 126 0.30810307018915234 51 651 38 795 29 788
1313 0.9603046815888725 2.1086190254333745 2.3090154242429999 116 107 86 0.05392306250399409 98 217 85 234
6027 0.36991253237697336 1.4937372498531807 1.6519041459046184 130 77 11 0.049333425171467271 8 410 73 35 37 307
940 -0.31066365774638915 1.7875599601045302 1.2067063877982573 18 16 22 0.44144466728647391 99 971 38 794 29 787 42 1070
6026 0.29746934779572298 1.541549755579205 1.5064063921552784 104 65 7 0.060999901832232285 8 27 73 34 37 34
939 -0.74136929136267604 1.8378119321550266 1.0678525044045211 18 16 21 0.16593583720164215 99 972 38 788 29 783 51 932
6025 0.31883174472140902 1.4859811246920063 1.513362635429756 117 71 8 0.11417355567293076 8 24 73 30 37 28
938 0.055656943767759377 1.6657879801967148 1.4797375082130619 132 83 11 0.56429229320255858 31 824 38 786 29 542 32 408 80 370 46 365 2 59
6024 0.013055945304527444 1.1663825421079348 1.8077905275164561 68 72 89 0.10521107080123983 8 405 73 28 37 288
937 0.110367645569379 1.6043590184708956 1.5762345717295227 128 94 19 1.3814002621003663 51 1111 38 784 29 956 90 805
6023 0.20820482671621685 1.3848286311813209 1.4072988014870342 217 174 46 0.094891416431846828 8 15 73 21 37 18
936 -0.56982979360397934 2.8772101795493894 1.2620849845315794 139 140 126 0.45034744131673088 51 1077 38 743 29 909 15 221
6022 0.39546122815720142 0.9189295265299553 2.1085221836585202 170 119 21 0.055896570847978257 8 17 73 20 37 22
935 -0.56146213789746791 2.5521306949386053 1.3239780074534373 19 24 35 0.23236958409358799 51 835 38 699 90 712 98 219 85 180 10 401 23 261 81 249
6021 0.39546122815720142 0.9189295265299553 2.1085221836585202 170 119 21 0.055896570847978257 8 16 73 19 37 21
934 -0.49915363210771663 2.5333924410267534 1.3430046117293477 19 24 35 0.22629445666560372 51 833 38 697 29 691 56 166
6020 0.37822868706928336 0.90031987208506081 2.1347532193977758 174 124 23 0.056715614471017341 8 19 73 18 37 20
933 -0.031519513004592555 2.4536938583013179 1.6548340489757176 51 39 29 1.1379275885032534 51 419 38 684 29 682 98 286 85 692 15 559 3 697
6019 0.37822868706928336 0.90031987208506081 2.1347532193977758 174 124 23 0.056715614471017341 8 18 73 17 37 19
932 -1.2484221369383439 2.357313770087079 2.1560504406042709 57 37 25 0.42250014375173384 51 733 38 645 29 630 32 671
1304 0.33261385919588815 2.2525506836506715 1.6213424409089072 24 25 32 0.052582152945484559 98 174 85 163
6018 0.41979063123337523 0.87966476975362506 2.0865579724431718 234 170 46 0.070947817083556144 8 12 73 12 37 14
931 -0.74301721617118599 2.396670296848217 1.2605705742359639 65 74 102 0.38318129669532269 99 809 38 640 29 631
6017 0.42438272857402909 0.84738170126212753 2.0812378235358997 167 111 17 0.043385316005173126 8 10 73 8 37 12
930 1.0131729264731155 1.9092599971341302 2.5651390106390517 240 223 186 0.4662291046812605 99 715 38 605 29 595
6016 0.31913890308105292 0.85308299271986487 2.0156911229357264 159 114 21 0.041585061400684013 8 9 73 7 37 11
929 1.0909595555561415 1.8720070699892637 2.6553820149389669 248 231 192 1.0460891517908064 31 515 38 603 29 591 51 976 90 854 85 826 48 1327
1301 -0.048939982548351808 2.2026145216024151 1.6306427937856234 79 63 14 0.14587201480318834 98 118 99 345 85 119 48 424
6015 0.31278833927148741 0.93502258688721118 1.6280019625700439 150 152 161 0.046108939061767051 8 2 73 1 37 2
6014 0.26717383479654794 1.5455016658564307 1.4022693088964262 65 72 88 0.50033968971324627 17 930 47 895 18 513 57 575 8 850 73 624 37 546
927 0.35084762606805781 1.8154314750662024 1.8336899049732522 75 47 7 0.21345246283203886 51 671 38 575 29 567 85 591 98 610 93 621 10 804
6013 0.70470392660855175 0.90790459545276736 2.2514805698297069 247 219 66 1.1547688301778627 57 1124 17 1163 8 947 50 1175 3 617 73 976 37 813
926 0.46674567029259095 1.6913249482550572 1.8351164202198276 238 171 110 0.56876692262394413 51 939 99 145 38 559 90 820 98 1090 93 860
1298 0.30969948475126929 1.7669686678441952 2.7965949963431416 38 18 10 0.31660234563478984 98 80 85 88 10 179 23 64
6012 -0.97953771073468221 2.0621473462629112 1.7178789165925119 248 188 50 0.63763547717962643 17 1235 8 1129 73 1068 37 981
6011 -0.19019084260724062 1.9877280295397974 2.3094373971100484 79 85 103 1.8170454695976901 57 1168 8 1120 18 1070 69 1007 73 1062 9 865 37 984
924 0.45265623128961202 1.1791992279035868 1.4022144249793469 116 92 23 0.56064735571441249 51 898 38 511 29 499 90 12
6010 0.34441872383752642 0.76743968415054731 1.9544584982137989 255 198 55 0.25219385603701061 17 1207 8 1111 73 1052 37 963
923 -0.31786577459253862 2.7870420451919165 1.2366294202591404 29 20 17 0.37444294066167066 51 588 38 456 29 453
6009 0.89067679332514538 1.7180228914014806 2.946780570090259 202 178 137 0.77123931409159141 18 1026 37 937
922 -0.2087714472890789 2.6769656980656911 1.5182307297061888 4 5 6 0.44883538649555721 99 1086 38 409 90 467
6008 0.031611078144586399 1.8375070529057169 2.2920016727643167 25 23 20 1.7280934322728463 57 1072 8 1056 73 1003
921 0.25285015322485327 2.6222926912940099 1.547975013753192 27 20 18 0.13572716651631325 99 849 38 401 29 397
6007 1.011374423626163 1.7043781766297104 2.9404029998656545 0 0 0 2.2074019457961072 18 907 8 1055
920 -0.51373321891408741 2.6149983667402532 1.3858713551836961 54 62 84 0.011021497361136385 51 485 38 384 90 392
6006 1.0408265990702348 1.7799261221440859 2.6623360091946222 0 0 0 0.33118578779499813 17 736 8 1051 37 903
919 -0.41967795914013162 2.5887045551350347 1.4397929592681298 57 65 89 0.081999252242092133 51 479 38 377 77 195
6005 -0.65529416798333795 1.5831520284857621 1.2386822915144799 250 1 0 0.41299774963405428 17 1165 8 1032 73 984
6004 -1.1646891985928978 2.3498012524813214 2.3247589365052708 0 0 0 0.62377039772399456 17 1120 8 1016
917 -0.5327217420372613 2.5764393932120622 1.3584672472025452 19 20 26 0.25952838119143162 51 467 38 368 29 708 90 363 85 224 98 268 23 284 81 260
6003 0.20570411474831196 1.8383047017387997 2.8812240229024648 222 191 149 0.050052408661144319 57 1029 8 996
916 -1.1981324617304243 2.5685262689218407 1.846318380026891 195 186 159 0.19175395820536859 99 515 38 359 29 344
6002 -0.94250878501307478 2.3537839674340968 2.172871380034338 220 206 169 0.62404979932288329 18 723 8 933 73 873
915 -0.51536978729211713 2.5256825787021993 1.3299572387157812 56 65 87 0.090639647184875466 51 432 38 348
6001 0.1042010016367039 1.9292382456112276 2.8206344513433557 215 185 144 0.058562267753899389 57 1030 8 916
914 0.248237910524675 2.3982092329379552 1.7469866027196268 34 35 46 0.20824333107512291 51 417 38 325 29 327 90 340 85 305
6000 1.1238990229838104 1.8760168255777825 2.6184205189809813 249 226 181 0.41213552494426464 17 1078 8 890 73 918 37 847
913 -0.42122660583018889 2.4693155819007102 1.3715091371244073 55 60 80 0.21223764209906579 51 404 38 322 29 320
5999 0.24291931604180297 1.625918536676157 1.4135590973781214 21 21 24 0.68186885016477039 47 900 8 854 73 798 37 724
912 -0.64102889886375936 2.4387474802758793 1.6977001302442596 6 5 7 0.93941270008193811 38 308 18 107
5997 0.16096187907936535 1.1080767958302851 1.7186873975279842 28 28 28 0.3738739284692375 47 891 8 847 73 791 37 716
910 0.39056363305412051 2.3056374391331382 1.7749188751945972 47 56 77 1.5795468727677511 51 374 38 268 29 266 98 694 85 691 77 142 32 182 46 109
5996 0.31203310228610254 0.98472062776812153 1.8505111988199707 138 117 34 0.18184118275688543 47 675 8 844 73 788 37 715
909 0.31006958327779988 2.3212769964980273 1.7367905033028335 24 30 43 0.090126520244107777 96 435 38 266
1281 -0.20148330438567416 1.6358144938255497 1.8057171634566305 0 0 0 1.1532991904786485 90 1232 98 1333 85 1283 93 1339 48 1660 48 1677 10 1628 23 696 81 652
5995 -1.3991627139127583 2.4150372245094998 2.1395669940443831 105 107 98 0.41417714553354423 47 657 8 829 73 773 37 804
908 12.305741068663178 -3.9794431896827827 49.163118909812347 238 222 185 1.3050263962819828 31 463 38 200
5994 -1.1637336327366963 2.5621801894679375 1.8264937016983451 188 178 151 0.2204167073979679 47 850 8 824 73 584
907 0.47370771664519074 2.2830852092647977 1.7145264462300402 70 65 56 0.067916237962765191 51 791 29 843
5992 0.28432952672694511 0.93029710103899865 1.8726083795600592 123 102 26 0.51731775025259186 17 658 8 663 73 612 37 532
905 -0.37050346692920322 2.1449989740304529 1.2796904034394887 100 89 25 0.17626086433948843 51 189 38 147 56 368
5991 0.28432952672694511 0.93029710103899865 1.8726083795600592 123 102 26 0.51731775025259186 17 657 8 662 73 611 37 531
904 0.60472677932312857 1.7958500097256849 2.8195310104056182 101 90 69 0.40429906886021638 96 186 38 144 29 123
5990 0.18441742426955235 1.017308572192192 1.7145854840795116 25 25 26 0.44559942236141681 17 656 8 661 73 610 37 9
903 0.39483033819401875 1.9546228153156786 1.9377012603339518 75 79 97 0.13006007566441205 51 161 38 140 90 116
5989 0.19338784208876572 1.0219155623005878 1.7145025009771091 25 25 26 0.15875861542690206 17 655 8 660 73 609
902 0.020157487799748158 1.8463026051778142 1.714688495864787 50 21 0 0.37727900606200543 51 83 38 104 29 95
5988 -0.15004549072052634 2.0541040080609729 2.3959469734458709 140 134 150 0.244804318217058 17 268 8 541 73 493 37 667
901 0.10939312427626249 1.7511113668253195 1.4117466666139431 104 118 149 0.1894955322390765 51 71 38 89 77 64 56 338
5987 -0.11172408424961824 2.0228691473697582 2.441040582717112 8 8 9 0.36440323077117515 17 600 8 539 73 492 37 435
900 -0.35565332904808411 1.7511394597228056 1.2062883700038727 124 137 169 0.16765174915901895 99 137 38 84 29 73
5986 0.38007890974320507 1.775378407808397 2.7707672292131726 232 215 176 0.71792511450217622 17 852 8 514 73 469
5985 -0.71618504680970818 1.7978063133498623 1.6012488853280209 254 220 57 0.63616749165485342 17 147 8 468 73 94
898 -0.77403731932705244 1.7747421831139074 1.0403583514808521 253 231 67 0.30068271898559434 51 644 38 74 29 62 90 578 98 573 85 544 93 567 48 1293 10 988
5984 -0.62615556722621235 1.5714299477332616 1.5906329783542636 93 85 81 0.23195721546323878 17 439 8 441 73 406 37 58
897 0.49871651237374959 1.4292827322598709 1.5340923747994704 89 100 125 0.18159392708736144 51 38 38 55 29 51 90 39 98 31 85 30
5983 0.29030546649446903 1.5753180995861815 1.6563763804424667 191 130 34 0.22181585549374935 17 396 8 415 73 387
896 0.30572729672916915 1.0167430827663144 1.8166879621446936 131 111 41 0.65938096108983557 99 31 38 23 29 25 77 12 56 21
5982 0.23017770013634956 1.1931185674841913 1.9449998167680151 94 103 126 0.3355014041442046 17 50 8 407 37 299
895 0.53657770653757497 1.1160905012453728 1.3433434461081677 142 128 51 0.67384017814244823 31 795 38 14 29 13
5981 -1.2184925637545234 2.4673726967373781 2.0077948413455684 119 118 104 0.32959851852848604 17 358 8 374 73 350
894 0.87835792739558993 2.0618223938501017 2.3572926089453214 231 216 180 0.70937416728638869 96 1241 19 1317 31 1005 99 1154 42 1337 51 987 96 758 99 736 99 1000 38 845 29 834 90 861 85 857 93 932 61 1289 7 1036 64 1103 79 572 87 1125 95 1006 41 1210 25 1109 16 1023 91 1099 15 837 50 1131 20 1217 3 717 72 888 26 1118 23 454 81 273 84 645 39 717 97 892 74 883
5980 -1.0666834325826327 2.4814226061296871 1.9669710798667381 122 116 100 0.41976147469097419 17 338 8 354 73 333
893 -1.0188569373350786 2.6342519196264536 1.6505556730679614 126 125 114 0.25322295167170816 19 518 42 484 51 444 96 538 99 534 38 383 29 367 90 329 98 178 61 486
5979 -0.94875953896802523 2.2218234076579102 2.3145279634858111 62 40 30 0.2749745505644075 17 351 8 349 73 329
892 1.1738047923989781 2.1544679013181596 2.1561323950627687 168 154 126 2.164407008567744 96 1487 51 1376 38 1187 29 1192
1264 0.37133589369483216 1.8501561600963199 1.8610968635213043 117 94 25 0.097298955925863503 51 956 98 1097 85 1051
5978 -0.95015597159878185 2.2201921188256666 2.3142287142282365 62 40 30 0.24445342903152545 17 350 8 348 73 328 37 251
891 1.1738047923989781 2.1544679013181596 2.1561323950627687 168 154 126 2.164407008567744 96 1486 51 1375 38 1186 29 1191
5977 -1.1311715600762491 2.6151812257080267 1.7341526787402475 162 142 113 0.093854061927224453 47 348 8 346 73 331 37 246
890 -0.68562095350088847 1.4588921012411935 1.2084472449463408 0 0 0 1.0518723484087424 99 1390 51 1363 90 1248 98 1349 85 1291 93 1374 50 1316 18 1051
5975 -0.77353095393684945 2.1832906272522519 2.0774306338832744 63 67 81 0.2291624055407106 17 303 8 298 73 282 37 206
888 0.89777642097230148 1.3684293308713311 1.5461719774296854 106 92 27 0.55698664562349509 96 1374 99 1278 51 1310 98 1290 85 1246 51 1283 93 1291 10 1587 79 794 15 1050 23 643
5973 -0.90922787132086624 2.1658405192325589 1.7994809076994391 25 19 7 0.15033414579449836 17 272 8 260 73 234
886 -0.92371326758573324 1.5374937223816152 1.3309660801981207 0 0 0 1.4968314015879476 99 1323 51 1307 38 1079 90 1190 98 1287 85 1264 93 1309 32 866 2 816
5972 0.13007118039703094 1.9045461065809717 2.704889810572018 52 34 23 0.11898517208044213 17 275 8 242 73 211
885 -0.39285022997764307 2.4568542349378135 1.3845754472457252 48 53 71 0.62728446132802551 99 1260 51 1297 29 1123 38 1134 90 1177 98 1278 85 1231 79 810 77 804 56 811 15 1022 3 923 23 679 81 635 67 664 49 624
5971 0.083962304267009347 1.8007559112413485 2.3400098664470348 231 214 174 1.0162805694519836 47 492 8 145 73 127
884 -0.21297534134504395 1.8102783504898592 1.6040612413377919 45 35 7 0.42912504272979984 19 1491 51 1290 90 1171 29 1114 98 1266 85 1223 93 1294 48 1590 10 1586 61 1563 79 746 67 591 49 566
5970 -0.48448346255164315 1.8152325693762654 1.7558047353993351 81 47 4 0.17834527367389338 17 153 8 109 73 100
5969 0.3070177750029689 1.5892512859579171 1.5520836223478316 102 63 7 0.67674846124323762 47 372 8 30 73 40
882 -0.65666733405538913 2.9601763692589067 1.1432100980846287 75 51 41 0.51703548935592114 96 1366 51 1274 38 1071 29 1090 90 1151 98 1231 85 1117 81 579
1254 0.54703726346758297 2.4009262153587096 1.9217834423143154 217 201 164 0.15996524617261954 90 912 98 993 85 973
5968 0.41699317752972309 0.87920993751529641 2.0864474355309262 236 172 46 0.074222032097890731 17 382 8 13 73 13 37 15
881 -0.59410824553330677 2.9396737522621521 1.1675078892936084 88 60 46 0.5742710844637211 96 1365 51 1273 38 1070 29 1088 90 1150 98 1163 85 1199 93 1192 81 576
5967 0.23604339630607615 0.93458578669153825 1.6440137838235547 10 12 15 1.5396782880966029 18 1 8 3 73 2
880 0.12532005871840723 2.6947325109024534 0.86643812260500164 0 0 0 2.8142647064014303 99 1263 51 1269
5966 -0.95922057195688237 2.2404380306930562 2.0281396278344745 143 136 147 1.4946626574685775 17 1183 8 1109
879 -0.88690482921680236 2.8526747150599721 1.3539233046781014 140 142 135 0.56795867210032713 42 1550 51 1264 90 1137 7 1317 36 1134
5965 -0.94328492670077324 2.2609411928135388 2.0293605851488516 143 136 147 1.4503302659566515 17 1182 8 1108 37 960
878 0.59110971169677318 2.5518154137250453 1.601054899836525 87 86 81 1.4608463345699345 42 1378 48 1471 46 681 80 750 20 1090
5964 -1.0917584225216082 2.3361589996863241 2.1842435610961699 80 57 48 0.97502315840527165 47 1045 57 823 6 1098 36 1059 78 1070 54 1108 5 1169 43 1026 60 1102 34 1090 12 980 92 521 27 1212 76 1193 45 670 43 1113 34 1155 45 1093 65 1000 21 1099 100 1030 40 895 28 853 30 842 55 826 88 948 66 715 75 650 22 611 75 911 11 634 57 824 17 1029 17 1030 8 935 73 876 84 412 84 797 88 306
877 -0.48473439147118608 2.6689995719494264 1.475917998129388 44 51 68 0.86633094430843616 19 1457 51 1259 29 1127 90 1182 85 1181 10 1543 77 586 56 666
5963 -0.51890323577645536 1.8168278839850334 1.7693014347113956 253 223 60 0.27910857717496768 27 822 76 842 45 390 100 405 83 439 17 750 18 255 57 412
5962 -0.8387904209101098 2.1775320335257198 2.3398082530000148 33 21 17 0.32933957735743041 18 497 57 820 82 251 6 280 36 247 78 553 54 576 5 586 43 284 60 579 34 323 12 303 21 592 27 436 76 436 47 608 65 308 17 635 8 615 73 555 37 499 1 156
875 -0.38781745208357998 1.5512417310640334 1.3273100804522764 255 241 82 0.40721113254341929 19 1481 51 1211 90 992
5961 -0.19535619365537321 1.96584975840707 2.6298807802591986 40 25 21 0.51725662325439514 18 184 57 255 17 304 36 170 78 156 54 180 5 199 43 203 71 73 34 548 27 414 76 644 65 195 40 154 28 178
874 0.55256711459938002 1.0428847996331778 1.4647344384984478 151 131 41 0.57471509340717908 99 1223 51 1198 90 1077 98 1169 85 1130
5960 -0.83511310780686698 1.6447892502242127 1.2080469264077034 254 232 72 0.94738201662704102 57 1178 17 1244 8 1148 73 1077
5957 -0.86135807892687011 1.9583634046811924 1.730465537061171 77 75 84 1.1679103862616469 57 1103 17 1179 37 934
870 -0.16218612237125282 1.8619925758589346 1.5807887573909489 222 178 54 0.35496134870531754 19 1437 51 1136 29 973 90 1016 98 1087 85 1038 93 1099 48 1523 10 1312 61 1522 7 1306 64 1337 79 264 87 1368 95 1240 41 1249 89 968 71 974
5956 -0.86135807892687011 1.9583634046811924 1.730465537061171 77 75 84 1.1679103862616469 57 1102 17 1178 37 935
869 -0.42987793391628321 1.6304729871098187 1.1887782653597718 173 125 23 0.23742388041274484 96 1009 51 1102 90 995
5955 0.43359213517631706 1.049785096085319 2.1882075808454684 0 0 0 1.0837635499290779 18 1000 17 1164 73 981
868 0.44095218069190734 1.3917425378087256 1.5865716350116397 140 121 36 0.38011844388459581 19 1411 51 1099 90 794 48 1508
5953 0.66660738442352663 0.89702353981741756 2.2507815012933179 243 211 65 0.68822057443687534 57 1123 17 1162 8 946 73 975 37 812
866 0.57568466278404928 0.59379145989280591 2.6215531830474035 251 249 79 1.2478257749760493 96 1170 51 1083
5952 0.72527373591475153 1.705910672689015 3.0209159725762276 84 51 36 0.86501357471472184 18 914 57 1077 17 1147 8 992
865 0.63280373734427942 0.99440058756965044 1.2765560310897002 0 0 0 0.27636569977435455 19 1400 51 1082
5951 -0.89897896206347949 1.9511092077837504 1.6632586841600885 255 229 65 0.44163245162734571 57 1005 17 1146 8 986 73 928 37 844
864 0.97616160960282916 2.3450950906248278 1.8547287971731765 29 19 16 0.28652032024650032 31 856 51 1038 38 872 29 864 90 922 98 1018 32 454 15 869
5950 -1.2512806494670405 2.3906380163578693 2.1198568916325882 220 208 173 0.31467660899218497 57 1040 17 1117 8 1013 73 880 37 702
5949 -0.93872632187670968 2.2434315062687369 2.256830514660344 38 24 18 0.26022314697773041 57 957 17 1111 8 1007 73 959
862 0.49100068736297769 2.2464429021271664 1.7763390258257326 220 203 166 0.73568454492449598 51 999 90 1049 98 1209 85 1172
5948 -0.96979300852043349 2.3352762546258625 2.1731804248915867 220 205 168 0.17462665980476791 57 1037 17 1110 8 932 73 872
861 -1.2495681367641069 2.4587128024415073 2.0228023722068724 231 216 178 0.22523158691498438 96 1088 51 994 29 851
5947 -0.94940273091756244 2.3092021087348193 2.0028770296754468 136 123 130 0.028510615776040506 57 943 17 1107
5946 0.49804115640446361 1.7253387325248153 3.0629844093181706 0 0 0 1.1628621961401726 18 984 17 1101
1231 0.19987696533014881 1.7389999730774528 1.6310105741936185 155 121 40 0.12265856292355111 90 818 98 592 85 573 93 74 10 789
5945 0.6765647622530363 1.6927076908469572 3.1318098156319412 0 0 0 1.1026848055376799 18 983 17 1100 37 857
858 0.049305448128501399 1.5295060640150218 1.7707993580067687 171 136 53 2.8968710545576131 19 1007 51 926 48 1014 61 980
5943 0.62349390029804463 1.6894270233672519 2.996370362367228 97 61 43 0.29780956100942907 18 915 57 1023 17 1098
856 -0.43846113968214023 2.8763580831911724 1.2249392232875165 120 81 58 0.1740878859386939 99 917 51 881 38 744 29 742 93 518 98 546 10 667
5942 0.74955313926816447 1.6512942779808903 3.0457123734994025 81 52 37 0.26915723705441125 18 912 57 1076 17 1096
855 0.31526638326399425 2.4060289658252172 1.7828785582615789 49 60 83 0.69115244037368428 96 481 51 828 38 681 29 679 90 724 98 710 85 705 93 731 10 578 79 417 77 163 15 618 50 651
5941 -0.99606749095068803 1.9629338485993868 1.6329360818873562 255 225 63 0.30362199574857091 57 1007 17 1095 8 990 73 933
854 -0.25838356904758564 2.4419202056332416 1.5542583818674121 54 37 4 0.26141136732753112 99 470 51 815 85 678 90 691 93 712
5940 -0.48771525168158308 1.7676776346578091 1.8527768232628572 255 202 60 0.49402558339119584 57 997 17 1083 8 889 73 836
853 -0.68984061160259635 2.2026463967787731 1.2335662786295232 108 99 30 0.4038125801917451 19 851 99 745 51 707 38 601 29 588 98 625 85 597 10 171 77 368 32 452 56 376 46 388 2 132
5939 -0.3447686185702945 1.7041485082693666 1.782177516102857 252 197 52 1.4799709385315067 57 991 17 1075 73 827
5938 -0.37997120455719435 1.5665120550212146 1.2775449679860273 255 241 70 0.014136883399397261 57 975 17 1053
851 -0.7593871595221815 1.8249931242626922 1.0455823425944655 102 90 26 0.37098394888327579 99 673 51 646 90 580 85 550
5937 -0.41541824354054252 1.5454318249396513 1.2237278724645539 0 0 0 0.47585936835556497 18 853 17 1050
850 0.83021933274846804 1.3172676159450081 1.4439421045901959 97 76 17 0.32512037377122222 96 635 51 628 38 523 29 515 90 559 85 23 98 24 93 46
5935 -1.1467882802984013 2.542150208004756 1.8869877022762154 126 127 117 0.30582596755524877 27 1202 76 1184 17 1021
848 -0.19292591080238217 2.7636027358052448 1.2929975828689939 35 24 21 0.40905115060969888 99 578 51 583 38 729 29 730 90 752 98 543 85 503 93 509 79 429 15 596 50 238 3 478 23 348 49 311
5934 -0.54178029786229009 2.0687320868600825 2.3986473751920778 221 204 164 0.93193585320807715 57 950 17 1014 8 794 73 742
847 -0.36169166493478833 2.7817448168310115 1.3406241331702797 22 16 15 0.057504504821099221 96 1154 51 580 90 510
1219 0.95600256848243603 2.5676211809168992 10.400235427877067 125 116 94 2.6694663767283089 51 408 98 422
5933 -0.47945577962604241 2.049237245190223 2.4240731881891473 218 202 164 0.95303646658101426 57 947 17 1013 8 790 73 740
846 0.36255484770050145 2.5862914930390861 1.5719205422649767 22 16 14 0.38524650290970419 96 546 51 535 38 718 29 722 90 474 98 535 85 497 81 165
5932 0.19430971465612057 1.801879001838889 2.8429812377536048 66 43 32 0.27319801788322262 57 941 17 1004 8 907 73 851 37 788
845 0.20804732095881692 2.6140088710463076 1.5828105616204786 99 108 105 0.61740975521985497 99 540 51 534 80 638 77 206 2 447
5931 -0.11713752224773846 2.0236527318087476 2.4006582062805126 120 112 121 0.085086498110706246 57 929 17 1001
844 -0.94875500012128478 2.7240386630784559 1.5617951567093009 118 120 113 0.087067418975444524 42 963 51 497
5930 -0.82932993368177232 2.009425883843257 1.8432097630662245 253 194 51 1.0285478360590965 57 920 17 999 8 225 73 850
843 -0.37671445751054056 2.5578415817489852 1.4430862639150306 21 27 41 0.24632325156787846 99 524 51 468 38 369 29 359 90 368 98 301 85 257 93 234 10 467 81 268 49 106 67 133
5929 -0.73939155400004897 1.8363455377523243 1.7730295420326387 255 239 62 0.54597919140523188 57 906 17 990 8 898 73 842 37 762
1214 -0.8908141358876035 2.6633361331931438 1.6030545068630624 71 73 65 0.31391882464798204 19 529 98 236
5928 -0.82038172111892649 2.4460636068345738 1.227241752025195 111 120 146 0.21654096592447156 57 897 17 988 8 1059 73 935 37 851
841 1.0164050569331733 2.330288744692846 1.8925430387810294 32 19 16 0.3190288255940496 19 429 51 451 48 648 10 947 61 469 20 664
5927 1.1710184610179817 1.9110070513462702 2.5511857822480013 252 229 183 0.29615883332500248 18 822 17 969 8 888
840 -0.44098139794078928 2.5157196224671678 1.382432366920729 19 23 36 0.1238438473214178 90 319 98 211 51 434 85 185 96 530
5926 1.2281598224635173 1.9889590000223691 2.457422624098589 251 232 187 0.68639111277432729 57 898 17 967 8 971
839 0.096943838174595842 2.3686851896110319 1.6222766555301864 6 5 5 0.048462787166044102 99 428 51 387 38 292 29 289 98 226 93 235
5925 -0.39880382546461401 1.636351563786846 1.2024918057163758 244 210 68 0.12447269905284426 57 847 17 934
838 2.857937783108786 2.0528563385556962 17.705700775764715 127 119 96 1.2837200908731057 96 265 51 305
5924 0.69503310647226035 0.84823525530618638 2.2333503610352348 0 0 0 0.064369386068380274 57 850 17 929
5923 0.25418445753293056 0.74367877186199094 1.903201898656897 150 123 34 0.3206351291547605 18 738 57 568 17 925
836 -0.47222737849401936 2.331567217374571 1.3495952883795388 7 6 2 0.66182955448357017 51 271 90 182 85 117 48 453
5922 -1.0980841343045324 2.579724903186785 1.7878235708329073 130 122 105 0.51433660708059337 57 803 17 903 37 693
835 -0.22476577288686242 2.271776307261665 0.97487745389099956 77 67 16 1.0251314167763779 99 369 51 258
5921 -0.82847440817295159 2.3190720838592385 2.1217762300447611 7 7 7 0.070235768778997704 57 808 17 902
834 -0.20711333273754814 2.0504563805048579 1.3686853990353158 168 179 208 0.14757521697436685 96 297 51 142 48 346 10 190
5920 -0.1117604989478973 2.0607365429371174 2.4341853115032666 8 7 8 0.28117772736300761 57 797 17 879 8 778 73 723
833 0.63765413101383406 1.8486245373257395 2.7341894728337803 236 220 183 0.23571174411991699 96 208 51 137
5918 0.019516728374160339 1.8590143547793359 2.490650392678313 231 212 170 0.070210236201368015 57 770 18 640
831 -0.48323197778301247 2.0570291232056244 1.4099008974998624 181 187 207 0.30411255027605838 19 802 51 118 98 74 93 611 48 1103 10 791 50 533
5917 -0.94287748400363736 1.7525409831103329 1.4642672445463834 166 111 39 0.19144837368187528 57 630 17 734
830 0.6090724396274757 1.7940110327799219 2.8370941303652786 105 93 73 0.85006213531249342 96 185 51 114 38 143 29 122 90 110 98 639 85 105 93 641 48 809 10 817 23 90 81 90
5916 -1.1471828180621626 2.3305893961178823 2.1659859123728302 216 203 168 0.36144242973340546 57 275 17 640
829 0.81987939490429462 1.6985753551550762 2.9492270914916561 234 220 184 0.21546090956066541 99 171 51 92 90 104
5914 -0.08234093476229265 1.9136065331407641 2.6849311105959881 48 31 25 0.29441392505606406 57 806 17 612 8 550 73 232 37 443
827 -0.28310862685634736 1.9712004849158959 1.4405178148100239 120 98 22 0.7319327207346058 96 706 19 775 99 706 42 241 96 254 99 200 51 94 38 578 29 104 61 857
5913 0.25816423501814978 1.7472397243348285 2.8421560306008935 49 28 20 0.25440318773484982 57 524 17 597 8 523 73 474 37 420
826 0.74566603330535841 1.3732791762122756 1.4787196744645945 104 91 25 1.3953771542561555 96 1455 19 1543 42 1583 96 1416 31 1238 99 1322 51 1348 38 1119 29 1165 38 1157 90 1229 85 1280 98 1329 93 1355 10 1644 23 691
5912 -0.082454640140391999 1.657828936591502 2.021979909158631 31 29 27 0.13354063492095497 57 645 17 501 8 461 73 426 37 373
5911 0.029416302666256999 1.5696239784563881 1.9557928857721598 81 79 83 0.12661986667403233 57 347 17 437
824 -0.86424160745782863 2.6155247151999874 1.6733370638462874 109 110 99 0.4550537869114783 31 1063 99 1188 42 1386 96 1273 19 1454 32 824 46 687
5910 0.23634390280100628 1.6294869138733565 2.0236548892761301 75 75 84 0.086732768269441207 57 352 17 432 37 363
823 0.47472199797404041 2.5293694720249156 1.642479249388149 75 51 39 0.91743764595073996 99 1361 42 1603 32 1006 46 820 80 917
1195 0.39012918397230173 0.84638949643259465 1.7889105982159512 148 128 44 0.55141612931318118 51 1361 90 1259
5909 0.19397191770433961 1.623369056810902 1.9827467532363081 150 97 16 0.64868542467393919 57 875 17 426 37 358
822 -0.37971094351225138 2.0355851012220572 1.3835962511135662 84 68 14 0.88342047818981539 31 1233 42 1598 61 1583 7 1352 87 1413 24 1158 62 1187 32 956
5908 -0.15150764134732297 1.4464872402598929 1.8900449298897537 120 99 40 0.29431990606355463 57 58 17 420 8 434 73 395
821 -0.64816920001158496 1.6837363509404435 1.0812632872604451 204 172 49 1.2716046446798046 19 1525 31 1244 42 1595
5907 0.26650124999591179 1.6434433071050318 1.6616812846116125 194 133 29 0.087386258685851342 57 314 17 401
820 -1.3459939341499736 2.5047408756400733 1.9787915429270444 0 0 0 2.1056894889875837 99 1359 42 1578 82 1108 43 1115 12 1154 89 1025 45 1129
1192 0.25803024035333472 2.1420017832364309 1.9519673506146153 8 7 7 1.5879623857051162 51 1352 90 1237 98 1335 85 1286 79 872 67 714
5906 -0.88964221369275465 2.1987720170201328 2.3412334998679731 50 32 26 0.2018840866126233 57 273 17 344 8 623 73 324 37 245
819 0.068916789065509881 2.108732982430797 1.5671349638141492 71 55 10 1.8839763743692011 96 1426 42 1570 51 1343 90 1221 98 1318 50 1307 3 963
5905 -0.61517588811802693 2.0683831863404532 2.4505043567946951 106 71 53 0.10611010896348719 57 263 17 326
818 0.34641492409680474 2.21876516449995 1.6955236175568702 41 48 66 1.2754291015784109 31 1024 96 1399 42 1539 51 1238 90 1117 98 1277 85 1230 32 794 46 669
1190 -0.65317405524951 2.1177898516096354 1.3713295970987598 207 160 48 0.37771109521993068 51 1319 90 1218 98 1317 85 1285 93 1357 10 1630
5904 0.28239478254932121 1.7640761026640377 2.8126791293091777 41 25 18 0.30621281393940736 57 219 17 256 8 216 73 185
817 -1.0052627553589937 1.9094465439826238 1.550547711602978 0 0 0 0.13673275348007558 31 1232 42 1533
5903 -0.75485887009627839 2.936448274248681 1.1771904378909763 173 169 149 0.2776974978744618 47 970 57 117 17 218
816 1.0594567691902543 1.3592408158016169 1.5775982198645289 0 0 0 1.5846033819077008 19 1519 42 1520 51 1311 29 1136 90 1192 85 1268 93 1346 46 635 80 568
5902 -0.6609252861125543 1.8052831868307269 1.8150301428590194 255 232 67 0.2496352784539638 57 97 17 187 8 124
815 -0.3780634834724142 2.9544221651486864 1.2556971569790591 0 0 0 0.87548983865088315 31 1165 42 1510 61 1495 16 717
5901 -0.40647828774146527 1.7718798903663631 1.8951732897260729 253 196 51 0.31306826492778872 57 428 17 170 37 104
814 -0.37107184907761231 2.7769193427963961 1.3333038416019447 24 18 16 0.94770189047544307 31 1161 42 1506 48 1463 61 1491 64 1318 7 1269 24 1110 62 1140 53 1051 82 1072 6 1166 36 1123 71 963 21 1176 32 830 46 689
5900 0.21993497257647315 1.0050817466079749 1.7119105382434048 144 150 175 0.54824055530046523 47 3 17 16 8 5
813 1.4342463699805625 2.1820151923558315 2.1290249234680307 244 228 191 1.2173498572980532 19 1330 42 1482 90 1056 51 1246 98 1216 85 1186 93 1199 48 1556 10 1565 61 1470 7 1259 79 629 79 784 87 1397 95 1214 41 1284 24 1036 62 1049 53 905 25 1188 25 1222 16 1107 82 607 6 418 36 635 54 344 71 840 44 965 92 962 100 1087 83 1037 88 975 15 1079 50 1297 20 1303
5899 0.048311120976324222 0.71004533763660449 1.3252404141597258 0 0 0 1.1507453049688512 27 1341 45 1143
812 -0.46320469371218337 1.9910580056932203 1.4500951910598487 254 217 57 0.95574332420439767 31 1011 42 1473 61 1294
5898 0.40850127064474584 1.2606051093612216 2.7374910707466098 0 0 0 2.6440416912123013 18 897 57 914
811 -0.7294405357807564 1.481755279264533 1.213494243730824 0 0 0 2.3310196627503892 19 1410 42 1443 48 1487 10 1258 20 1003
5897 -1.3437231121144884 2.3849818485996712 2.2629716870990473 0 0 0 1.2289886932048364 27 1126 83 951 40 777 75 914 57 1088 66 1077 9 737
810 -0.69629461454517161 1.4535153600840884 1.4712639936565455 0 0 0 0.0039798017003114562 19 1263 42 1440
5896 -0.98391962659030996 2.2254377388070528 2.2961251796386164 151 98 70 0.74540269828947681 13 489 66 527 69 445 9 359 18 730 57 964 27 1116 76 1109 45 680 100 696 83 775 17 1027
809 0.38289186952748661 0.70908311716245209 1.8156975325569487 0 0 0 1.5634883338922911 31 1088 42 1425 51 1081 38 1015 29 1022 90 971
1181 1.0883740704253355 2.4076515337868027 1.8927270928041746 85 85 79 1.0487628475491853 29 1011 90 1135 85 1197 56 651
5895 -0.90935713311979027 2.0481542060093347 1.8845614398428858 57 55 60 0.69583354078537796 57 1174 17 1241 8 1142 73 1082 37 982
5893 0.11577851727738953 1.7256145089253905 1.4526029682390706 199 154 38 0.35824247501291717 18 1034 57 1150 17 1213
806 0.3248655359607327 2.5348187981172603 1.6404810876027325 41 30 24 0.4125367150980378 19 1358 42 1376 61 1398 64 1146 24 947 87 725 82 864
5892 0.09195280057188096 1.7071974434894857 1.4613397412064211 199 154 38 0.79421743734505301 18 1033 27 1328 76 1299 57 1149 17 1212
805 0.98822078240466282 2.4697655503618816 1.7915005917942051 0 0 0 0.63290369688378834 31 1031 96 1347 42 1365
5891 0.34492333539148762 0.99460277613266612 2.0790750841178633 255 196 52 0.48943258527396832 18 1030 57 1148 17 1208
804 0.13553527795053041 1.7105459215560059 1.4395424442315219 87 82 24 0.9905748093801594 31 990 96 1217 42 1321 61 1270 7 894 48 794 64 883 24 677 62 683 53 476 89 459 71 336 32 615 46 528 80 578
5890 0.23662669643721204 1.6299085720351938 1.5248574121135168 0 0 0 0.28039562369698812 18 1032 57 1147 17 1210
5889 0.23662669643721204 1.6299085720351938 1.5248574121135168 0 0 0 0.28039562369698812 18 1031 57 1146 17 1209
5888 0.35248602565841464 1.6974312640813782 2.8554996044173615 0 0 0 0.31640456682229245 9 848 66 1200
801 -0.032709637966724346 1.2663417138139546 1.8699585061319015 120 130 160 0.19123687414009272 96 1188 42 1299 51 1094 29 932 90 988 77 492
5887 -0.7834580243658994 1.9675150906060264 1.8266577359804725 255 196 52 0.78465681201945403 18 1042 57 1142 17 1223
5885 0.25469662131936688 1.3664632758726394 1.375754252274308 235 193 60 0.40074795876869013 18 997 57 1120 17 1189
798 -0.68050027757648313 2.5262726359110914 1.4104755927684818 2 2 3 0.11522004632394205 99 1180 42 1232 64 757
5884 0.24824030112818676 1.3608186108636002 1.3739933380567348 235 193 60 0.55136265393042183 18 996 27 1323 57 1119 76 1278 17 1188 8 1066 73 1014 37 876
797 0.77268948894020506 2.3690623779702462 1.9168480927195446 225 209 172 0.5582191970490723 19 1156 42 1188 61 1383 7 1137 87 1189 95 1066 41 1076 25 940
5883 -0.84428176341757089 2.1769870816186137 2.3648937043597349 56 36 27 0.83149244467507621 18 986 57 1117 17 1186 8 1095 73 1039 37 945
796 0.42291314693377086 2.2656900750100211 1.7014116236024712 2 3 3 1.2582983386591344 99 1011 42 1178 38 855 29 840 61 900 87 718 95 628 41 635
5882 -1.2145470078819727 2.5005624116353746 1.8681324607389675 164 153 126 1.4710503208407775 18 977 34 1152 57 1111 36 1069 82 1015
795 0.46138930400764627 2.2329499293735289 1.6662736296204075 7 6 7 0.82084929830411424 96 827 42 1172 38 853 7 946
5881 0.81719529530932755 1.8242653280632444 2.9376922941904744 220 198 156 0.93790338069541213 57 1108 37 938
794 0.69738781364382008 2.2189584541904495 2.163146265133328 231 214 177 0.12697536576559823 96 815 42 1135 24 870 62 871
5880 0.035367990325894043 1.883844084297982 2.4201761055227293 9 9 10 0.71024625429350363 18 975 57 1106 17 1180
793 -0.13270957202812383 2.0599975607660039 1.4305021727314746 130 143 174 0.56951711590812704 96 747 42 1113 90 618 98 631 93 623 10 807 61 1163 7 930 64 950 53 677 62 726 82 709 89 623 43 439 71 596 34 125 12 71 44 505 92 539 32 436
5879 -0.32304604915741375 1.7535817085548264 1.8906520788854708 255 195 53 0.87030312664044096 18 963 57 1099 17 1175 8 1079 73 1029 37 896
792 0.60142682989431562 2.1031871757731841 2.305239534395751 233 216 177 0.58784842587174357 19 1061 42 1092 29 618 98 878 90 860 85 846 93 921 48 1341 10 1374 61 1290 7 1032 87 1070 95 953 41 976 91 858 72 646 39 517
5877 -1.2854066893606191 2.3215225000532245 2.1822509190046695 69 49 46 0.82656069641098195 18 989 57 1086 17 1153 8 1096 73 1041 37 946
790 -0.59660574238629993 2.8672980214868473 1.2777483109106056 78 83 76 0.36738648358537201 19 980 42 1006 98 743 85 741 93 735 48 959 10 606 61 939 7 546 87 262 95 182 82 333 6 639 78 300 60 357 89 251
5876 0.11989166720671041 1.6937930259855449 1.3715155430979624 0 0 0 0.63799505701424486 18 951 57 1050 17 1126
789 -0.80876300990196104 2.8505523722005943 1.3369957694266681 124 126 119 0.068603817378642878 19 964 42 998
5875 -1.0280751050090675 2.22788317799372 2.3146838699521504 151 97 67 0.38650939077006113 18 930 57 1039 17 1115
788 -0.80876300990196104 2.8505523722005943 1.3369957694266681 124 126 119 0.068603817378642878 19 965 42 997
5874 0.063561456836971147 1.976619066861582 2.8450873628406046 0 0 0 2.0380671129171657 83 1069 57 1033 37 865
787 -0.6470745159190705 2.7926779003609421 1.4151888260037468 71 77 73 0.23919556328557584 19 948 42 985 51 561 99 580 90 480
5871 -0.049838260591379115 1.8428080580671282 2.3314497341399556 139 131 144 0.50778365199963982 18 972 57 1012 17 1094 8 988 73 932
5870 -0.82445516494252069 2.9500770904807161 1.1614680343800292 0 0 0 0.013440440767527193 34 1130 57 1008
783 -0.8134916167393329 2.3266052369309449 1.3856348477403755 53 53 54 0.69275590460960368 96 426 99 795 42 889
5869 -0.6873531520563837 1.809880802017803 1.7964194632502228 255 241 61 0.47637478903171648 18 886 57 1004 17 1089 8 895 73 840 37 760
782 -1.180276572029141 2.391349304087953 2.1001211944964768 225 213 179 0.077795248161334651 99 414 42 866
5868 0.60990030554381147 1.7505306997536991 2.8646289857278835 229 215 179 0.1719003119657547 18 690 57 927 17 994
781 -0.28571438793635118 2.0572250465978588 1.3659924350638355 144 106 23 0.69300236791591197 31 550 42 832 98 616 85 592 10 798 87 156 95 102 41 120 24 704 62 729 25 50
5867 -0.11531701826879126 1.9172077744545666 2.3368634314388554 141 134 147 0.34036340002348053 18 902 57 926 37 776
780 1.0729697510036083 2.0904590073565057 2.3178884231308001 232 217 181 0.045290953888589877 19 821 42 794
5866 -0.12135243617163605 1.9085816960273394 2.3378533232177339 141 134 147 0.12228428798648934 18 901 57 925
779 0.97410546367148965 2.0819795404053854 2.3382624488712151 234 218 181 0.19033547034556475 31 160 96 760 42 787
5865 -0.0087504448511983232 1.9072192020029337 2.3873797786596627 118 116 129 0.40059804975588192 18 903 57 924 17 996
778 0.9713283911119257 2.079927638502673 2.3306500811828994 234 218 181 0.12050356364189645 96 759 42 786 51 743 90 650
5864 1.1615442598258896 1.9101521372477936 2.7481152266613589 241 224 185 0.36642255705420773 18 832 57 917 17 748
777 1.0401428549696574 2.0594655972259597 2.3791654292274633 231 217 180 0.0018029836527083207 19 806 42 778
5862 -0.74638358161536411 1.8260696537213337 1.7675550792048598 255 247 63 0.51480900061321255 9 597 18 887 57 905
5861 1.4423565990480844 2.184574959039387 2.1313195597402634 252 230 183 0.3005344733007303 45 1012 57 879 17 688
774 1.1616612159108839 2.0144586538693567 2.4335288785071465 232 218 181 0.2990778644788194 19 794 42 763 51 739 90 646 48 1182 93 945 10 1393 61 1119 7 1040 64 848 87 1187 95 1065 41 1080 25 1000
5860 0.080721919649364954 1.3558031026233122 1.9548386196733474 229 170 45 0.055525489150974959 18 867 57 861 17 947
773 0.90271795922491838 1.9938968720783219 2.4225894014384473 233 218 180 0.22350116976324935 19 782 31 131 42 757 51 723 90 176
5859 0.24449865428606049 0.81257306853053402 1.9301413737675177 149 124 34 0.14072752144283232 18 741 57 836 17 927
5858 -0.87482788716376247 2.3279663215345883 2.1027813435032088 11 10 11 0.15138339817191351 18 712 57 811 17 904
771 -0.23762526212080845 1.7887650673519768 1.6060269998447316 5 4 6 0.80583014629301475 19 694 42 712 90 816
5857 0.52800101081608319 1.7196396104965466 2.9367535045654902 151 102 77 0.22340352021904364 18 710 57 796 17 584
2530 -0.87963514730185399 2.1717033327371555 2.368305658785125 112 77 63 0.3426479734579696 53 613 16 524 82 716 6 809 78 951
5856 -0.016950114737460879 2.0196248069257496 2.4451670798516454 34 31 25 0.36743621965353546 18 673 57 786
769 -0.6479811089348898 1.6715912585282142 1.1423577042387127 169 128 30 0.13762494542466119 19 670 42 654 51 46
5855 0.69948837174781653 1.6680185245654418 2.9773989506525522 226 212 177 0.061905928798627746 18 478 57 782
768 -0.52339508587471484 1.6293681978884851 1.1883840032605939 172 127 27 0.080162410330529704 19 657 42 629
5854 -0.94618832964535604 1.9821461156914415 1.6642454153505963 67 67 74 0.25429852398310321 18 588 57 681 17 843 8 766 73 710 37 643
767 0.28464655230027436 1.2464047385819708 1.843023754658168 158 131 50 0.14442729769087906 31 427 42 572 32 27 56 41 46 32 80 33 2 23
5853 -0.79543705243337526 1.8605042134032701 1.7796684647611622 158 101 30 0.30215447704762094 18 587 57 677 17 824 8 762 73 702 37 640
766 0.47519479369438911 1.146992802349825 1.3926759419438193 27 27 31 0.51520180219545897 96 620 42 558 38 507 29 497 90 7
5852 -0.80049575332371192 1.8514806919358517 1.7827961920000042 158 101 30 0.27870318751988349 18 586 57 676 17 823
765 0.59519973109165181 1.118113627332521 1.3968923795951464 107 85 18 0.2067966976460002 19 607 42 555 38 19 29 18 64 810
5851 -0.69593761341131555 1.8400518104008317 1.8301483973496659 255 205 54 0.60327288245002109 9 445 57 673 8 501
764 0.35529052335791683 1.0481315968254588 1.5631109643161383 139 110 29 0.032989311517264967 19 30 42 545
5850 -0.73461979213426765 1.8428047963275251 1.8081876466713511 28 26 23 0.22367862405084452 18 585 57 672 17 816 8 757 73 700 37 637
763 -0.4487392632481681 2.6774934999414488 1.2606931078669725 1 2 4 1.5584669949317944 19 557 42 509 48 651 10 537
5849 -0.73904565561227131 1.8351724978817892 1.8107606890603398 28 26 23 0.18934933705575716 18 584 57 671 17 815
762 -0.42687563071063467 2.7355032744028436 1.471427557261614 3 4 8 0.12895085407273821 19 556 42 507 64 441
5848 0.19786472695791471 1.8999362111732763 2.2022262090139924 69 63 65 1.895611180585979 83 946 57 670 17 168
761 -0.20877431307452546 2.692279536618948 1.4972735018354606 67 77 78 0.11645709381003794 19 552 42 494 48 661
5847 -0.67149828349002594 1.815948965478043 1.8342862397900792 163 105 28 0.21283909226013029 18 582 57 668 17 799 8 755 73 697 37 633
5846 -0.15217916893547018 1.4640515016664224 1.9244254793933893 190 189 210 0.21708031494793154 18 543 57 619 17 695
759 0.10485307578532821 2.6488654101153073 1.5243472924751094 87 97 97 0.27745410418898764 19 543 42 487 51 546 98 528 24 353 82 257 6 575 78 192 89 199 71 97 21 215 92 70
5845 0.0090083579975518691 1.1594644912969354 1.810066358099599 68 65 68 0.085281102932635675 18 516 57 590 17 388
5843 -1.1221353459672301 2.5994454764962311 1.7807935769260435 161 155 135 0.11525480437637273 18 143 57 537 17 629 47 847
756 0.41019426328197223 2.4076288813009854 1.8036087330863257 5 5 8 0.12424792871761355 19 465 42 418 32 202 80 140 2 153
5842 -1.067888344530818 2.5776118764350571 1.8100719151670279 138 132 116 0.13866028516456635 18 142 57 534 17 626
755 0.76680609240379238 2.4007227246260552 1.8006854368565954 23 13 10 0.21370662296225071 31 253 42 413 61 500 7 526 64 682 95 318 24 334 62 328 53 249 16 270 82 191 6 175 36 125 78 116 54 99 5 118 43 91 60 141 89 122 71 173 21 101 32 196 80 134 2 143
2515 0.22390965201342197 1.9273482618366542 1.619138149527203 61 67 83 0.13739523957145211 25 145 16 117 91 153 26 216
5841 -1.0109291058372099 2.5515350957161917 1.8344269070016848 127 125 113 0.28754686457907536 18 473 57 531 17 899
754 -1.2785547348912301 2.4041977355699964 2.1165780091095452 116 115 99 0.25755035146923522 96 421 42 407 64 380
5840 0.19827450416174361 1.7954242590471901 2.8295132904446061 49 30 22 0.3114530774572758 83 299 57 530 37 430 18 487
753 -0.40303484046143095 2.1068788013598185 1.2784398366801148 140 110 28 0.23438666965004359 31 220 42 336 61 372 64 361
5838 -0.89809674169313103 2.2173001867640076 2.0240201670626887 81 82 93 0.11996510169883361 18 459 57 526 17 622
751 -0.88547028993804267 2.0768543164759112 1.5225623341294081 221 178 48 0.31986783578398797 19 280 31 236 42 304 64 969 6 831 78 955 54 1009 5 1008 60 797 21 807
5837 -0.77582822671985274 2.1792974474461757 2.0803517068834196 82 83 95 0.075656068380154637 18 452 57 521 17 302
750 0.71626598006673781 2.1730792336964182 2.2262141414354359 235 220 182 0.09426380601045746 19 333 96 357 42 285 51 286
5836 -0.77872379062840069 2.1596676875622927 2.0594982373749176 146 138 150 0.1286959886688451 18 649 57 516 17 617 8 789 73 738 37 676
5835 -0.89604932765573853 2.1624102049339671 1.9855209944391206 78 78 90 0.10069809141942759 18 420 57 515
5834 -0.15585583404749817 2.0450375551875606 2.3916730525608627 152 148 162 0.51412221289057114 83 245 57 506
747 1.1812719395663573 1.9928749197862019 2.4887854552863113 125 119 99 0.23059320348100218 96 295 42 185 64 78
5832 -0.18595918556542818 1.9991046820909983 2.3456211720972377 159 154 166 0.24690924388373614 18 435 57 496 17 591
745 -0.13215290035392546 1.8586067309155443 1.584314979954013 146 104 25 0.24559179971208547 31 99 42 169 61 202 64 227 24 130 62 155 53 230
5831 -0.44176919644585272 1.7800482247109792 1.8875818044817501 124 76 11 0.18782530672765607 18 55 57 435 17 544
744 1.1067985577588673 1.9023909255220171 2.5649933052890939 131 122 100 0.13562670667246146 96 250 42 147 51 202 90 153
5830 -0.44176919644585272 1.7800482247109792 1.8875818044817501 124 76 11 0.18782530672765607 18 54 57 434 17 543
743 1.1067985577588673 1.9023909255220171 2.5649933052890939 131 122 100 0.13562670667246146 96 249 42 146 51 201 90 152
5828 -0.52195826726693362 1.8137292885623526 1.7722144757723344 253 224 61 0.13591162204784529 18 254 57 411 17 749
741 0.8275338051150084 1.3149615489997086 1.4497859569926392 96 77 18 0.22106242815210886 31 13 99 640 42 34
5827 -0.22890040559173772 1.7407626624834027 1.7715679796754764 217 164 46 0.16103494926454426 18 239 57 356 17 470 8 89 73 85 37 88
740 0.5998514702506168 1.1950340749349393 1.3845381296013832 133 118 33 0.24242144542956218 96 623 99 40 42 26 51 27 38 32 29 27 90 15
5826 0.22744532248408103 1.6215007659468292 2.0248123696176719 68 70 79 0.082999321303618215 18 242 57 353 17 433
739 0.59874073783218529 1.1978636891470085 1.3789081024884404 133 118 33 0.20578334216390187 99 41 42 25 38 31 29 28
5825 -0.94022258406050341 1.6547288682904977 1.3850122813590755 56 55 63 0.31584550502919978 18 529 57 333 17 704 8 699 73 648 37 559
738 -1.0887700028432155 1.8452793537161962 1.5167526618951626 0 0 0 0.85288762060617029 96 1485 99 1399 38 1185 29 1190
5824 0.080010211375324519 1.7268347736417293 1.5098195344260681 49 51 59 0.12643070396869457 18 220 57 311 17 403
737 0.14201849105674472 1.3871255434062102 1.8075451855518205 120 88 19 1.2218359963715804 96 1456 99 1366 38 1158 29 1166
2497 0.67310661952831419 0.96771915696736621 2.1371979350610544 110 75 61 0.20193344215275633 41 1167 25 1090 16 1086 91 1071
5823 0.300747498834946 0.9136332694312066 2.0437313012983793 255 197 53 0.54027652591314612 18 512 57 296 17 41
736 0.13820076199157413 1.3285182983659511 1.1995336157472358 0 0 0 0.31553312717138371 96 1437 99 1365
5821 -0.88743988513939887 2.3220266194927772 2.0715547383401662 158 154 169 0.16600680090355308 18 481 57 252 17 322
5820 -0.89541062942517491 2.2843751499559284 2.0565105859369304 77 80 93 0.039662263915891491 18 140 57 247
733 0.0038647780052703737 1.4179605678143847 1.8664053972049734 0 0 0 1.0636668315304427 19 1560 96 1457 99 1350 42 1613 51 1349 38 1148 29 1154 90 1230
5819 -0.9609097159588843 2.231916102722205 1.9972606464737108 78 79 91 0.11911413389295757 18 462 57 234 17 313
732 -0.5318173023892343 2.8034251949827911 1.33499322229562 98 106 104 1.3726879749027046 96 1435 99 1347 42 1581 51 1335 38 1113 51 1301 29 1129 90 1209 61 1543 7 1320 7 1362 64 1321 87 1387 95 1256 41 1266 24 1108 62 1139 53 1053 25 1154 16 1055 82 1013 6 1171 36 1060 78 960 60 1153 32 963 46 757 77 687 80 885 2 910 68 552 58 591
5818 -0.9609097159588843 2.231916102722205 1.9972606464737108 78 79 91 0.11911413389295757 18 461 57 233 17 312
731 1.0976620149653991 1.8100515409161659 2.6461234818099575 0 0 0 2.0995746682555261 31 1183 99 1330 42 1567 51 1237 38 1099 29 1053 90 1175 98 1273 85 1166 96 1036 81 562 23 621
5817 -0.086169194505357483 2.038069329470336 2.4190077580290743 129 128 143 0.086323653517473065 18 464 57 207
730 0.089503036668915681 1.6709333966888467 1.4602361341080716 189 165 63 0.49556739261449462 19 1526 96 1420 99 1325
5816 0.79972398686262136 1.6205966706403607 3.0581313188893855 76 52 44 0.19142261202865665 18 145 57 195 17 210
729 0.90037725782576816 1.359836079444771 1.5537264028316722 106 92 27 0.38686957399468602 96 1415 99 1320 42 1561 31 1104 38 1120 29 1135 32 938 67 685
5815 -0.2126632065548982 1.9807438719270634 2.3130221272013292 82 83 97 0.32211965028599954 9 335 57 184 69 209
728 -1.0539595338287864 2.6796507176753961 1.6000658774216596 116 117 109 0.82741204743829533 19 1455 99 1313 42 1548 51 1176 38 1062 29 1015 90 1057 61 1479 64 1315 62 1051 82 1077 36 1131 6 1173 54 1161 43 1027 60 1190 27 1182 76 1168
5814 -0.041911320946596366 1.8519154893391956 2.3647583404880992 80 81 92 0.15206985654161057 18 114 57 151
727 -0.73611359833892653 3.0230818069917262 1.1235734024740354 90 90 85 0.94449046514668566 31 1086 99 1268 42 1511 51 1080 38 1014 64 1180 6 1017 32 851 56 742 46 794 80 886 2 890 58 594 68 554 33 505 65 944 1 753 35 442 14 556
5813 -0.89808134604810186 1.9614337295786028 1.700143246583953 249 189 50 0.42707721504699037 18 60 57 118 17 212
5812 -0.84936747156782466 1.856359254715686 1.7386457003032103 253 231 71 0.3534190889589886 27 589 57 105 76 345
5811 -0.53298097754525342 1.7797977657683997 1.9174155316119459 67 70 83 0.11588769628311013 18 59 57 102 17 186
724 -0.64314366387820887 2.2475714058665948 1.3204082872203637 101 87 24 0.62862680845643493 96 1340 99 1256 38 1103
5809 0.40037552374329854 0.83427065849818272 2.0610792465135157 255 198 52 0.13875567225701943 18 210 57 27 17 25
5808 0.2696393754349426 1.301146109453309 1.4541438442181842 134 146 175 0.24764603117770648 18 6 57 8 17 378
721 0.63415687152444356 1.2620268830683303 1.364366432772848 136 119 39 0.40165247052462977 96 1314 99 1226 51 1093 29 925 38 926 90 984 98 770 85 524 77 693 56 676 46 697 2 805
5807 0.69516013124689402 1.2726527254316005 1.3883839230897987 255 174 24 0.88050007831127164 28 249 88 53 11 590 75 858 66 924 55 538 63 876 13 910 4 912 75 259 22 272
720 -0.22015952078823772 2.8485428265071984 1.2898484658541765 87 87 82 1.1853301205628155 19 1393 99 1212 85 1121 10 1555 93 1258 50 1117
2480 0.26996880608931428 2.280913856248211 1.6925111080559878 11 12 17 1.4662902700430731 24 262 25 199 91 213
5806 0.19128083636319967 1.8207711917086709 2.0969243854461395 165 91 11 0.3103115334367289 66 460 13 408 69 383 94 358 4 238 75 167 63 241
719 -0.43036546261227832 2.7376274745337907 1.3612742278433025 8 10 13 0.64005636932004062 96 1293 99 1206 90 1067
5805 -1.1236121352926518 2.1753143920438323 1.9865368409447508 0 0 0 1.8413080246242837 13 1156 94 868 4 1119
718 -0.55193210221902289 2.6526904782023779 1.4108686334677816 45 54 76 1.0500040075375339 19 1376 99 1197 42 1398 51 1299 29 1126 90 1181 98 1280 85 1234 93 1248 48 1555 10 1538 79 769 15 1024 50 1095 23 663 81 616 49 633 67 617
5804 -0.70224379476788346 1.6694627317453692 1.2927031653046035 241 148 24 0.4242812443371044 63 1111 4 1113
717 -0.8819056234909981 2.6494872887152217 1.6411299633647269 80 83 76 0.51120705254325327 31 1066 96 1277 99 1194 42 1391 51 1177 19 1364 77 686
5803 0.72374823533612886 1.6787198093328723 2.949839139704177 238 218 175 0.49666172243122009 63 1079 4 1099
5802 0.074901527519294922 2.2377557388870506 2.1561967627214274 137 99 68 0.93528850626689353 63 1031 4 1082 52 1010
715 0.6071688736954165 2.5667505222355138 1.6708948454945105 87 87 81 0.13478891635395529 19 1362 99 1187
5800 0.2405338551881295 2.2188336493941785 2.2212374815974729 234 207 160 0.68105058747584735 63 1033 4 1056 52 1036
713 -0.53034193992940515 2.4087947679478692 1.3744889128921443 28 31 37 0.17477085878128962 96 1261 99 1173 51 1240
5799 1.4313591510643568 2.3607848317372793 2.0139982708342323 230 202 159 1.8307232895871242 94 852 52 1015 70 904 59 841
712 -1.2413051758658546 2.396902913123542 2.1334202455672164 215 201 163 0.37610464449134728 96 1341 99 1170 42 1491 29 841 38 858
5797 0.79643850926828308 1.1162309177179275 1.2750337602183688 0 0 0 0.41960904020687234 63 873 75 848 4 909
710 -1.1899054609037885 2.3248435478911875 2.1782428106359908 69 44 29 0.41523071195354094 31 1043 99 1162 42 1353 38 989 29 995 64 1143 6 1000 60 1024 21 1003 32 909 56 658 46 752 80 836 2 844 65 928
5796 -0.036640878521599217 1.9666029683166917 2.2949493173296847 36 32 26 1.8173795109403823 75 667 4 859 63 926 83 764
709 -0.59978828039423471 2.2527314066474893 1.3822810930987577 48 46 49 0.24609274943471865 96 1250 99 1158 38 1046 29 1057 51 1294
5795 -0.9060741593692655 1.8906299168401808 1.5599352251799279 107 86 74 0.54737107731745893 63 417 4 818 52 816
708 0.81074919104060794 2.0870475714312082 2.2897623959410844 231 217 179 0.78335560300382556 96 1243 99 1155 51 1162 38 846 90 1042 93 931 79 409
5794 0.433693481691097 1.8849638656597976 1.9340008534615523 157 151 162 0.10330048445640502 63 459 4 537 52 832 59 643 70 741
707 -0.94075437515546634 1.9677188971781292 1.5198875024088025 135 0 0 0.23689705390291507 96 1230 99 1143 51 659 38 968 29 974
5793 0.39620259641054167 1.8323516051019624 1.9747308795194214 14 11 11 0.12979788645652912 63 458 4 535 52 571 70 534
706 -0.96265438764674605 1.7431446853849462 1.3331805975495894 127 113 36 0.36204833532043623 96 1212 99 1129 42 1325
5792 0.0020731419080587815 1.7158149885319196 2.0364059872284161 254 189 46 0.32530807290142061 63 452 4 525 52 565 59 438 86 379
705 -0.0088985476200358696 1.5426484395478399 1.6897795338563373 196 171 65 0.72219156059754719 96 1203 99 1127 38 949
5791 0.022447458037570173 1.681463440588121 1.9800190761314131 151 90 11 0.20830039318891563 63 208 4 519 52 561 70 169 59 635
704 -0.60528978565574321 1.454128446172313 1.4449773427287762 0 0 0 0.20466760834355913 96 1192 99 1122
5790 0.080098671483272585 1.9640674881604498 2.3535869506879719 42 36 28 0.056796747326918695 4 271 52 204
703 0.057475339730565157 1.3135609190378446 1.866937988713737 135 93 20 0.98538209879589134 19 1407 99 1120 29 939 61 1425 48 1495
5789 -1.008316007846886 2.0471155960425209 1.6977327755337481 44 42 132 1.3938555807364708 63 188 4 208 52 557
702 0.39594286413421026 1.1593636776132041 1.4160841892364848 123 134 162 0.41111251254060754 19 996 99 1110 38 762 29 760
5788 0.95741805010027248 1.2521066117298729 1.5667456098894403 255 177 31 0.22283833886413865 63 149 4 137 52 115
5787 0.62788742393137209 1.2657061524312572 1.4101322300686319 226 110 10 0.11778584647094928 63 112 4 115 52 94 59 82
700 0.6722527096951143 1.0081166441274763 1.2867812366931168 0 0 0 1.3914259005282836 19 1245 31 1169 96 1308 99 1104 51 1084 38 1018 29 1025 90 760 90 976 46 764 68 519 58 562
5786 -0.8124778052449213 2.1535157398430593 1.1165960981260807 0 0 0 1.0887352645214043 49 690 23 717 81 671 49 676 67 725
699 -0.47593929073590663 2.8004604363005128 1.3681688751957843 90 98 97 0.60158973760143597 96 1155 99 1093 51 1190 38 460 29 447 90 506 85 465 90 501 93 734 10 887 10 1406 61 1209 7 953 87 669 95 569 41 568 62 769 25 335 16 326 91 110 71 298 20 164 72 105
5783 0.4332454010559989 0.85909100904138747 2.0885106819521027 154 111 28 1.3872346915445617 9 561 94 614 75 876 66 1037 69 848 13 997
696 -0.11012379660912761 2.6410190700719309 1.5953203526706752 7 8 8 0.5990201243217298 96 1136 99 1078 38 900 29 887 51 1181 90 1062 85 1091 48 1437 10 1408 7 1255
5782 0.4415266450461463 0.87488962978534379 2.0691991929611042 136 97 25 1.4865690226905628 9 562 94 615 63 948 13 998 69 849
695 -0.79003105455975819 2.6379046406255493 1.6861702369609808 59 62 55 0.24399121882949809 96 1128 99 1072 38 1006 29 1013
5781 0.68223298369846175 1.7218909595551775 2.8965830204942398 116 109 91 1.7191868275060167 9 803 94 755 13 1126 69 986
694 -0.94505809333812241 2.5808630350920017 1.6943086563110137 123 122 112 0.26419382198489583 96 1118 99 1065 64 1010
5780 -0.5126403243239438 1.5591967899615453 1.3565366989505683 253 205 50 0.8896218067864915 18 1064 57 1177 17 1243 8 1137 73 1076
693 0.85464253025530057 2.5195678495959588 1.7762470403624186 0 0 0 0.42029409051692773 19 1186 99 1062 50 1017
5779 0.31882500968253374 0.72991343289597332 1.8906538538654361 255 198 61 0.54682600545978965 63 1061 94 832 4 1087 52 1040 70 938 59 860
5778 0.36933339208780291 0.87175599935663817 1.5397392556742691 255 198 61 2.1610924505883209 18 995 94 831
691 0.29001941077697996 2.5012332263234067 1.6827325918191027 2 4 6 1.1686757466978948 96 1117 99 1055 38 884 29 873 98 1008 85 975 10 1426 56 414 77 577
5777 0.37586353340456441 1.7145799559144037 1.9343208916695283 175 129 42 0.69191042043232676 63 1049 94 786 4 1067
690 0.4574755192945329 2.4690757338612137 1.4914352476302335 106 75 61 1.6772503228161593 96 1270 99 1050 51 845
5776 0.62414535786709946 0.81838182477959687 2.0564515955298921 0 0 0 1.5687052155933361 18 1029 17 1229
689 0.63836609130302013 2.448571884946193 1.8164851557697028 109 77 62 0.62619557212333565 96 1263 42 1492 48 1439 10 1475
5774 -0.046454242460325139 1.8604620636121378 2.3120924105405587 152 147 159 0.72510546660419906 9 727 69 903 94 736
687 1.0155007620590892 2.4346154839574887 1.8749705403398587 87 87 81 0.95614232914165909 19 1175 96 1112 99 1041 90 1063 85 1112 10 1254
5773 -0.94618783285406849 2.1643150116777967 1.9220062800586064 125 112 119 0.38822617612404692 9 719 69 892 94 732
686 -1.21916034892836 2.4824873406860166 1.9734755034927658 214 202 169 0.34303903980470596 96 1094 99 1038 51 764 29 653 90 647
5772 -1.0510868134637945 2.1279213243580486 1.8152394834851238 146 135 144 1.8489012959852236 13 1024 94 730 4 998
685 1.1133170872825149 2.3969974766996658 1.8943208681633155 86 86 81 0.20554226946905749 96 1103 99 1033 46 564
5771 0.16036785967751652 1.7858619463174366 2.0649426977822301 233 167 44 0.12371131691245625 18 889 94 728 57 896
684 1.1405826961503402 2.3711095445053987 1.8629345469464036 86 86 81 1.1483725682174861 19 1343 99 1028 48 1247 46 561 20 672
5770 -1.0566941168791102 2.0449098715500642 1.718904359963346 206 208 230 0.52913052811079775 94 724 4 942 52 905 70 724
683 1.3714668585909733 2.3410168914757756 1.9716592664997967 0 0 0 0.42205202270770964 19 1157 99 1024
5769 -0.43208435595790134 1.5017990447108738 1.2898102383907515 0 0 0 1.3771367990259471 69 840 94 703 9 760
682 -1.3558952092583454 2.3442963119848748 2.1816020901465105 159 108 84 1.0448023518585001 19 1092 31 1050 99 1013 51 984 38 641 29 622 90 633 21 1106 80 773 2 676 65 1009
5768 -0.0077168427723992503 1.1267208280253493 1.6990575960042973 0 0 0 0.77495263444591267 13 991 69 841 94 701
681 0.24285513977953066 1.8019203476736791 1.6699929369963589 107 88 23 0.54640954865064906 19 1037 99 976 38 966 51 1228 29 972
5767 0.68269402121183598 1.0436227780667811 1.374311357415245 253 210 52 3.0459551050399738 9 669 94 699
680 0.083926945066788008 1.7358530378536807 1.409870437260426 98 90 28 0.31679017665547526 31 826 99 968 42 1064 38 799 64 895
5766 1.3441887414698508 2.3156557933688795 1.8935601806344695 144 97 70 1.2858999606523016 69 895 94 687
679 -0.40592041673158835 1.7223804703445387 1.2227418383795625 105 94 28 0.21148163527237365 96 1020 99 960 38 781 29 780
5765 0.13142111120541475 1.9788503592852003 2.1583949310370842 231 171 42 0.45139464442325838 9 469 69 805 94 678
5764 0.12091175700441364 1.7277735946623578 1.9407780204067953 196 128 25 0.75419799580500202 13 947 69 781 94 659 9 707
677 0.27241496092793949 1.589983255471014 1.3992236362022576 8 11 16 0.35928053420195377 96 652 99 950 77 498 56 500 81 457
5763 -0.32138706421070284 1.7510988626594208 1.922255404800381 241 182 51 0.60670188047844675 9 706 94 656 69 784
676 0.22599006322263862 1.0337936492415609 1.7075710258410699 8 11 16 0.25809562977712314 96 611 99 934 38 761 29 759
5762 0.035730884866122373 1.6181569780877667 1.9755439190318724 237 170 46 0.31648592716521101 9 599 94 648 69 780
675 -0.68300889184720925 2.9605006320204379 1.1204461956751179 142 96 69 0.0068746834459791619 96 984 99 922
2471 -0.57044678934192861 2.927638469579219 1.1671953834857007 131 89 67 0.90497717566298097 95 930 53 865 41 1193 16 707 82 906 6 1012 36 981 64 1269 78 971 54 1021 5 1022 43 889 60 1025 89 809 71 730 34 914 21 1015 44 648 47 960 65 930
2433 0.054712889367167311 1.7229545009345593 1.4568647733723243 204 176 59 0.22528325504888458 24 1089 62 1102 53 1031
2431 0.99026567857333858 1.2511673352444286 1.6724205275398576 0 0 0 0.43431936457339826 24 1077 62 1095 53 1003
2419 -0.46021722955835648 1.7247113755296688 1.5758302829831607 255 237 72 1.6286517929547164 24 991 62 1003 53 918
2405 0.1198187146642532 1.9998404332776505 1.5596018704714634 14 16 22 0.41761594571936644 24 877 62 904 53 947
2397 0.71191605283187376 0.90402418751460389 2.2761017644687245 255 244 79 0.65711598159083096 7 570 62 780 53 703
2378 0.30652533131869164 2.5578606079619166 1.6264737095607822 75 56 50 0.14742348557835816 64 725 62 582 53 505 82 484 6 551 36 504 78 471 60 531 21 174
2373 -0.66011422319749036 2.0521054785689565 1.1871042362014765 79 97 132 0.13970532124796725 24 548 62 549 53 302
2357 -0.48052045432967844 2.413487938200098 1.2438892012525506 21 27 38 0.9781635652367342 24 328 62 357 54 223
2356 -0.44706328446839072 2.444534194191275 1.2880854736487983 25 30 39 1.7536992677692018 24 323 62 353 43 246
2355 0.3122739896523436 2.5385433341051149 1.6501413937403333 37 32 35 0.38137341568283184 41 312 62 349 53 273 25 230 82 235 6 231
2353 -0.50765406075976904 2.1318902050337187 1.2406984702825914 100 77 21 0.16952035101935953 24 224 62 291 53 301 71 22 89 240
2351 -0.067818049272680175 1.7954618059794187 1.6569568625176996 127 96 30 0.27654883729892205 7 185 24 516 62 143
2350 0.16926489443200729 1.7191911594154683 1.6752897645445031 72 68 76 0.10181684227517653 24 116 62 140 53 462 89 150 34 110 12 101
2349 -0.55696471285646254 1.5512434457165294 1.3353430397889714 255 237 71 0.025398670816997471 61 71 62 120
2347 0.44602929707532657 1.0391391809748731 1.4957389689779441 200 210 236 0.29508723386017727 24 54 62 53 53 72 16 348
2346 0.39301397756618217 1.0117647912604653 1.5176458470705709 199 210 239 0.15521232014496458 24 44 62 45 89 97 34 55 43 35 12 52 27 26 76 26
2345 0.44742902369334797 0.97749253072203013 1.6241066724581124 142 124 34 0.096252232987849407 24 34 62 33 71 154
2344 0.67116271706801023 1.0319585783386209 2.0568701197643788 191 127 35 0.014677188400744584 7 44 62 19
2343 0.27496095663636971 0.90385190877928134 1.73017015522715 195 204 231 0.31582818776254934 24 369 62 16 36 12 43 50 89 418 34 100 12 136 45 91
2342 0.50455040410771967 0.99430808298992446 2.0875501878258218 139 73 10 0.43570611592270642 24 12 62 9 16 138 25 112 91 102 71 163 92 211 72 107
2341 0.80425013019856861 1.0785353680337495 2.500797505393229 254 234 76 0.53541281802619733 7 32 53 0
2340 1.1696416595295611 2.2434791907586069 2.3660959496928236 120 112 91 2.451227239791558 51 383 96 393 19 377
2339 0.36165090304431796 2.1547649077535938 1.6652868503175171 30 26 25 0.74781571666516278 24 1176 93 1378 10 1664 95 1345 62 1208
2338 -0.1605926984673173 1.9314183930644286 1.5301557533619408 134 92 16 1.8331245476656055 51 1229 90 1103 98 1192 85 1043 93 1232 10 1527 99 1246 7 1314 64 1297 24 1092 87 1374 95 1245 41 1254 62 1109 53 1035 89 972 71 978 92 918 44 929
2337 -0.22332661797768519 2.7205180947114678 1.4174626777916413 27 19 19 0.8154088086840483 42 966 64 1016 24 583 7 532 87 322 95 228 41 260 25 372 16 91 82 735 6 835 36 779 89 637 71 588 44 264 32 297
2336 0.77498433940910183 2.4158591836964565 1.7584272402146364 105 72 58 0.39516881462685166 7 1151 87 1215 95 1084 41 1095 24 946 48 1242 61 1190 62 950 25 939 91 918 48 1444
2335 -0.45154574130471598 2.8393101183970741 1.2952196443875796 41 32 31 0.63238466812935112 87 298 41 235 24 358 93 478 48 961 61 938 64 457 53 321 6 633 36 584 54 578 5 295 43 252 60 600 89 244 16 62 71 37 21 645 65 350
2334 -0.33852679755966536 2.1101155687338014 1.3357656783177299 152 125 35 1.1031194044816564 64 1363 24 1160 62 1189 53 1106 25 1203 16 1114 82 1126 6 1223 36 1159 78 1106
2333 1.076615335283029 1.2682854016261715 1.6396488194407175 181 125 36 0.15880706994627386 7 1348 24 1152 62 1179 53 1095
2332 0.94065747445027814 1.1373110711456984 1.8602667077319597 186 129 38 0.37163691254934361 7 1335 24 1151 62 1149 53 1094 82 1086 43 1077 89 996 34 1163 12 1114 27 1276 76 1252 100 1121 40 995 30 917
2331 0.38111664169630211 0.90905176284967604 1.7152480782394972 146 129 37 0.3426629183723342 7 1364 24 1146 62 1191
2330 1.0550890320009809 1.3196904625915507 1.5325684666887041 0 0 0 1.0651273502156076 7 1312 24 1132 62 1183
2329 -0.32406606450581155 1.7625891180429303 1.3357692809101109 241 187 47 0.55744061083000274 7 1346 24 1131 62 1103
2328 1.0148786802370262 1.2016769500666558 1.7541128061831717 181 124 39 0.33657193911026906 7 1340 24 1122 62 1153 53 1063
2327 -0.74777035054879815 1.7668940585517348 1.0498635241602141 255 227 71 0.34639041834454642 7 1299 24 1090 62 1114 89 989
2326 0.98938799455129212 1.2521378908621399 1.6724044094929029 0 0 0 0.50324207108423613 7 1213 24 1078 62 1096 53 1004
2325 -0.74264583466342848 1.5946331690146003 1.2527776278461247 255 232 69 0.11777935704326131 7 1188 24 1069 62 1097 71 947
2324 0.030236440593353411 1.6610147285451098 1.8426165565650763 100 59 16 0.53098233318032184 7 1203 24 1068 62 1093
2323 0.36014253225806236 0.95491956805807332 1.6137976311140645 202 213 241 0.54416644287928495 64 1184 24 1051 62 1078 53 998
2322 -0.37057838207535077 1.7008006064650256 1.202327448836525 54 68 95 0.33035919008874043 7 1301 24 1019 62 1040
2321 -0.36274234283447965 1.6243450372918795 1.2559037935210504 148 104 19 0.42065820943744942 7 1208 24 1008 62 844
2320 -0.79045576272622609 1.6589438041963407 1.1803874571072559 255 236 73 0.8789419794309451 64 1235 24 998 62 1024 53 967 82 997 6 1081 36 1050 5 1097 43 1006 60 1078 89 922 71 849 34 1047 12 886 21 1066 27 999 76 1020 47 915
2319 -0.54249305613618504 1.5720563865377892 1.2812185218047789 255 235 73 0.21400478872121748 64 1211 24 997 62 1012 53 946 82 971 71 867 89 903
2318 0.014622977883449323 1.5734767187085601 1.6253574815315628 200 172 58 0.1764448730076944 24 995 62 996 53 908 82 841
2317 -0.026621312289061415 1.6845687661060536 1.8471810826864961 186 163 56 0.78007245202056941 7 1202 24 988 62 990
2316 0.74455823309738489 1.0174389290739334 2.0160827146098064 185 32 0 0.42854824577992673 41 1176 24 963 62 973
2315 0.35697968537558361 0.65555641914562079 1.8613950607374079 0 0 0 0.62144143740117141 95 841 24 957 20 1007
2314 -0.16071221342631073 2.7317332804235632 1.3512866791501856 72 55 49 0.086978484652922614 64 1166 24 953 62 967
2312 -0.71208121482484277 2.5179845739828721 1.2571598606451102 119 120 112 0.67259461236778506 7 1097 24 939 62 763
2311 -0.28222261988008024 2.4871415869993645 1.4684407557393455 35 43 58 0.69840047050752752 61 1540 24 937 62 948
2310 1.2681354654692756 2.1981754850540329 2.1401115892946057 232 216 179 0.1463125520778864 7 1131 24 929 62 918
2309 0.41767748093617985 2.1750706818979659 1.7064633735177557 17 17 18 0.12041071248607373 7 1092 24 924 62 931
2308 1.1723595247988907 2.1874794136485489 2.1673198184270333 233 216 179 0.13013254329355298 7 1115 24 913 62 897
2307 0.9234203832456136 1.4369082535214819 1.6229307359034957 233 216 177 1.5192283070399153 95 1191 24 835 41 1204
2306 1.1074824252654136 1.2629862923064559 1.6249816814391362 254 238 78 0.54652725383729872 7 1001 64 1069 24 828 82 783 62 652
2305 1.1218362706800715 1.229374172429424 1.6500328092578969 0 0 0 0.92995314702201648 7 877 24 825 62 831 89 665 82 776
2304 -0.052870707191920378 1.772364986501487 1.7131867277620645 171 138 47 0.55492041820634497 7 994 24 823 89 768
2303 0.65588663963122318 1.0652803311831374 1.3109851370141878 132 113 32 0.28623466001957149 7 981 24 817 62 829 53 757 82 789 89 698 34 567 12 555
2300 -0.86131710994096655 1.5579640071223009 1.3737714686015048 255 235 73 0.46003587427271553 64 1120 24 794
2299 0.76509156239230203 1.0840694757715041 1.96497990771182 254 230 67 0.38079921110852499 7 821 24 786 62 799 53 718 43 529 82 567 34 872 27 957 76 969
2298 0.27153493385155525 0.78608885755774804 1.8908267420438656 156 138 41 1.2652019156250629 7 799 24 767 53 871
2297 -0.62742517226796024 2.9174692008574463 1.1774802801553865 121 84 65 0.60809464891753606 7 961 24 766 62 773 53 700 36 982 54 1026 5 1027 43 893 89 657
2296 0.45776495583288873 2.2766128291362637 1.8159456627574797 214 197 157 1.8153687596737584 41 636 24 726 95 630 62 547
2295 -0.59475699929240278 2.3323177755097575 1.3699724985031019 33 20 0 0.29432647759351366 7 1046 24 720 62 942
2294 1.0099504836349218 1.3060262027458642 1.5901871874658597 254 235 70 0.27455999657106306 7 883 24 665 62 655
2293 -0.30217526504294701 1.8527955991030107 1.6095159444537595 250 201 60 0.20265206116597093 7 874 24 658 62 664
2292 0.53941657480724781 1.3916507541935799 1.5143631502822874 239 218 175 0.54475693541926207 7 872 24 657 53 598
2291 -0.021722021554923067 1.6469881845891878 1.5736315443050586 168 137 47 0.7483668859174063 87 545 24 654 62 657
2290 0.061506932065428746 1.6909373746844782 1.8266414687518135 137 115 41 0.21929504388895674 7 862 24 646 62 647 53 602
2289 -0.8567947841896516 1.6046905006176555 1.2941141847799091 255 239 70 0.55128864586598703 7 830 24 638 62 833
2288 0.36968913739876197 0.92860609662700433 1.6385840202633659 120 93 28 0.85747296336644996 64 799 24 616
2287 0.59002427624991616 0.98914900312288201 2.105650875788625 252 203 57 0.6506491834887751 7 577 24 606 62 605 53 530 16 590 25 618 71 675 89 531 44 720 92 785
2286 0.46208863799638356 0.9644809831975345 2.086692673748356 162 102 19 1.0898615968442469 7 806 24 604 62 601 53 528
2284 -0.25607210701584981 2.7217614388238496 1.3682746609976655 66 51 48 0.38371626437206946 64 1021 24 585 62 587 53 520 16 340 25 359 82 739 6 838 36 782 78 760 54 805 43 699 60 799 89 639 71 587 21 612 44 497 72 113
2283 0.084586070264472929 2.6314311574009706 1.5621680543495526 89 99 101 0.25852727450281332 95 622 24 577 62 363 91 209 71 94
2282 0.70571072127142032 1.074776133021019 1.2595813348710623 254 254 110 0.10783179699875374 7 651 24 512 62 500
2281 -0.70710570859988509 1.650323007168589 1.1851173601629916 169 128 39 0.3768661422143163 7 642 24 511 62 516 43 482 71 6
2280 -0.1026802235092015 1.7699968580827379 1.7176025535288812 129 100 31 0.20102270097802621 7 686 24 509 62 509 53 464
2279 0.85725977490049754 1.2695075086924816 1.6343540931576315 254 229 65 0.21026189216252261 41 591 95 581 24 507 62 491
2278 0.50982347769876735 1.1215141751919093 1.3549299395184251 205 216 239 0.1474192734196024 7 130 24 489 62 98
2277 0.78404450429704575 1.1390558207091428 1.8498146671949545 200 132 37 0.17892028573056798 7 619 24 432 62 440 53 369 34 376 100 81 83 89
2276 0.78410543670208999 1.1387294201181606 1.8496146854951703 200 132 37 0.1595506345059759 7 618 24 431 62 439 53 368 43 341 34 375 27 477 76 484 100 82 83 90
2275 0.59845776560626818 1.0051197870520021 2.0789626002670207 168 104 27 0.13801414406776308 7 22 24 375 62 390 53 331 71 404
2274 0.61726984888715231 0.98266034551795522 2.1176844503502545 178 112 32 0.11435569327209205 7 579 24 371 62 387 53 328
2273 0.57347086085496712 0.91274260472834012 2.1446119434604753 167 94 15 0.60369756032861943 41 64 95 375 24 362 62 383 53 325 25 125 91 386 72 401 74 385
2272 -0.47482354789265019 2.7416729534602409 1.4401203579881592 2 3 7 0.097829445281417501 7 508 24 343 62 368
2271 1.1732600934187656 2.2540094349139177 2.067614273215129 228 210 172 0.46920535825008364 41 365 95 337 24 286 25 284 16 287
2270 1.1240777256711569 2.3824493808386529 2.6335761462249136 122 116 100 0.09103742389126146 7 401 24 174
2268 -0.052333094801010581 1.9893378070060503 1.5618952299393629 83 61 11 0.53046134594605843 7 263 24 170 62 207
2267 0.78842426101277319 1.8110295011967756 3.54954172330523 255 224 69 0.30132509173710087 7 103 24 18
2265 0.93916039521853178 0.60643566673240668 0.90687319187271531 254 225 59 0.44764644240675666 87 526 41 472
2264 -0.64519593275148213 1.4789933421270471 1.453273470543575 255 248 89 0.56225391704805827 61 1239 7 969 64 1099 41 1133 87 1247 95 1119 24 973 25 1031 91 1112 72 898
2263 -0.92304163750612112 1.6648416717424934 1.1049376658137422 0 0 0 0.73742694603514103 10 1502 41 1315 16 1137
2261 -0.3899284199778929 1.8082524563469431 1.5507400256175419 254 211 61 1.7149396473903389 87 1351 41 1292 25 1228 16 1139
2260 1.3012068828007817 2.0577639843566433 2.3565844748491371 248 227 186 0.23277464928403838 61 1457 41 1280 16 1103
2259 0.48273212693216266 0.82079150277588409 2.0764369062170385 255 252 75 1.4440574624500249 93 781 41 1152 15 890 10 966
2258 1.2619674300206256 2.116174047054999 2.276814333707561 236 219 181 0.042782765461524534 87 1228 41 1116
2257 1.0476213907707728 2.2288847119258093 2.1093747209151728 234 218 177 0.14530882527184494 87 1216 95 1091 41 1105 16 897
2256 0.85984367520361771 2.301231589995373 2.0388472948313812 235 216 176 0.032935091665976697 87 1190 95 1068 41 1078
2255 0.97626174493615636 2.17939486701176 2.234921619318031 235 219 178 0.052613770196098669 87 1182 95 1060 41 1072
2254 0.72378142189669492 2.3760189137387973 1.8656446126787449 220 203 164 0.11642763008453209 87 1188 95 1056 41 1069
2253 0.61376433430284438 2.3797577546314752 1.9236247752343802 223 205 166 0.071670732226187375 87 1144 95 1022 41 1040
2252 0.10945331996196528 2.7082666024921389 1.4264714348020804 64 67 61 0.16135774057924651 64 1008 41 1007
2251 0.52672685413083142 2.5593860363970187 4.1366474160019679 237 220 182 0.2917983447659544 87 1058 95 937 41 961
2249 0.17982809678640277 1.9436103762129155 1.5277746491560735 85 97 127 0.32612315849253887 87 855 95 919 41 944
2248 -0.48072152809918728 2.3191713075374243 0.96551808284591523 125 130 123 1.6679657741038476 87 1030 95 896 41 924
2246 -0.5634852317912441 1.4655538707226974 1.5009322153863522 255 246 69 0.18081930522783962 87 965 41 865 91 736 25 751
2244 0.96131369551785451 2.0957336339073409 2.3603525593298076 230 214 178 0.42106427105814292 87 925 41 823 16 883
2242 -0.15530652780739265 2.7849994262151463 1.2909417529797851 60 60 56 0.53920412074005519 64 1026 87 1086 41 793
2241 0.30151441555800063 2.8860633959363446 4.5044470204277429 181 128 37 1.1947815838636118 87 878 95 778 41 774
2240 0.19791094694133582 2.2447520005806201 1.7703385865614536 7 7 8 0.43393568577458835 87 1054 95 784 41 772
2239 0.11106854658799079 2.2666478291423462 2.0903134543389847 103 78 55 0.041184019189377148 87 1045 95 765 41 764
2237 -0.29620562062463845 1.8483643301242718 1.6128787039154691 251 201 53 0.087160580251252173 87 1008 41 716
2236 -0.54674046126386489 1.4903051944615382 1.4170355692279182 255 242 70 0.2980404005697363 87 753 41 669 16 510 44 655 92 705
2235 0.41447786840860801 2.2953382923993662 1.7305213630617866 2 1 2 0.62067591444840975 7 768 95 627 41 634
2234 0.17338467666313004 1.7009919412516712 1.4098573208423506 83 98 131 0.24666130084578963 87 604 41 504 25 89
2231 0.51309189534038591 1.0738224510494525 1.9957244444897562 254 215 54 0.04696707558579688 87 522 95 400 41 424
2158 0.040139068357757803 2.7293452271243672 1.4931597558099923 36 31 35 1.9326176948989282 64 1258 95 1194 24 1047 62 1068 25 1091
2155 0.13179622023521059 1.7534196737386449 1.4027784942148096 89 106 142 0.10061291247367905 87 1289 95 1167 41 1182
2154 -0.58220177681013296 2.4685352832175758 1.2831470975400825 6 8 14 0.15490435459836033 87 1290 95 1165 41 1180
2151 0.28598386283471688 1.4045116845652863 1.3521257038191472 88 80 44 0.40471685746141328 87 1370 95 1161 41 1172 7 1298
2149 0.075538103726679864 1.6394550493242412 1.5277018697445297 207 177 60 0.093869758126377281 87 1284 95 1159 41 1170
2148 0.31549628487874742 1.3154940178027636 1.3954969061230997 61 62 74 0.29445512046058464 87 1014 95 1157 41 919
2147 -0.1670268358321878 2.2925018141363114 5.0699877693585407 10 10 0 0.27788346243127082 87 1017 95 1154
2146 -0.28083590253541074 1.8734457999361727 1.51570550931087 16 15 18 0.081482636056921562 87 1272 95 1152 41 1165
2144 -0.30026399976952939 1.7419459699676327 1.214896154761546 201 208 232 0.11090042348459304 87 1268 95 1147 41 1159
2143 0.39970052113128296 1.0808146364052154 2.0211723111443063 255 214 52 0.061636212366206311 87 1265 95 1146 41 1160
2142 -0.61020773316354582 2.0205055611075293 1.2179915233227241 6 7 9 0.1497802554153207 87 1267 95 1145 41 1158
2141 0.39507088518720768 0.98238879922068412 1.5464948528751954 23 27 32 0.17159133324214881 87 1263 95 1143 41 1239
2140 -0.36653647587315286 1.714193082801446 1.2213842567646187 49 64 94 0.17375534611103668 87 995 95 1142 41 1157
2139 -0.35461435558089621 1.6232547298540689 1.2591017488576683 150 106 20 0.13396661660568493 87 1260 95 1139 41 1154 25 764 16 519 91 742
2138 0.067504321327994346 1.1970582514679136 1.7023867375862545 148 160 190 0.07877239132723185 87 1257 95 1137 41 890
2136 0.062684255264117042 1.1461481288510251 1.8394786763011253 205 209 228 0.12461343609850417 87 984 95 1134 41 1146
2135 0.29270854879650704 0.90594220118271662 1.7818317399469887 0 0 0 0.13316029404279497 87 975 95 1131 41 1145
2134 -0.43024567874558556 1.5508222164013445 1.3690232038725085 255 239 71 0.33913088097802752 87 982 95 1128 41 885
2131 -0.79174235120560033 1.7398940975840316 1.0026646493966647 59 59 0 1.1696118602731649 87 971 95 1121 41 870 25 1027 16 942 91 1024 44 903 72 825 20 1229 26 1132
2128 -0.71204165566257449 1.5007524981436813 1.4238655506438744 255 242 74 0.36976859950586821 87 1246 95 1118 41 1131 25 1028
2127 -0.94807995883788854 1.6133991126790617 1.1779837107609203 0 0 0 0.1752570555411759 87 1242 95 1116 41 1128
2126 1.484362190552341 2.2513946371864875 2.0421773158059846 70 70 65 1.7260880973364552 87 1241 95 1113 41 1227 100 898
2125 1.246798532877887 2.3626063447043411 1.8974116158909677 0 0 0 1.237965487550488 42 1356 61 1389 95 1112
2123 1.2685941711283375 2.1910097924263092 2.1315100887123455 235 218 180 0.090060864558437731 87 1236 95 1108 41 1122 25 1018 16 932
2121 1.1697988790448344 2.1966966918631026 2.1783674181348167 233 217 178 0.067084910584864696 87 1227 95 1099 41 1115
2120 1.1115471569925677 2.2012324855590726 2.1306438763174818 236 217 178 0.21763727056837018 87 1223 95 1096 41 1111 25 1001 16 911
2117 1.1961553258012865 2.0418084199194904 2.3711234853752869 235 219 180 0.12564921542941471 87 1201 95 1081 41 1096 25 1006
2116 1.1629580848150101 2.0071359806616442 2.4241451048806573 235 219 180 0.23158267739292732 87 1186 95 1064 41 1079 25 999 16 925
2114 1.1004556281985525 2.0339931760894143 2.4046091672964418 235 219 180 0.19591698880414676 87 1171 95 1053 41 1068
2113 1.0099166243688176 2.1093553187630625 2.2945193238360457 234 218 177 0.18177734054792519 87 1169 95 1051 41 1065
2112 1.0099166243688176 2.1093553187630625 2.2945193238360457 234 218 177 0.18177734054792519 87 1168 95 1050 41 1064
2111 0.7362742726442808 2.3423596509876354 1.9836505257037578 230 212 171 0.068746727492993542 87 1173 95 1045 41 1057
2110 1.0367955799819519 2.0593229530203061 2.3826775396517945 234 217 178 0.10196439674291886 87 1161 95 1042 41 1058
2109 0.94683902978405587 2.134013592664759 2.2729285800833239 236 218 178 0.10036096630399523 87 1160 95 1040 41 1055
2108 0.59282391578077243 2.436869206589261 1.8350286623033623 222 204 166 0.30558504174709322 87 1163 95 1035 25 882 91 868 20 1089
2107 0.6718842034818483 2.3679037481554799 1.9609961430711023 226 208 168 0.055596795749198874 87 1155 95 1034 41 1049
2106 0.6718842034818483 2.3679037481554799 1.9609961430711023 226 208 168 0.055596795749198874 87 1154 95 1033 41 1048
2093 0.63484329082291935 2.2479918722481553 2.1454428244213402 234 215 173 0.08080309321898789 87 1115 95 992 41 1012
2083 0.5090217297248979 2.292492890954279 2.0939588386537578 222 203 162 0.068275724050227124 87 1094 95 968 41 993
2082 0.44084509972989272 2.3268466624545661 2.0836195163605526 224 203 159 0.09825764440166096 87 1087 95 962 41 986
2081 0.48125917785837091 2.2466208376657368 2.1323647458623878 223 203 161 0.057770525893207192 87 1077 95 957 41 980
2051 -0.50860856399458354 1.6116808252049564 1.2376674425110288 255 240 69 0.31413980004751024 87 981 95 856 41 884 25 757 16 946 91 737
2050 -0.47912018714929688 1.5522548417322917 1.3085802222186078 255 240 71 0.21039418013145614 87 978 95 853 41 879
2046 -0.51511987514349389 1.5224581170125349 1.3668127020115204 255 243 71 0.095679268106649729 87 762 95 847 41 872
2040 -0.95399049563610816 1.6318246307371724 1.2522154524297187 255 240 76 0.62418847418797663 87 960 95 832 41 663 25 743 16 940 71 712 44 623 12 1019 92 902 88 850 84 721 39 679
2037 0.88768571409667507 3.0755690182650115 3.6724698829079521 231 217 181 0.044661025003136241 87 944 95 823
259 -0.87144547452085153 1.6194911022510536 1.2440070478102105 173 129 29 0.10170765945489291 96 99 19 654 42 624
5346 0.3101487654099872 1.8762733629219284 2.7455657312437522 226 211 175 0.087456599585375147 10 213 50 198
258 -0.87131252455687924 1.6194642092950688 1.2420738000918112 173 129 29 0.10074322854251722 96 98 19 653 99 99 42 623
5345 -0.51970020438957898 2.7651249523869206 1.3642132084585283 94 102 102 0.20998403562753526 15 180 50 181
2484 -0.24403225689016209 1.8852832872487242 1.4168124793961712 255 226 60 0.094023437002434762 41 446 25 310 91 320
127 0.68323878401947247 1.6946514756678899 2.9610041000321248 68 42 27 0.28682693078169008 96 162 19 143 99 169 51 88 90 100 98 88 85 97 93 634 15 167 50 608
5214 0.27022138391295852 1.8860771554546953 2.1753682314042408 161 153 162 0.47676518497699344 13 714 69 394 9 290
126 0.23789621691377463 1.6890167518996289 1.5550598010411016 147 122 46 0.74341443509237926 96 663 19 139 99 966 51 1122 38 802
5213 0.17530752955046633 1.8945764544938455 2.1191407009239205 131 70 7 0.4404523473310914 13 420 66 468 69 389 9 286 94 371
2482 0.67817036190906688 2.1864962106097314 2.2275725473647525 228 211 167 0.14374561913625133 41 309 25 264
125 -0.85966967057485788 1.7234318339744548 1.0885893690752426 255 235 79 0.053590900588978835 96 141 19 135 99 133 42 692
5212 -1.0196586589294452 2.0542880747813381 1.6696580422381082 103 88 91 0.16881644460188563 13 377 69 366 94 72
2481 0.68019580284485937 1.7784099954197337 3.1920816730653376 78 54 40 0.45730632502772495 41 218 91 274
124 -0.69811510918923814 1.7100655800261078 1.0893636944987735 254 234 79 0.72182292182407937 96 142 19 134 99 132 42 683 31 495 61 1080 7 863 64 935 82 518 32 64 80 42 2 50
2479 0.59602773629307537 1.0009190267090473 2.0776069137431259 170 105 20 0.14266211389659969 41 86 95 69 25 141 16 165
122 -0.89341055126222702 1.6919031662525001 1.1412236120331565 255 237 79 0.07303685391204412 96 131 19 119 99 125 42 667
5209 0.15429491307926865 1.7222555674866791 1.90554363425037 116 58 8 0.60187778116180024 66 426 69 360 9 252
2478 -0.04775133841838302 1.6119582421624865 1.9410736697468611 253 190 48 0.037203254083837754 41 74 25 67 95 62
121 -0.4502335916034082 1.6504058552986842 1.1602902510739828 255 233 79 0.47423250816576107 31 46 96 127 19 116 99 114 42 84 51 48 98 23 85 540 93 805 10 990
5208 -0.91925857803416644 1.8237078197399117 1.5063433760824849 173 96 14 0.74359938324124575 13 74 69 329 9 225 94 300
2477 -0.20299503185256043 1.8072157315093582 1.6615425346885233 194 155 44 0.23637792790147913 41 80 25 49 71 316
120 -0.74264121044067055 1.6616279977886665 1.162329153124912 168 128 29 0.10301401054147372 96 119 19 111 99 112 42 647
5207 -0.92125744264359966 1.8310359227280431 1.4968828810596011 173 96 14 0.66954099894453889 13 73 66 76 69 328 9 224 94 299
2476 -0.83461561742912282 2.9273784411810944 1.1738396741240094 0 0 0 2.155369636080215 48 1568 64 1325 62 1141 98 1282 93 1251 10 1597 51 1268 25 1045 16 1044 82 1023 36 1179 43 1064 43 1111 34 1040 20 1255
119 -0.92607381418900381 1.6602108082316698 1.1901838602428036 255 235 79 0.036960376320379379 96 116 19 108 42 644
5206 0.36159951462169049 0.99692297308444577 2.1187464325623164 225 166 45 0.51544906772827837 66 145 69 315 18 214
2475 -0.018403106453530764 1.7986187244502847 1.630219306044745 159 131 45 0.74968306203825774 62 1026 53 1025 71 982 89 873
118 -0.41276881230670148 1.616820219845843 1.2249632844726404 151 112 21 0.13862732275624978 96 108 19 102 51 41 29 56 90 36 98 22
5205 0.01907005266902705 1.1833572730136752 1.9074719257309434 43 36 37 0.99779569977387361 13 323 69 307 9 197 94 262
2474 -0.55678105956657131 2.0231098545168611 2.4753428617188011 107 72 59 0.37497457137591039 62 1084 53 1011 82 1053 6 1150 36 1113 78 1105 54 1143 43 1058 89 966 71 958 92 1004
117 0.379677166207749 1.5592656022145723 1.5094007122895792 99 68 12 0.16006892465335357 96 118 19 101 99 111
5204 -0.56830348286419186 1.5270541853746837 1.5372529856467729 67 54 55 0.76716661301019351 13 321 69 305 9 199 18 524 94 270
2473 1.0227530846476471 2.3088894429027289 1.9532985716879521 71 46 37 0.29704563846459026 62 1052 53 917 82 822
116 -0.92980183093560909 1.6402751307849839 1.2109852927276674 142 116 28 0.082789377428427777 96 104 19 100 42 77
5203 -0.10630021496937297 2.0823209664679387 2.413355512754447 5 3 4 0.28650588269940386 13 240 69 240 9 358 94 187
2472 0.67835551789009496 0.96217439962169715 2.1352893290651962 110 75 61 0.84464789875401902 24 959 53 869 25 1089 41 1166 16 1085 91 1070 72 915
115 -0.46473484552471117 1.6064892269646034 1.2196356625832809 173 130 32 0.12829324618829901 96 102 19 98 99 96 42 67 61 782 7 153
5202 2.0997466614389402 6.9637325750504386 -0.79342020449735451 220 187 137 0.67854705293438233 13 613 69 231 9 157
2470 0.48675858110079195 1.048139030658872 1.5255630180782991 57 59 54 0.27677556476180787 62 808 53 742 89 841 34 861 12 848
113 -0.72168828107753591 1.6068012218099765 1.2717557165027233 176 131 34 0.28482163595986104 96 95 19 93 42 65
5200 -0.97013994275487014 7.9688307951452177 -1.9835850250693903 77 71 78 0.85089823546671151 13 211 69 183 9 123
2469 0.47433097896652665 0.16538249666805216 0.54327305372541912 254 236 75 2.6029592244118946 62 787 53 737
112 -0.840751290305215 1.5668629466080601 1.3170918186557943 169 128 28 0.13292831162802587 96 80 19 85 99 74 42 52
5199 -0.21108317652132272 1.9310178259606838 2.268298133061506 68 58 59 0.31787183752108333 13 169 69 182 9 317 94 387
2468 0.82441696137335385 1.0593999722595573 1.9853485314993495 254 226 67 0.4685233277019451 62 796 53 717 82 558 89 670 36 346
111 -0.8399711011243679 1.5668979626900881 1.3142713766437919 169 128 28 0.10673245498119442 96 79 19 84 42 51
5198 -0.21108317652132272 1.9310178259606838 2.268298133061506 68 58 59 0.31787183752108333 13 168 69 181 9 316 94 386
110 0.1507471473445321 1.4747116344868649 1.8708967136625929 120 74 15 0.16414383811396202 96 87 19 81 99 102 29 65
5197 -1.0456242042319428 7.8782265819749782 -2.0349729465807007 76 62 62 0.94864442503707647 13 198 69 167 9 107
2466 -0.68940618600091064 2.9373485767793919 1.1516529654784036 125 85 66 0.58520418047192224 62 774 53 701 82 909 54 1034 5 1033 43 895 89 661
109 -0.78840709715956703 1.5385493660626888 1.4076313140986361 171 129 30 1.391931946987071 96 72 19 76 42 597 31 459 2 38
5196 -1.0456242042319428 7.8782265819749782 -2.0349729465807007 76 62 62 0.94864442503707647 13 197 69 166 9 106
2465 0.78737715986282131 2.3860528194434099 1.9049031270253516 217 196 158 0.2500464906428348 62 752 53 654 82 659 6 485 36 463 78 416 89 572
108 0.44385732373991121 1.4567105146061303 1.5928125477620219 105 68 12 0.047428160194240836 96 78 19 75 38 543
5195 -1.0400927211450786 7.6340689317566657 -2.0703558379284801 76 63 62 0.92587738392257146 13 176 69 145 9 90
107 -0.49906106840775549 1.491622285318174 1.398656944373093 174 127 28 0.07698636338934918 96 66 19 65 99 58
5194 -1.0400927211450786 7.6340689317566657 -2.0703558379284801 76 63 62 0.92587738392257146 13 175 69 144 9 89
2463 1.3299152735586641 2.1781146615549267 2.1562128083589629 229 215 180 0.32889980724146595 62 715 53 603
106 -0.4996035465275756 1.4916532543425434 1.4002944777845063 174 127 28 0.12395835125707955 96 65 19 64 99 57 42 586
5193 -0.56153596365496261 2.002780245848371 1.9168416687180097 1 1 9 0.46699945781399271 13 135 69 121 9 280 18 83 94 552
2462 0.24780058842095148 1.6265159976143477 1.9002108469120931 148 112 32 0.23241580624077146 64 511 53 585 82 641 6 715 36 681 78 664 54 705 43 622 89 742
105 0.50183928909197484 1.393590328079132 1.5520632701297497 90 71 16 0.18376514604005145 96 61 19 60 99 53 42 38 38 48 29 39
5192 0.29916940128364439 1.7759881457927567 2.092463946245811 149 143 155 0.44171829779471122 66 455 69 120 9 65
104 0.50042851723608173 1.3420428397480051 1.5637066885424666 130 114 47 0.59102391140062449 96 56 19 57 99 49 38 47 29 36 51 629 90 560 48 1007 61 727 7 861 24 501 62 110
5191 -0.61655273513428832 2.0196961419226152 1.8940731169518696 108 53 2 0.093026643375548224 13 134 69 119 9 66
2460 -0.38217316474267193 2.833460319363061 1.2580116945150823 44 36 37 0.26119667230665716 24 590 53 523 89 242 71 44
103 1.0739253747943238 1.2622269789676686 1.6340785931241213 166 107 19 0.13846417337568132 96 53 19 55 42 31
5190 -0.086667605183119473 1.6737641873154112 2.1167462507030055 53 43 44 0.53548693225973909 13 130 69 113 9 62 94 335
2459 -0.38122730019867801 2.792458872643321 1.330912858292248 56 43 43 0.17199269930231342 64 775 53 522 82 541 6 621 36 579 78 562 54 573 5 574 60 593 21 626
102 0.50717710638290403 1.2909101715415405 1.559419180320573 116 99 36 1.0134516757605918 96 634 19 53 99 48 42 32 38 43 29 512 90 558 61 717
5189 -0.56650694739377905 1.8348379416654599 1.8240264824342698 65 61 72 0.20167258595230031 66 164 69 99 18 261
2458 -0.67518453092199959 1.51811590350224 1.2039848694656143 151 1 0 1.3425376093102559 24 93 61 68 53 492 91 0
101 0.45462888549734537 1.1704172826267374 1.4086886486670112 126 107 34 0.7751773298408855 31 8 96 44 19 44 99 628 42 563 51 899 38 512 29 500 90 13 61 703 32 8 80 340 31 801 58 238 68 210 33 187 35 4
5188 -0.760546975416593 1.8544460009714545 1.7965977413255558 255 206 54 0.26877186491239702 13 113 69 97 9 52 94 64
2457 0.74027529407610304 2.4061200312755355 1.8125964822736114 101 69 57 0.20424540682249226 62 572 53 490 82 456 6 177 36 472 78 118 54 442 43 397 60 144 89 438 71 381 21 106
100 0.48835463392255091 1.139223904526236 1.3441633568814819 97 109 139 0.069871389540945225 96 39 19 41 99 28 31 3 42 20 32 5
2456 -0.52968969523864073 1.484299344514064 1.4422647320035908 255 234 72 0.31853929165246847 62 478 53 466 82 478
99 0.48818350142007377 1.1391659789179209 1.344731847215114 97 109 139 0.11488294985203311 96 38 19 40 99 27 31 2 42 19 64 22 32 6 80 5 2 6
5186 -1.1612180740871363 2.2135433379223448 1.9070064210796351 0 0 0 1.8407911766578611 75 1116 66 1219 22 997 11 966 63 1105 69 1014 9 871 13 1155
2455 -0.3732868054539597 1.7986798203507166 1.8231460415986465 125 65 4 0.27523875490441785 62 490 53 461 16 310 25 300
98 0.35084273624279144 1.0247460043145582 1.8155382521782484 137 111 35 0.36133670758008557 96 35 19 34 99 32
2454 0.70173175968739987 0.9112507865789119 2.2382104780416823 165 105 29 0.065367772879284414 95 401 53 323
97 0.33102114463629612 1.015802515019963 1.8414239471700038 107 72 10 0.13887788992957187 96 34 19 33 99 30 38 25
5184 -0.7696312631226927 2.2726687556655158 2.100491385183108 150 144 156 0.96833331551198354 75 995 63 971 13 1078 75 996 66 1070 69 949 9 793 18 1012 94 745 4 960 57 1079 17 1151 8 1063 73 1008 37 943 52 973
2453 -0.99020147120999391 2.7039928262774424 1.5854299146247395 69 72 70 0.13527658917477789 24 226 53 307 43 307
96 0.33102114463629612 1.015802515019963 1.8414239471700038 107 72 10 0.13887788992957187 96 33 19 32 99 29 38 24
5183 -1.0259892625748372 1.9282696507074129 1.6081296583166278 0 0 0 0.96619864840659941 40 858 28 875 30 865 55 882 75 1031 66 1121 22 905 13 1099 66 1158 63 1043 69 974 94 783 63 1023 4 989 22 791 52 964 70 883 59 724
2452 -0.70128516979992772 1.7464524621282123 1.0669724757563608 103 58 7 0.80867403199156718 61 180 53 294 36 553 78 224 54 548 34 200
95 0.25244249979621725 0.93571826337558239 1.6177934310887578 126 141 175 0.32874744413828855 96 19 19 20 99 16
5182 0.20004708982564717 1.7663598458949077 2.0702702384696865 192 123 23 0.78554467877664214 22 958 11 932 63 1072 13 1121 75 1090 66 1181 4 1094
2451 0.81132410399162347 2.4075765433187248 1.760720112076086 47 35 35 0.28534826080083642 62 340 53 255 6 170 36 116 78 112 54 93 5 108 21 94
94 0.3426965500873973 0.87473797681375798 1.7691250776034633 146 132 45 0.16735369586802953 96 13 19 16 42 537
2450 -0.583776743116175 1.5038294138751691 1.419455203353178 255 235 71 0.17660794245363456 62 95 53 213 12 155
93 0.30917057787646191 0.84647609834541693 1.8239203480331656 149 132 46 0.14474466926151275 96 10 19 9 42 4
5180 0.068671782753926908 1.895811871711506 2.6357403269471362 225 204 161 1.5231070627026955 11 962 13 1150 70 977 59 883
2449 0.62030202263689693 1.0177776061720525 1.3735996729719204 144 125 34 0.33353298953374172 61 36 53 93 89 77 34 11 76 1
92 -0.81614593483156062 1.6603580946319603 1.1864138864545759 230 190 57 1.2985309449822102 96 1483 19 1584 99 1398 42 1635 51 1366 38 1174 29 1182 90 1250 98 1350 85 1304 93 1376 48 1693 10 1657
5179 -0.22066408901789222 1.7553000255657538 1.9652484588335293 71 41 15 1.2242108336028414 66 1197 13 1133 69 1000
2448 0.74300967185737643 0.79482166159154066 1.2302818545243304 210 133 28 0.86479815110872638 62 60 53 58
91 -0.68704855532212317 1.4268207259805494 1.1544455158194769 0 0 0 0.68379727525612621 96 1482 31 1281
2447 0.66042996929009967 0.99416313576317128 2.0882084995610759 255 235 75 0.45476231392195754 7 29 62 15 95 418 53 12
90 -0.53736124411730957 3.051290115073539 1.1538658131075337 0 0 0 1.635875513277119 96 1481 31 1280 19 1583 99 1397 42 1633 51 1371 38 1189 90 1258 98 1354 85 1307 48 1690 61 1611 87 1456 41 1352 62 1209 82 1141 36 1196 78 1199 32 1037 80 934 46 852 20 1327 26 1192 91 1197
5177 -0.37528780695866665 1.5966999284968466 1.2634414484749465 255 212 55 1.6012016718601845 66 1111 13 1091 94 767 69 928 9 765
2446 4.1035370261084028 7.889708697769267 12.209134094883449 173 106 23 2.7044228987039038 62 80 53 4
89 -0.502766514242729 1.5599401670093982 1.3179319778529923 208 162 43 1.3795104501326114 96 1475 31 1276 19 1577 99 1391 42 1634 51 1365 38 1168 29 1181 90 1249 98 1351 85 1303 93 1375 48 1692 10 1661 32 1025 46 829 50 1334
2445 0.89778149737068402 1.2123960685407491 1.715977269813908 254 235 75 0.040258228464749204 24 490 62 470
88 -0.43292071650537167 2.5609009634453144 1.4556711868459096 48 58 81 1.6087392487547292 96 1470 19 1572 99 1383 42 1627 51 1369 38 1180 29 1187 90 1254 93 1371 10 1655 79 886 77 848 56 849 15 1117 31 1265 50 1323 49 684
2444 -0.77966420372938849 2.9287389076801973 1.2259236217438432 99 103 94 0.8983991196092993 10 883 7 796 62 594 19 582 99 604 48 674 64 791 6 644
87 0.1804765918849974 2.3447760662794424 1.7110502791235682 35 47 71 1.6971817306367394 96 1461 19 1563 51 1359 38 1173 29 1179 90 1247 98 1347 85 1302 93 1373 79 887 77 843 15 1119 50 1326 3 991
5174 0.64852127757021194 1.0026136109746209 1.282335626405551 0 0 0 1.9999985791726174 63 1037 13 986 4 1029 70 906 94 697 59 875
2443 -0.22926220305314385 1.8057245859697595 2.0510398015509383 39 32 30 0.76655712222953376 24 1169 62 1199 53 1111
86 0.18104305341944207 2.3528251822828166 1.7231879164114836 35 47 71 1.8424206981032867 96 1460 19 1562 99 1370 51 1358 38 1172 29 1178 90 1246 98 1346 85 1301 93 1372 10 1656 77 842 32 1021 50 1325
5173 0.19046149103332208 1.9233497017919188 2.1451722896809335 247 183 45 0.33903296223357965 63 778 13 963 94 676
2442 -0.38335766515017705 2.0481356439280716 1.4084247774500731 48 44 47 0.98460913735977906 24 1159 62 1188 25 1230 16 1140 91 1168 72 948
85 -0.54802274574932242 2.7173611312986377 1.3811760135972455 5 5 6 1.5321834816672806 96 1452 19 1557 99 1363 42 1608 29 1161 64 1368 36 1194 6 1233 78 1160 54 1188
2441 0.39512414355504827 2.4607054311987451 2.3064681576037023 210 190 148 0.78396252147423195 24 1174 62 1186
84 -0.0043819777950751468 2.6532686570825907 1.5225676877198813 78 87 87 0.95253502248784194 96 1451 31 1252 19 1556 99 1344 42 1606 51 1334 38 1111 98 1308 85 1259 93 1326 48 1654 10 1637 79 774 32 1008 77 777 56 734 15 1074 50 1292
5171 -0.11664575510918004 1.6470654541430152 1.9895279167511157 253 195 52 0.20215392679864277 66 973 13 941 69 881 9 705 18 881 94 651 57 893 17 970
83 0.14899048998737022 2.6062464819085114 1.5920368638011175 88 97 97 1.2776484498694114 96 1450 31 1251 19 1555 99 1362 42 1605 51 1333 99 1342 38 1110 29 1152 90 1208 98 1307 85 1260 93 1327 48 1655 10 1638 61 1599 32 1007 77 776 56 780 46 822 80 920 2 922 15 1075 50 1294 3 827 79 778
5170 0.90209042586856525 1.2289250814152015 1.4302977415317095 255 249 71 0.94486247515088395 66 925 83 891 13 912
82 0.31392825909014255 2.4647139050720068 1.7895143995726501 30 31 30 1.4374339333926425 96 1449 31 1250 19 1554 99 1360 42 1602 51 1346 38 1138 29 1159 90 1205 98 1304 85 1258 93 1325 48 1652 61 1587 7 1360 64 1343 24 1141 32 989 77 822 56 830 46 818 80 916 2 906
5169 0.13557073737055675 1.9679573309254006 2.1562673838945319 252 197 49 0.13176540990944563 66 705 75 394 83 527 13 718 55 378
2438 0.49408544183572534 1.3883982251866875 1.5325465192204042 60 68 89 0.46520983469145499 24 1128 62 1161 53 1014
81 0.49334449213161102 1.1454202940901055 1.3903043427281687 79 88 112 0.59952535122274686 96 1436 31 1210 19 1542 99 1348 42 1582 38 1115 29 1131 32 965 77 781 56 791 80 846 2 856
5168 0.81691949365423333 1.6144819391901883 3.1151246864498878 142 86 58 0.39492281024288389 63 717 13 631
2437 -0.57495137829826992 1.5478070193269817 1.6305974296435719 195 186 176 0.85252629575269678 24 1118 62 1152 25 1128 72 899 91 1114
80 -0.5254536559956402 2.6329205632990478 1.3360108667691144 52 59 79 1.2095996987571296 96 1434 31 1237 19 1540 42 1580 32 991
5167 1.1041027498813718 1.8798603580372704 2.6361582157823649 226 192 143 0.23902483417307832 63 707 13 618 52 750 59 693
2436 0.49470975835422298 1.0550340928195421 1.5042880342904947 98 81 23 0.25213231909562689 24 1119 62 1151 53 1064
79 -1.1763771814190758 2.5702364000503244 1.8358412804835644 194 185 158 1.0311355017559123 96 1433 31 1253 19 1539 99 1340 42 1579 51 1296 64 1346 61 1536 82 1110 6 1209 78 1165 54 1195 43 1114 60 1211 21 1204 27 1302 12 1100 80 922 46 836 2 932 65 1101 81 496 17 1185 8 1110
5166 1.4272444289772344 2.1918588431487382 2.1169317315661882 239 220 179 0.399780974940939 63 806 13 527 4 874 52 864
78 -0.23263905001690741 2.1146330302562015 1.3754995495090405 76 64 35 0.73274715808009072 96 1425 31 1234 19 1533 99 1333 10 1611 32 983
5165 -0.98763006101746476 2.3065886579785539 2.0011428148824306 16 12 10 0.36491241778602834 63 244 13 430 94 399
2434 -0.18346656287904139 2.0669053895434164 1.3948456100043471 162 173 201 0.35425491350733435 24 1096 62 1118 53 968 82 974 6 1067 36 1036 78 919
2432 -0.28770217382553592 1.8032479229083189 1.5915774165412324 218 167 45 0.43959259471698908 24 1081 62 1100 53 1029 89 879
75 0.70621018408326652 1.2606250756316202 1.3383648828670809 101 89 25 0.32732786693845417 96 1408 31 1173 19 1514 99 1315 42 1555
5162 -0.79599331090259473 1.8611739601484008 1.7738611979601444 182 101 13 0.17478815853147303 66 154 13 364 69 356
2430 -0.34096638540625129 1.7432150207191357 1.878729956954059 255 213 66 0.87593533090839892 24 1062 62 1091 53 1016 82 1050 36 1108 43 1095 34 1185 12 1127 92 1000 44 932 27 1295 76 1271 45 1127 100 1129 83 1148 40 990 28 934 88 991
73 -0.72453459169087986 1.540072846601827 1.2471073513904294 255 237 77 1.3907325279954708 96 1377 31 1217 19 1479 99 1280 32 941
5160 -0.24907597269895418 2.3741640128164416 1.992187927635964 78 70 74 0.65571447362175872 56 174 13 182
2429 0.42564188418241805 1.0186939794656489 1.511400706074109 213 223 249 0.28719522583850515 24 1058 62 1081 53 1002
72 -0.32034903150247324 2.9190290323087433 1.253111507788115 0 0 0 1.361661062604085 96 1364 31 1080 32 837 80 784 50 1118
5159 -0.24907597269895418 2.3741640128164416 1.992187927635964 78 70 74 0.65571447362175872 56 173 13 181
71 -0.13881075818822805 2.8317382411506107 1.2495105943493003 0 0 0 1.6661378846087214 96 1363 31 1073
2427 1.2086048791377264 1.7423949718889411 1.7849879836225537 246 227 186 0.6832519461885358 7 1243 62 1042
70 -0.53363848177481943 2.8545001957350005 1.292985432077205 43 32 28 1.1872463230425729 96 1362 31 1164 19 1463 99 1266 42 1509 51 1267 38 1013 29 1021 90 1071 98 1151 85 1105 93 1178 48 1567 10 1549 61 1544 7 1323 64 1266 79 603 87 1299 95 1258 41 1191 24 1111 62 1070 53 987 25 1063 16 965 91 1059 82 1017 6 1112 36 1063 78 1067 54 1102 5 1111 60 1104 21 1105 32 924 47 1043 77 461 56 459 46 602 32 724 80 682 2 709 65 1002 15 824 50 1106 20 1202 3 184 26 953 49 308 67 181 58 344 68 315
5157 -0.923459049155123 2.3429920416793406 2.0609987661635158 14 12 11 0.68966157805842054 63 260 13 173 9 140 94 155 4 256
2426 -0.5104326970238916 1.6046739550534368 1.2276377972368779 255 233 72 0.50466336965887726 64 1217 62 1023 82 976 6 1058 36 1034 78 1034
69 -0.46838514038865459 2.8270624923221588 1.306245493129452 35 27 26 0.67984352803996984 96 1361 31 1205 19 1462 99 1265 42 1549 51 1266 38 1012 29 1020 90 1070 98 1149 85 1106 32 921 46 759 20 1052
5156 0.14364358442532643 2.0129359258818327 2.1833105730155684 72 62 66 0.1194276965063602 66 217 13 172 94 396
2425 1.0054548048290326 1.4035554524125942 1.6109696206532376 237 219 181 2.0428883701087659 24 834 62 1019 53 760
68 0.60258604939915383 2.6154989924617862 1.6693615582855983 0 0 0 0.134009422248378 96 1352 31 1048
2424 0.28777411750099297 1.408792182581583 1.351606248945511 63 72 86 0.052961349047013447 24 1009 62 1016
2423 -0.54249140440777055 1.5732096270872029 1.2821591775786132 255 234 72 0.22716182560886472 24 996 62 1011 53 945 71 868
66 0.6639418998800356 1.1348824620807281 1.3082300601876229 151 130 43 0.39040379584061646 96 1311 31 1095 19 1402 99 1224 42 1430 51 1088 38 919 29 917 32 745 77 603 56 580 46 618 80 703
5153 -0.94547540245888129 1.98336536433189 1.662737787759643 113 89 75 0.39595350229050891 66 142 13 106 69 350 9 255 94 327
2422 -0.82404061891943203 1.6308022052499147 1.2286870603953051 255 237 73 0.66508200744135892 24 990 62 1010 53 955 82 993 6 1078 36 1048 78 1050 36 955 5 1098 43 1008 89 920 34 956 12 899
65 -0.34723131345716446 2.8714658534797706 1.1836831626356077 88 87 82 1.6270075711999603 96 1303 31 1078 19 1396 99 1213 32 834 80 781
5152 -0.55974909790333272 1.5096536711382154 1.6404750330264881 204 207 231 0.82241950969189537 66 65 13 59 69 52 9 23
2421 -0.82544392128289423 1.6285941416279575 1.2300985312147104 255 237 73 0.17981276686458014 24 989 62 1009 71 847
64 -0.17169160266408312 2.8265827979911506 1.3090187195453531 87 86 80 1.5155813876751918 96 1300 31 1072 19 1392 99 1211 50 1119
5151 -0.93329264529147815 1.6464888090724081 1.3933109727455191 117 81 53 0.87211560143838462 66 25 13 45 69 303 9 196 94 271
2420 0.033158910388792456 1.7516761286558251 1.7422292576977481 205 176 59 1.7300635807949201 24 1002 62 1007 89 867 71 896
63 -0.090510296617176494 2.8061593797658104 1.3683485255800409 87 87 82 1.3312754586947639 96 1298 31 1069 42 1406 32 826 48 1476 80 775
5150 -0.39942028013894121 1.5909259341507063 1.321613031438633 161 92 16 0.087936713512370035 63 133 13 41
2418 -0.57735039621291151 1.5463765443198441 1.3404270544303714 255 236 73 0.31022412127061522 24 986 62 1001 53 933 82 969 36 1032 78 1035 5 1081 54 1078 89 901 71 866
61 -0.1075128321827433 2.6696417163183597 1.5287419163672182 81 90 90 0.34618940918131591 96 1285 31 1057 19 1378 99 1198 42 1393 51 1067 38 906 29 895 90 951 98 1025 93 1023 48 1443 10 1419 61 1483 7 1261 64 1255 79 163 87 1309 95 1186 41 1198 24 1041 62 1063 53 973 25 1085 16 984 91 1075 82 990 6 1087 71 600 36 768 21 1083 32 820 15 602 50 923 20 1067
2386 0.88638131302473622 1.2332278115583715 1.6888146153354329 210 132 35 0.055643702133956675 24 647 62 639
29 -0.59873698210528215 2.8682070026105269 1.2785634207988843 82 84 76 0.44856868506047937 96 970 31 953 19 981 99 1096 42 1007 51 874 38 739 29 737 90 753 98 744 85 742 48 960 61 940 7 547 87 263 95 183 24 357 82 334 6 640 78 299 60 356 6 383 89 252 77 598 56 468
5116 -0.45071619002554331 1.5812371322580077 1.5534014664012814 98 47 4 0.171927794188658 22 567 63 739
2385 1.0081521199315355 1.1971354014229054 1.7477290794347888 182 124 38 0.032828439757497843 24 645 62 637
28 0.12251959236304061 2.6587754263745538 1.4999998345497232 29 22 20 0.40221910574858555 96 916 31 693 99 1083 51 553 19 546 38 724 29 724 90 492
5115 0.6995092652779874 1.0770664417989706 1.3293514671791613 255 196 44 0.70065473670533551 11 587 63 718 13 297 94 0 4 784
2384 -0.63190365478197574 2.0845718480020876 2.4824423539060243 108 74 60 0.80040879668744691 24 626 62 629 82 860 6 785 36 937 78 939 54 992 60 1088
2383 0.8053397392570103 1.1434453541807259 1.8971541323555299 253 226 71 1.5195765213566232 87 837 62 625 34 596 53 540
26 -0.99193359032734685 2.7196703144496692 1.563400630310354 121 125 118 0.26735951007610625 96 914 31 751 19 925 99 864 42 961 51 491 48 536 61 919 64 1027 62 564 82 550 6 893 36 612 78 818 54 620 5 875 43 516 60 891 34 281 21 899 47 638 65 834
5113 1.2733992602620576 2.2411849857215644 2.0284242947932163 98 57 37 0.93012613738115646 66 221 63 552 13 493 69 413 94 421 57 349 52 648 18 273 59 505
2382 0.48023173043910922 0.99598230564035983 1.5796899078662914 144 129 38 0.27065621852093186 24 623 62 623 53 551 89 547
2381 0.38518110771424247 0.81450717526401017 1.742176519538452 141 121 34 0.14219128869549069 24 603 62 602
24 -0.023394664249133425 2.6111589868915961 1.6030831794199092 7 7 6 0.2393336741329625 96 902 31 683 19 1199 99 1073 42 939
2380 0.42665821272197446 0.78550265943168063 1.9484195843027798 171 99 13 0.79787489229124453 10 963 24 597 62 597
23 0.21350934806223471 2.5855423332859053 1.6116615052322913 48 36 30 0.61302220308373268 96 898 31 663 19 910 99 838 42 929 51 849 38 397 29 386 90 461 98 737 85 735 48 1244 61 1203 7 788 64 998 24 575 62 581 53 686 53 837 16 149 82 711 6 794 36 741 60 544 89 613 71 626 44 525 43 676 32 485 77 203 56 198 46 173 80 435 2 444
5110 0.38287495484181461 1.7610952377693188 2.1774260955873288 12 9 10 2.4128245776187702 11 187 63 477 52 578 4 544
2379 -0.20618245803700772 2.7315717057664655 1.379948433356321 25 24 30 0.12002868826314624 7 553 62 590 53 519 82 532 36 562
22 0.023168266893171505 2.5963066586395858 1.6252978731494547 6 7 7 0.20326807057431098 96 897 31 674 99 839 42 934
5109 -1.141853551814294 2.283322332902566 1.7188720729207292 171 167 179 0.70190682970067231 32 218 63 443
2377 0.27983706230367034 2.5442910923022577 1.6387074038327478 58 45 42 0.40226952751199008 7 524 62 580 53 279
20 0.26284182197868244 2.4262883875055699 1.7734407393091551 52 64 91 0.26115299867418112 96 868 31 270 19 880 99 817 42 886 51 830 38 875 29 865 90 899 98 958 32 462 77 571 56 559 46 419 80 144
5107 0.37080716966025956 0.74732199160788892 1.8549818629609658 177 102 13 1.0910386758600179 11 324 63 370 13 633 9 2 52 766 70 700 59 579 97 503 74 487 86 450
2375 1.0826174310357675 2.3282335639692091 1.8902412802475563 104 72 59 0.22270569972941576 24 570 62 566 53 475 16 501 82 426 6 126 36 428 78 82 54 57 5 61 60 73 71 525 21 67 44 439
18 0.011807337080221698 1.7913204538135319 1.656965574599055 168 138 52 0.23429010080244064 96 677 31 508 19 700 99 158 38 94 29 87
5105 -0.94477165055990064 2.2882961272455145 2.0634665035661826 16 14 13 1.6393926217601347 55 349 63 247 13 439 83 524 69 426 66 469 94 409
2374 0.24496878314299139 2.2245704761850629 1.6778894831573155 5 7 10 0.21863178338190647 24 560 62 550 25 453
17 0.10317182356345553 1.7592452052726364 1.4036470640511194 100 114 145 0.21319192867363726 96 668 31 496 99 674 42 705 32 415 46 369 80 376
1125 1.0323419540730581 2.2554244249458151 2.0811915527256146 122 113 93 0.010960827798992698 51 401 90 357
15 0.48317924179237026 1.4407773107063095 1.5609318913277641 20 16 13 0.39460276149813311 96 643 31 437 19 633 99 649 42 584 51 43 38 63 29 525 48 113 77 41 56 50
5102 -0.39160697946650908 2.0210339657604752 1.9449661602234691 74 64 66 0.49142244763457793 75 144 63 227 13 400 69 385 9 282 94 89
2371 0.098918118310381525 1.7468717552923878 1.4342040293252498 75 76 57 0.62065997844614984 24 678 62 534 53 478 6 159 36 135 82 461 89 173 71 98 44 67
14 0.55256645871086296 1.0510523515653416 1.2820389142183177 121 96 20 2.1377057924344194 96 603 31 415 42 542
5101 -0.0052125394615580925 1.732886915948689 1.9926880230920521 122 67 6 0.49411555636186938 22 121 63 212 4 524 52 155
1 0.1667206009292681 1.4159248113855794 1.8667591158238284 133 108 30 0.41036673123709838 96 71 31 26 19 62 99 71 42 41 38 68 29 59 51 636 90 570 7 615 32 42
2359 0.49557198899613275 0.90093723797356151 2.0880252902381322 197 122 17 0.87844337276495887 41 699 95 696 62 382
2 -0.1180603969609621 1.4828710019994056 1.7997419448154393 122 82 12 0.16937666756494968 96 85 31 30 51 44 38 72 29 60
5089 0.39382596156487798 2.0065835461169108 2.1539304076500834 255 221 60 0.35244384987763883 22 961 11 936 63 1053
2360 0.30542185152966611 0.8529680489691156 1.7407908195741126 115 85 17 0.71331889629915191 24 9 64 471 62 385
3 -0.67446060593791624 1.6409392678116033 1.1871045299186016 163 121 26 0.22674466091003567 96 111 31 49 19 106 42 78
5090 0.42898655098047073 2.5903898329612791 1.7556470162338811 207 193 159 1.0436091807049068 22 931 11 944 63 1076
2361 0.63184284338645103 1.0371353412982034 2.0280579424783074 181 109 27 0.070156459688460501 24 385 62 398 53 342
4 -0.72761465023408356 1.7077849912713077 1.1025403292337694 254 231 79 0.60859610121789887 96 139 31 59 19 128 99 129 42 678 51 50 7 667 64 668 62 532 53 507 82 520 6 573 36 770 54 547 71 4 34 213
5091 -0.44203016253441119 1.5006934298998731 1.308673006059196 255 243 61 0.62381955366495712 22 995 11 956
2362 0.74969062730921165 1.1065031727269978 1.9027222456438633 201 125 31 0.14733620409018983 24 416 62 425 53 359 43 342 34 382 27 482 76 488 100 417 83 100
5 -0.014173605000556498 1.8273940757100957 1.6170877636392942 161 132 38 0.36182466520689988 96 172 31 82 99 166 51 661 38 97 29 89 90 593
5092 -0.41882258069953648 1.6974004846558237 1.448229197028484 93 71 58 1.6431825983180093 22 979 11 958 63 1100 4 1100
2363 0.75003547663472425 1.1069729021505172 1.9027065816493864 201 125 31 0.17056005379929595 7 610 24 417 62 426 53 360 34 383 27 483 100 416 83 99
6 0.087575733273223516 1.9187651110722381 1.6409630905646408 113 94 25 0.44734131302142899 96 225 31 114 19 223 51 99 90 91 48 275
5093 0.1773551680992955 1.883284061240408 2.1084267159076973 241 178 44 1.2700485051331065 22 992 11 960 63 1106 52 1067 59 881
2364 0.53500899256581957 1.0709328065443429 1.5349208103346483 116 98 29 0.076877212918706375 24 440 62 451
7 -0.29272964428713977 1.9950038766604155 1.4587884457970082 78 57 9 0.16945343080125119 96 261 31 533 19 260 42 803
5094 -1.0752286736247387 1.7729445868110414 1.579527746616616 0 0 0 0.87253725474257315 22 1000 11 970 52 1072 70 983
8 -0.45504054108914632 2.1546242418442336 1.2434839671793196 102 73 17 0.27450718739646096 96 347 31 238 38 145 46 80
2366 -0.28622922747544038 1.7285102275025144 1.9072422242403735 20 24 33 0.41580952519902104 7 132 62 472 53 449
9 -0.63823361928174804 2.412668503259265 1.3612803616274536 9 8 4 0.16205746970345691 96 485 31 293 38 247 64 419
5096 0.67627243119165137 1.0605695096874228 1.3232791699658555 213 111 12 0.20088365941082764 11 0 63 0 13 0 4 1 52 384 70 0 59 0 97 277 74 0 86 220
2367 0.85525086922850724 1.2885610064494588 1.6237929775644806 215 125 27 0.39229773406747886 41 601 95 199 62 494
10 -0.84053574384106733 2.6006383990715505 1.6958269589238149 100 100 93 0.19970775418333409 96 532 31 710 99 528
5097 0.41574352437256301 0.77161762752068408 1.9288587280892766 254 240 61 2.1760646272190387 11 76 63 51 4 13
2368 -0.074696697824578773 1.7646549924425925 1.7278073654762309 170 139 48 0.22977827496590114 24 510 61 138 62 506 53 181 43 179
11 0.34529005729815238 2.5699415158746088 1.6004888912463371 33 24 20 0.4428293559090416 96 541 31 282 19 520 42 472 61 561 7 550 64 726 95 282 41 321 24 352 62 583 53 508 82 483 6 549 36 503 78 470 54 476 5 496 43 425 60 526 89 465 71 113 34 85 21 550 32 222 65 506
5098 -0.5153043370210979 1.5260465905090184 1.5151202197007803 255 245 60 0.12223507130579063 11 328 63 145 4 147
2369 0.76723617461460325 2.0573504821351798 2.1327432054206592 225 209 172 1.4420212932448224 24 539 64 565 62 525
12 -0.91787519453805211 2.6800808589776524 1.4041112799118907 115 117 109 1.1310051838904311 96 558 31 373 19 544
5099 -0.43247740970344423 1.7644295384285229 1.9332159125198622 199 200 223 0.3116440978437745 66 425 63 200 13 122 69 368 9 57 4 206
2370 -0.31731605067092811 1.8927438311720477 1.5001575793192889 254 222 56 1.0899106686564235 7 706 24 519 62 529
13 0.30745645242237146 0.95784282014705968 1.6547346291975638 2 2 3 0.85896836005787514 96 601 31 794 19 590 99 612 42 1022 64 1056 53 726 62 794 82 792 6 913 36 863 78 848 54 880 5 910 43 795 60 645 89 710 71 782 34 884 12 877 21 698 47 672 77 264 56 285 32 598 46 512 80 559 2 580 65 678 58 235 68 336 33 300 1 502 35 255 14 321
5100 0.30350217111267458 1.5800892101566149 2.0257824141065592 16 16 21 0.23908021348881506 11 371 63 211 4 209
2387 0.59933790924759101 1.1106726740286164 1.3969710085789888 112 96 25 0.12682035237087574 24 488 62 640 53 575
30 0.32582579734979722 0.97556231824145412 1.6042990908769448 117 131 163 0.1692169041430239 96 987 31 970 19 1242 99 926 42 1289
5117 0.086650707301921731 1.7113084913980436 1.8939693220036766 125 74 12 0.12442987194830439 11 623 63 762 4 831
2388 -0.064056777460075043 1.7333015195656003 1.7610144964324383 171 140 48 0.42539806644121725 24 648 62 650 89 606 71 605
31 0.32617201071677671 0.98106786634504495 1.6069825193540697 117 131 163 0.84856788644501802 96 988 31 969 19 1243 99 925 42 1290 51 887 38 755 29 751 90 542 98 6 85 2 21 1036 32 743 47 994 77 601 56 581 46 619 2 802 65 950 8 838 73 782 58 442 33 408 1 697 35 321 14 442
5118 0.015619425367821627 1.6483598087000984 1.9900422069915304 253 180 42 0.26256048794060133 11 367 63 764 4 832
2389 -0.030743787980578745 1.7663067591600643 1.7136836669906157 166 136 47 0.071412944783190074 24 653 62 656 53 801
2390 1.2056831823203862 2.2207336309856522 2.1012024134971234 231 215 180 0.18581737871528281 24 736 62 723 53 618
33 -0.047249828719632882 1.8103321800707755 1.6318831271983498 163 134 40 0.39626827518132468 96 1031 31 512 38 562
5120 0.43289463960884866 1.8343826297494472 1.9272914959930445 14 19 27 0.95655558770845617 11 375 63 771 13 702 94 547 4 841
2391 -0.36906515253278999 2.0795979492140138 1.322609609976273 250 203 54 0.25819211882425491 24 706 64 967 62 737 53 685 82 726 6 800 21 776
34 0.089492702926435713 1.872594577196921 1.6326408543829007 110 81 17 0.98870729178605221 96 1034 31 832 99 685 38 573 29 565
5121 0.17622627283276571 2.0186394949569531 2.1803248131862514 251 185 46 0.049274734667160203 11 647 22 635 63 784 4 856
2392 1.0359931186010434 2.2977581691930955 2.0106738775617581 220 203 165 0.2323877374004896 24 743 62 741 53 641 82 639
35 -0.20575865756367026 1.9855377422471827 1.3919299406804011 14 12 15 0.14468825972578553 96 1040 31 529 19 1052 99 989 42 1093 51 960 38 816 29 801 90 829 98 825 85 793 93 861 48 1110 10 1038 79 500 32 429 77 530 56 523 80 64 2 90
5122 -0.90326840842646794 2.2037613077309164 2.3765484862020738 98 59 43 0.63629714951994631 66 256 63 786 13 524 69 245 9 171 18 498 94 432 4 569 17 353 8 353 52 595
2393 -0.99674691849643471 2.7031291920262546 1.587053637313764 73 77 71 0.93220452027841161 24 713 62 753 78 816 43 744 60 885 64 1024
36 -0.18749527278457362 2.0986838023631922 1.3786234872794163 29 36 53 0.28690840047950916 96 1050 31 568 19 1065 99 996 42 842 51 975 38 834 29 820 90 622 98 848 85 809 93 882 48 850 10 1059 61 364 79 516 32 440 15 777 50 549 20 111 3 661 23 394 81 346 49 382 67 411
2394 0.68952031117998291 2.4307825012543822 1.7868920523332703 139 91 66 0.51230984646453825 19 485 62 759 53 668 82 675 6 500 64 689 36 476 78 438 54 446 89 587 71 668 21 118
37 -0.41513868838266549 2.1200443304929655 1.2632337013090622 252 208 57 0.41336500351367872 96 1052 31 592 19 1069 99 730 42 1165 51 974 38 591 29 817 90 846 98 838 85 803 93 868 48 1156 10 1041 61 1172 7 743 64 980 79 277 32 128 15 480 50 98 20 92
5124 0.73307778964788706 2.4051489388851341 1.8434970075360977 100 61 39 0.38939105767912008 11 781 63 928 70 834 59 745
2395 0.90491560225261336 2.3767939789046366 1.8119235243565661 105 72 59 0.40387816458667053 24 753 62 760 25 972
38 -0.39986249605595692 2.1479917783734734 1.2740563406942371 11 9 11 0.17574598079986656 96 1056 31 855 19 1073 99 1001 42 1174 51 1154 38 977 29 985 90 1027 85 1055 93 876 48 1168 10 1051 61 895 79 669 87 155 32 636 77 644 56 532 46 546 80 404 2 415 15 773 50 859 20 96 3 656 26 194 81 470 49 490 67 403 23 532
5125 0.11049907315860766 1.8723452557928879 2.7205863911149875 222 206 168 0.085647845028235497 22 836 63 933
2396 -0.56762826656579657 2.9073458124858718 1.209583724467991 116 81 63 0.38704173743548242 24 765 62 772 53 699 43 888 89 655
39 -0.29685154020185928 2.3071985773760839 1.5088606906810809 5 4 1 0.5462021966164361 31 268 42 1204 51 995
5126 -0.95932398849428735 1.6222984327881966 1.3336976680065817 255 203 56 0.40538687690441438 11 817 63 946 4 981 52 891
2398 0.35091974480325222 0.78103942448489228 1.7912420045171009 136 116 32 0.1680145324739358 7 802 24 599 62 781
41 0.25736157450444175 2.4544600010201894 1.7617075695808013 1 2 3 0.57097134754769774 96 1110 31 877 19 1174 42 1216 98 981 85 955 48 1223 80 628
5128 -0.51335211673263481 1.8388097452678167 1.9322094953800839 204 125 45 0.48382969079284455 11 756 63 960 4 994
2399 0.33582090533110603 0.91070127596630412 1.7425901708510054 109 82 19 1.8381061609452483 24 777 62 790 53 719 6 905 78 844 54 1043
42 0.20547634725473105 2.5626696388648309 1.6669505967211851 87 95 93 0.46028738257357227 96 1126 31 888 19 1360 99 1066 42 1379 51 1061 38 716 29 721 90 741 98 1015 85 726 93 1028 48 1441 10 1238 61 1397 7 1260 64 1149 87 1103 95 972 41 1205 24 1040 62 1060 53 971 25 1097 82 867 6 978 36 740 71 340 21 788 32 660 46 434 80 434 2 443 20 1076
2400 0.41976767399713766 0.98529545980215638 1.634485376010764 56 59 71 0.28747033077771289 24 783 62 800 53 730 82 589 6 5 36 9 43 551 89 839 34 874 12 865
43 0.13857351144234284 2.5804792996236583 1.6427675437364204 80 88 89 0.39829004323741168 96 1127 31 894 19 1192 99 1068 42 1228 48 1238 10 1232 61 1198 61 1400 64 1154 87 1093 95 961 41 983 24 943 62 954 53 836 25 821 16 739 91 812 82 871 6 982 71 335 36 514 32 489 80 437 46 435 2 180
2401 0.86423298682194438 1.172589476388566 1.7954537252626321 255 233 68 0.24477850240791849 24 801 62 814 53 731 43 764
44 0.076220878130587838 2.6029739931600582 1.61843977129119 80 89 89 0.3470168994530517 96 1130 31 899 19 1196 99 1070 42 1233 48 1239 10 1230 93 737 61 1202 7 1142 64 1157 87 898 95 797 95 956 41 795 41 977 24 944 62 956 53 840 25 819 16 734 91 598 82 873 6 985 32 664 77 207 80 440 46 437 56 415 72 314
5131 0.85083787152831791 1.704590852880586 3.1211405707896018 0 0 0 1.7594093249189717 11 871 63 1001 70 905 59 844 97 928 74 915
2402 0.19219457753157673 1.5639391273240606 1.9554871528766342 233 215 175 1.3423167544473011 24 979 62 819 53 576
45 0.015072575376501501 2.626180517605305 1.5894723740559527 82 91 90 0.55837599672500582 96 1133 31 904 19 1371 99 1074 42 1387 51 1065 90 949 98 1020 85 984 93 1027 48 1240 10 1228 7 1143 79 166 41 972 82 982 6 1083 32 668 77 213 80 446 2 454 50 632
5132 0.46876188719815803 0.87410210175277581 1.5232136606605569 0 0 0 0.72044765755594442 11 916 63 1003 70 936
2403 -0.61102221141737745 1.5105632658752099 1.3871061285043327 255 233 73 0.29101860896157777 24 797 62 826 53 921 71 721
46 -0.97284285401523307 2.6967375544886516 1.5838710129489704 71 75 69 0.47894722321113609 96 1140 31 932 19 1205 99 1085 42 1251 51 1052 38 898 29 884 90 911 61 1193 64 1025 24 557 62 562 53 515 32 709
5133 0.47158884437922077 0.82596620644509333 2.0618778923049534 255 251 76 0.87916553300047828 63 1008 13 994
2406 0.6098489432264298 2.3700396192996895 1.9173914160493781 224 205 165 0.099061909725532138 24 933 62 936
49 -0.75580511421158336 2.9380393125260702 1.1714978604104553 168 163 145 0.57634061734897257 96 1163 31 1083 99 1101 42 1279 38 751 29 745
5136 1.4670966568871637 2.3758213720174703 2.1291719301761693 0 0 0 2.3577318047496889 11 914 63 1035 13 1107
2407 -0.59475699929240278 2.3323177755097575 1.3699724985031019 33 21 1 0.29432647759351366 7 1045 24 719 62 941
50 0.38961849605126525 1.038332094121774 1.4931469303394815 135 147 176 0.38998026254700657 96 1175 31 972 19 1250 99 930 42 1291 38 757 51 610 29 494
2408 0.83070016035746375 2.381305555213808 1.9067489768202552 105 71 53 0.79802904599009339 87 1205 62 943 25 953 91 940 72 691
51 0.38780513333312905 1.197398971529243 1.4317701109368239 6 8 13 0.38289257576893565 96 1183 31 805 19 1255 99 1115 42 1031 38 923 29 922
2409 -1.0440622142796332 2.7178160651248491 1.496487303170402 0 0 0 0.93180230929093677 64 1172 62 944 43 910
52 -0.36891221579746841 1.7092654302540569 1.2208084586066095 29 34 48 0.21625130198319711 96 1211 31 488 19 1286 42 1322 38 780 77 502 56 499
5139 -0.8706831222426894 2.306481751675721 2.139061147491454 22 21 19 0.39051126217909671 66 1169 63 1051 4 1077
2410 0.7736732494292492 2.4045659289291006 1.748088782842627 103 71 57 0.042810803933581221 24 945 62 949
53 -0.08024428297001307 2.0547291239883085 1.4421425907005347 8 9 12 0.65656814942176545 96 1238 31 1013 19 1318 42 1345 48 1331 10 1060 20 1042
54 -0.077330504340390294 2.0580350173154534 1.4491103492063111 8 9 12 0.56990150326911138 96 1239 31 1014 19 1319 99 1250 42 1346 51 1150 38 1041 29 1051 90 1112 98 1103 85 1056 93 1118 79 753 23 650 81 541 49 620 67 658
5141 -0.013293946582292222 1.1163951035696908 1.6191394869151499 0 0 0 0.31583692976616784 32 855 63 1097
2412 0.24196311451720828 0.90851278409097658 1.9468830896038807 175 142 40 0.43462272629614662 24 770 62 972 53 993
55 -0.36040149510553821 2.091075922881747 1.3023355979946405 255 219 70 0.21014246771578443 96 1240 31 1139 19 1443 99 1151 42 1485 51 1148 38 826 29 813 90 843 98 836 85 801 93 869 48 1529 10 1326 61 1533 87 1372
5142 -1.1880548339562265 2.4033483007819356 2.1179222189126494 154 111 86 1.5943178151979711 66 1222 63 1108 13 1158 69 1017 9 874
2413 0.75150528948937123 1.0319129755545167 2.0505199115574806 0 0 0 0.40621225444200304 24 964 62 974 34 997
56 0.41466505576293461 2.4766126355236353 1.7280649058962601 181 171 141 1.7374509479842541 96 1267 31 1147 19 1352 42 1370 90 931 98 1144 85 1097 93 1180 48 1562 10 1551 36 722 71 636 56 776 29 1073 80 904 2 832
5143 -0.024149566739596222 1.9042345387295758 2.4458597751159377 125 121 134 1.6443257375126932 55 178 22 221 11 238 83 793 75 476 66 770
2414 0.46610416012438693 1.081851428096954 1.4394143893617168 213 224 246 0.2154151104836487 24 978 62 980 53 888
57 0.41729561353544015 2.4754779469737298 1.7085356606625799 181 171 141 1.8805775769175941 96 1268 31 1148 19 1353 99 1051 38 1055 29 1074 90 932 51 1054 98 1145 85 1098 93 1181 77 772 56 777 80 903
5144 1.2362784295237923 2.2462708869989907 2.0405493747888888 229 214 176 0.74495576352880832 96 838 99 378 87 1329 48 1420 95 1209 41 1221 25 1124 91 1108 40 786 28 752 88 737 75 677 11 670 63 800 22 659 11 454 13 500 20 1145 4 870 52 853 59 683
2415 -0.67224491449233292 1.5309575383932132 1.3627290302295143 255 233 72 0.13617217009848925 24 980 62 991 71 857
58 0.26684569191663632 2.5421672554981156 1.6954560793197189 89 96 94 0.35615066431372311 96 1271 31 1042 19 1356 99 1063 42 1375 51 1060 38 712 29 720 90 940 98 1147 85 1100 93 1179 48 1438 10 1446 61 1394 7 1256 64 1249 87 1315 95 1195 41 1207 24 1039 62 1059 53 970 25 1099 16 1006 91 1089 82 964 6 1068 21 1137 32 658 77 419 46 429 80 631 2 442
5145 0.61444940164401041 1.7381869378986943 2.9159665526754321 100 68 55 1.4539441987738058 82 365 36 389 78 62 54 407 43 591 78 864 54 895 5 932 43 810 60 681 34 1038 43 947 12 1039 92 841 25 839 16 787 91 1090 44 752 36 657 27 1259 76 1238 45 1105 47 722 65 142 100 1102 83 1127 40 829 40 1006 100 1135 28 865 30 798 55 1012 88 833 75 948 75 1096 66 1094 22 840 11 806 66 906 63 936 13 888 13 1050 69 742 69 920 72 548 72 886 94 829 63 851 57 928 18 836 17 1097 8 765 73 707 37 411 84 771 52 875 4 743 39 720 70 849 74 884
59 0.36932583975708849 2.6041283961285262 1.5559075766154442 36 27 24 0.45178971454220718 96 1281 31 890 19 1373 99 1192 42 1234 51 1261 38 1063 29 1082 90 1138 98 1222 85 1193 93 1256 48 1466 10 1483 61 1207 64 733 87 929 32 810 46 684 80 633 15 977 79 782 50 1130 3 872
5146 0.14610353646637245 1.9016117708087168 2.7110692782032282 77 53 45 0.59275776583483575 36 898 78 889 54 927 5 955 43 839 89 729 71 768 34 958 12 966 92 392 27 1073 76 1077 45 937 28 625 78 890 54 928 5 954 43 838 34 959 12 967 92 393 27 1074 76 1078 45 938 47 924 100 946 83 968 40 676 40 813 28 626 30 630 55 728 88 750 66 881 69 266 9 175 57 937 57 938 18 711 17 1002 17 1003 47 925 8 908 73 852 37 666 84 634 72 631 39 507 97 667 74 640 86 598
128 -0.35535929184674092 1.7527037872947855 1.2001072228573078 125 138 166 0.1670804784466898 96 150 19 148 99 138 38 85 29 74
5215 -0.58025465926304487 2.1366574935572369 2.0668949516370065 132 72 7 0.3758072688824754 13 159 69 407 9 307 18 396 94 384
2486 -0.1820611581973926 2.7119709034391506 1.4335118073840722 31 26 30 0.26832299705673296 95 788 25 614 91 419 20 488 72 300 26 235
129 -0.026332774291628426 1.7652944876867902 1.6784686007772647 168 139 44 0.06082541100315237 96 161 19 156 99 153
5216 -0.55069313227444239 2.1260838125891524 2.0893260786312382 217 150 35 0.33528608848684721 13 161 69 410 9 311 18 402 94 390
2487 0.6532640031962994 0.99302344701840251 2.0950485793855305 255 236 63 0.3833138293505276 95 419 25 629 91 562
130 -0.07206757993755214 1.8029876245180085 1.6583227495159074 134 96 19 0.28936580864326844 96 168 19 169 42 137 64 584
5217 -0.28507511452750151 2.4109183259051492 1.9146541414491525 113 69 7 0.19400854181357205 38 668 69 417 9 318
2488 0.86588284036333396 1.2021383530394625 1.7627316309416243 255 229 64 0.34455183925805083 41 564 25 675 95 546
131 0.63306608850383717 1.7967557827052854 2.820336137678729 108 96 74 0.27187347131573775 96 188 19 170 51 117 38 146 99 190 29 125 90 112
2489 0.80780362285520724 1.703957830841059 2.9610144900043611 232 218 181 0.072124837846467005 41 604 25 711 91 680
132 -0.056718312139771125 1.8192422449017414 1.6281475821962677 165 140 45 0.055466995344125546 96 170 19 174 61 818
2490 1.0343196957495919 1.7434418681103425 2.4289815084054278 234 218 180 2.9412918928887835 41 814 25 725
133 -0.071531360927964721 1.8487501905195851 1.593985120647228 161 136 51 0.4172721752381276 96 181 19 187 42 164 38 100 29 92 90 71 98 55 85 65 93 78 10 156 61 201 7 707 64 211
5220 -0.55204211535938119 1.4501638428721397 1.5296041572038406 255 247 63 0.95116059583484935 13 318 69 480 9 194
2491 1.0140090467870611 1.8979868882449147 2.6450654425111928 234 218 180 0.23545749137122363 95 812 25 729
134 -0.14386842585434514 1.874189984014982 1.5687112628519528 229 188 67 0.31072311764483646 96 191 19 196 99 172 42 180 51 81 38 102 29 94 90 73 61 833 48 813 7 710 64 624 87 574 95 445 41 466 24 520 62 527
5221 0.027155676566919432 1.1661842199700079 1.8121302938274833 46 39 40 0.74091259655517561 13 641 69 481 9 377 94 475
2492 -0.6705841903649512 1.5321351874164111 1.3647788207488476 255 246 67 0.14040904963107889 41 863 25 747 95 840 16 674 72 363
135 1.042463364883975 1.8628504704486422 2.6909538918579461 137 125 101 0.17637668985917149 96 220 19 199 51 180 90 140
5222 0.26346498551387659 1.0319255707653252 2.0470132540269006 36 27 21 0.26807705042429586 75 328 69 490 9 386
2493 -0.31119905078792232 1.7003403388355689 1.2850395833451027 255 231 61 0.076236901442674601 41 901 95 870 25 771 16 954
136 0.29929627525056862 1.8684990503402354 1.8469660989542045 91 59 9 0.17541611471362964 96 203 19 201 99 186 51 96 38 120 29 108 90 93 85 85 48 264
5223 0.12490623623627323 1.36721168894234 1.9803782551874036 51 43 43 0.52597993250547437 66 664 69 510 9 404 18 538
2494 0.90493481071643544 2.3827533534521428 1.8176203371959463 110 74 58 0.37498117489128341 41 1112 25 973 91 955 26 1117
137 0.21926104466530444 1.8948525617789229 1.6142234854087063 108 94 31 0.1335571012470107 96 213 19 221 99 689 42 183
5224 -0.12254149937567946 1.5593329398392473 1.9320437520154961 143 86 16 0.51842123383152561 13 359 69 520 9 420
2495 -0.1347120495135728 1.4655627536960507 0.78916446112755267 0 0 0 0.11784767609641841 48 85 25 1037
138 -0.4863930154406309 1.9445511458648732 1.5779775978909985 252 207 56 0.26793132048032975 31 530 19 222
5225 -0.12254149937567946 1.5593329398392473 1.9320437520154961 143 86 16 0.51842123383152561 13 360 69 521 9 421
2496 0.39998163797152064 0.74206180014754997 2.0223858393677121 0 0 0 0.44582744610057379 41 883 25 1050 95 1126 91 1043 26 1067
139 0.14289811815039111 1.9483229706888272 1.6144995868051195 72 57 10 0.73142523177529029 96 251 19 247 99 196 99 203 42 207
5226 -0.032776616541082458 1.6089808175447371 1.9232798289792268 126 93 21 0.46605690993668142 13 681 66 670 69 524 9 241
2498 0.96378000297487521 2.3090904448187639 2.0003758132166243 234 213 174 0.44594567282577258 95 1204 25 1117 16 1025 91 1103 20 1222 72 935 26 1121
141 0.95571155698302113 2.0338438950550231 2.4017667585271458 114 105 84 0.57837180061968874 31 140 19 272 99 298 51 237 38 169 29 155 90 195 98 156
5228 -0.40144821419200483 1.7865306787703601 1.9355742976600254 34 33 35 0.25794790114533855 13 946 69 546 94 661
2499 -0.38084107942516382 2.5637955054957069 1.4623707544636686 22 28 40 1.4992789973840501 62 1124 25 1157 91 1135
142 -0.51284441512114065 2.045587050571394 1.4108949927236327 85 76 61 0.16184458912534569 96 290 19 281 99 241 42 287 31 210 51 111 38 125 29 113 98 65 85 73 93 83 48 259 10 157 61 288 87 102
5229 -0.66029016829963993 2.1161802183772749 2.0210363526206589 208 147 37 0.050059659062727004 13 417 69 563 18 830
2500 -0.3990670609011549 2.6991337909905337 1.4475401836017781 6 8 11 0.51663658616238617 41 1305 25 1159 91 1173 20 1298 72 867 26 1191
143 0.36181922574873432 2.0630457828940725 2.0700678614204255 31 33 43 0.063418399297660535 96 308 19 284 51 716 90 855
5230 -0.18224150158898891 1.8902384488747945 2.2771981513675068 145 138 148 0.10899602400930136 13 721 69 579
144 0.76763778378809411 2.0635572806530349 2.3498376444543942 111 103 83 0.083853098982039603 96 316 19 287 99 305 42 224
5231 -0.092260531775007121 2.0448507076877522 2.4140399092624034 133 125 135 0.24461886600916821 13 738 69 662 9 513 94 591
2502 -0.14353581171074786 1.965696057789851 1.4732475110901639 247 204 57 0.73276709056952227 95 1283 25 1207 16 1117 91 1171 20 1314
145 -1.0171773899720056 2.1088643905143134 1.6063070869261911 55 60 75 0.11640518158480193 96 301 19 290 38 592 29 120
5232 -0.66737901764766927 1.5146232309745209 1.2038730357200613 172 1 1 0.40903292856074885 13 635 69 747 18 745 8 852 73 795
2503 -0.3409682884381029 1.5728815446018269 1.3954760909190291 60 55 62 1.6993581045709778 41 1335 95 1311 25 1225
146 -0.73399600513062957 2.0743129778661453 1.1415419931523056 95 116 155 0.074724487321135624 96 741 19 303 42 845
5233 -0.37081558234301637 1.761837471805257 1.7193396570223358 32 26 22 0.93394654526881682 13 358 69 773 9 416
147 0.34138680243169811 2.0799622827931445 1.8363873929382462 244 221 177 1.3059170624924528 31 176 19 304
5234 0.20933376930196659 1.6743249143651666 2.0143300268669204 232 167 43 0.44868670122954729 13 697 69 786 9 603
2505 -0.89248694560046926 1.6431349157793718 1.2904736704609148 255 232 73 2.2857835654434902 41 1345 25 1243 16 1160 44 1029 92 1099 84 864 39 806
148 0.63637800722777071 2.1414326121201146 2.2807440234702407 81 70 53 0.11879627842776544 96 343 19 313 99 331 42 270 64 170
5235 -0.031416398676143036 1.6651776738534729 2.0273365609308329 255 227 59 0.2785932687242843 66 1062 69 787 9 604
2506 -0.35875985134997579 1.8131048442238986 1.4354332175114506 251 214 56 0.6205095408404494 41 1340 95 1316 25 1247 16 1162
149 0.63407704917276997 2.1400014868536568 2.2767339974258136 81 70 53 0.23736139539138404 96 344 19 314 99 332 51 257 90 203 98 167 85 164 93 238 48 436 10 480 61 273 7 291 79 144 87 348 95 258 41 292 24 143 62 149 91 262
5236 -0.55912416664219522 1.9519430314315378 1.9118091346691664 255 228 61 0.98925325499473193 13 951 69 793 9 613 18 599 94 667
2507 0.42386552009411937 0.85866858916194344 1.9180380860425659 155 97 19 2.0406472110656972 25 1249 16 1165 91 1209 72 986
150 0.78008319898458456 2.1515055005655932 2.2523495802486684 237 222 185 0.26942907572370595 96 353 19 321 31 192 42 278 64 580
5237 -0.42490190500215475 2.0310606778831559 2.1274548655331325 201 140 32 0.44992177402457834 13 961 69 807 9 722 94 735
151 0.62524325198882935 2.1606256560929924 2.2536049224618151 232 216 178 0.30529941402225291 96 355 19 324 42 279 51 265 90 209 98 175 93 246 48 859 10 847 61 868 7 742 64 594 87 711 95 624 41 632 24 527 62 520 91 485 20 613 50 306 72 354
5238 -0.73823371050468989 2.186632670660416 2.0562430676200107 142 130 141 0.5322205954479402 13 964 69 811 9 628 94 681
2509 -0.89299731261621662 1.7086794624673085 1.0705425842007785 0 0 0 1.6305912784544734 48 1507 25 1022 87 1248 95 1120 20 1157
152 -0.76540166665512832 2.1462150547893701 1.2279231599239075 148 0 0 0.16275939378764007 96 334 19 336 42 356
5239 -0.60719133898969524 2.1661585370672958 2.0831088195176184 212 149 35 0.41254367497013417 13 716 69 812 9 630 18 833 94 682
153 0.66003395845154922 2.1926119792341301 2.2088758685687142 232 216 178 0.69080342273894013 96 363 19 341 99 351 42 303 51 297 90 230 98 215 85 218 93 271 48 866 61 875 7 937 48 868 64 602 87 912 10 856 95 810 41 811 24 686 62 678 20 886
5240 -1.7431676884559142 4.417954750254232 0.95594532646172892 0 0 0 1.3927650769608595 66 694 69 821 9 548
2511 -0.56165852885023715 1.8645663117438598 1.6649667387831888 37 30 29 0.016176527933535224 25 14 16 17
154 0.64871036032385265 2.2149311316340254 2.1820012463951413 125 112 87 0.12362901839091667 96 367 19 355 99 356 51 310 90 241 98 229 85 240
5241 0.51260853060109524 2.5830379778248354 2.2927700413728784 240 219 173 1.9500855545194282 13 977 69 831 9 664
2512 -0.18128459422682422 1.992116016183942 1.4264412087826048 253 211 58 0.45232332611574572 53 495 16 53 71 315 89 209
155 0.64876427766779921 2.2149887615686503 2.1852966435698709 125 112 87 0.19304535335788336 96 368 19 356 51 311 61 323
2513 -0.20237526905027567 2.7346459476910234 1.4140122301491451 39 33 38 0.080228414519726426 25 137 16 101 91 161 72 122
156 -1.3327808181718368 2.3622978826222805 2.137945478310451 144 100 78 0.55373896981006243 31 299 96 392 19 373 99 395 42 384 32 255 80 223 2 260 33 164 1 300 65 434
5243 0.39377728343917806 0.84797329836178792 2.0265257640992025 221 160 43 0.72502687122068199 13 993 69 843
2514 0.34469510930903052 1.4588897813498629 1.4225730008343529 67 70 82 0.1222118061151064 25 350 16 110 91 88
157 1.4620472411847016 2.1978315873941252 2.0569059103898 114 82 69 0.23844709359004365 31 173 96 384 19 376 99 358 51 820 38 265 29 285 90 372
5244 0.66773803023722955 0.97246701077826692 2.2607915461937855 0 0 0 0.20936390827118681 13 1006 69 866
2516 0.42439008018909341 1.0586265432954878 2.0501737025752749 184 102 14 0.15883850823600734 25 91 16 123 44 142 92 179
159 1.4407429901029187 2.2151942068367574 2.0495028594311364 39 26 22 0.43908047270588624 96 397 19 383 99 368 42 324 99 367 51 415 29 300 90 381 98 735 85 736 93 1049 79 631 49 455 67 487
5246 -0.39239547865719487 1.9456277884905044 1.9122880706512382 69 54 48 0.77976292857491236 13 953 69 886 9 781 94 788
2517 0.50574648566638736 0.99207071856523976 2.0862366049980863 148 83 13 0.43703396016532264 25 113 16 139 91 103 71 164 92 210 72 108
160 -1.2693350152598468 2.3806744613021649 2.1292420471137601 228 217 183 0.37688788338545964 96 405 19 384 99 407 42 398 51 232 61 854 64 718 53 484 82 744 6 859 36 818 78 815 54 857 43 754 60 868 89 522 71 265 34 844 78 980 12 551 21 874 44 227 92 272 27 646 76 663 45 181 65 816 88 48 1 474
5247 -0.14670077161913012 1.7156816852625452 2.1060626167029874 68 62 64 0.48838648381408617 13 955 69 889 9 612
2518 0.53950402710898337 1.7129958183497391 2.932913780100634 148 100 75 0.19086231577453497 25 232 16 252 91 248 20 231 72 215 26 321 39 165 84 207 97 239 74 211
5248 -0.97183951992823137 2.1708197422031699 1.7710326655608588 216 171 45 1.3317118795291447 13 1022 69 890 9 714
2519 0.57588639761687765 1.7583455698734183 2.8617294483837128 58 47 37 0.1494042466099503 25 243 16 256 91 251 72 218
162 -0.85085464885041384 2.2694690351245219 1.3795001435362979 53 58 73 0.18694965181368287 96 826 19 392 42 871
5249 -0.45228878958968238 1.9991484171028957 1.9788865604504244 237 178 45 0.30799322295101422 13 1027 69 891 9 717 94 731 4 1001 63 964
2520 0.59320389899062254 1.7397018166730558 2.8958304091401561 60 42 37 0.3668061442092585 25 245 16 257 91 254 82 47 36 59 78 69 54 78 34 220 12 275 92 253 27 329 76 309 20 236 50 227 26 612 84 208 39 168 97 477 74 461 86 430
163 0.50171062009088463 2.2509428063209627 1.6703800691677533 97 85 66 1.3967945959107961 96 410 19 394 42 362
5250 1.0787732061247879 2.2729081884837234 1.9894319141483607 105 70 53 0.36205120291178661 66 1072 69 900 18 806
2521 -0.22194012410115824 4.1461659268590907 4.973354060124656 108 99 80 1.2519895469419391 87 369 16 268
2522 1.162743705095209 2.2773975016306114 1.9838267554564486 64 45 41 0.71748674752127128 53 200 16 286 36 72 42 341 78 66 44 210 39 167
165 -1.241146462948739 2.4128544559425817 2.0682877487794027 227 215 181 0.089999191380609189 96 430 19 405 99 424 42 873
5252 -0.12350710219266453 2.0428735248097927 2.3953559381140228 129 116 121 0.6421176883212979 66 1080 69 915 9 796
166 -1.3339810079150389 2.4410388845955882 2.0620189444247625 228 217 182 0.26637132106472644 96 444 19 412 99 446 42 431 31 323 61 869 64 737 6 875 82 900 78 824 54 630 36 607 5 887 60 898 21 889 47 866 65 836 1 607
5253 -0.2714012003204021 1.9718002160457577 2.6345772904336546 105 68 51 1.2605223138614163 13 974 69 917 9 740 18 920
2524 -0.13896511671608355 2.1642759287142348 1.4448937373550095 98 89 25 0.90785165241644528 25 587 16 333 91 777 26 1154 20 1198
167 -1.2430974262609575 2.4337865186140588 2.057326119513196 116 114 100 0.15211971035288302 96 442 19 413 42 427 99 438 64 386
5254 0.25357989817169946 0.90906548027612044 1.9932253376057369 255 196 54 1.0876865887586156 55 899 69 929 9 762
2525 -0.17143066518754713 2.7363368852870043 1.3452524739639378 74 56 51 0.16070127941011969 25 389 16 346 91 418 72 120
168 -1.2408591073613386 2.4326835211649502 2.0501245914392077 116 114 100 0.051001225659779985 96 443 19 414 99 439 42 428
5255 -1.1216552399573394 2.1450763531752948 1.7963358024065714 0 0 0 0.70326738537766342 13 1021 69 941
2526 0.3607174066902793 1.0343312506613396 1.9591701707000562 255 234 65 0.11829975017553197 25 332 16 361 91 348
169 -1.2077851228406227 2.445126463190705 2.0190027869649874 226 214 179 0.08019511325853651 96 448 19 419 99 449 42 888
5256 -0.33718646257578239 2.0400979976927123 1.9442099358035876 152 144 149 1.0387896141338686 13 1074 69 942 9 716
2527 0.65891527568696384 1.8036409209072606 2.8232366902139856 228 213 177 0.22438519124722414 25 523 16 487 91 486 84 585
170 0.77994599417169819 2.3406155121633372 1.968897654464278 116 107 88 0.12361277038949296 96 447 19 424 99 418
5257 -0.78416669612915613 2.0985042990933298 1.9984249501462101 131 119 126 0.36321310532010498 13 1029 69 943 9 783 18 973 94 792
2528 0.71932299423302548 1.7795434085762658 2.8450725317856365 228 213 177 0.036220345786329579 25 524 16 490 91 488
171 -1.2984992661806536 2.4731795674963157 2.0048306356576173 234 221 187 0.073382453058471714 96 465 19 427 99 459 42 441
5258 -1.3867980680366254 2.4255927442887208 2.1711398724267164 214 183 142 0.20791619687553198 13 1079 69 953
2529 1.1110742318662357 2.2823705774761422 1.91609902920414 148 99 74 0.097776107907767806 25 538 16 504 91 497
172 -1.2096739036712243 2.464250765674489 2.0008489940558989 116 115 101 0.1116182496251929 96 458 19 428 99 458 42 439
5259 0.36373791712403869 1.6717780564421236 1.8477451572286478 199 135 32 1.1385955920729121 13 1100 69 975 9 775 94 720
174 -1.0105309681228196 2.4652382426602291 1.9671166481644544 123 122 111 0.18458076625538958 96 468 19 443 99 461 42 892
5261 -1.3988859447903033 2.4624485664394813 2.1437237897637704 214 183 142 0.98059450090447198 13 1103 69 982 9 829
2532 0.33706040403765214 1.0031823991773492 1.9530359774176962 255 218 59 0.010828946314495339 25 579 16 561
175 0.92590260109449907 2.3586257847313243 1.8408098831698954 27 17 14 0.53857009080148188 96 472 19 448 99 432 42 386 51 463 38 335 29 343 90 415 98 734 85 731 93 768 48 654 10 945 61 484 64 663 79 441 87 450 95 328 15 722 50 774 20 657 3 317 26 346 23 178
5262 0.60634772554554905 1.3928431146615681 1.8373149035955203 0 0 0 1.6883961866342452 13 1098 63 1044 69 989 9 837
2533 0.37917038044971213 1.0355729159615852 1.9970887867536558 254 216 59 0.21047548617698369 25 586 16 570 91 545 20 412 72 396 26 673 97 517 74 496
176 0.096725477736949367 2.3685414647410572 1.6232280591272557 6 5 7 0.067002069325784938 96 467 19 450 99 429 29 290 90 270 85 207
5263 -0.82111788353408965 2.1946262635600364 2.0497965068876201 145 135 147 1.0574949641935241 13 1146 69 1006 9 864 18 1072 94 859
2534 0.0064894994136439066 2.6235277791278904 1.5941927381390495 78 88 89 0.29550231222703865 25 640 16 573 91 443 20 517 26 266
177 -1.0714805613924703 2.4869912645712726 1.9369261251043839 134 131 121 0.13350837299907439 96 478 19 452 99 473
5264 -1.1789890625555868 2.3754840273673898 2.1525210426583228 151 103 80 2.1546697703973545 13 1157 63 1107 9 873 69 1016 4 1121 52 1070
2535 0.45703986611533326 2.3507047422698362 1.7520409819019924 43 38 32 0.88108937046786839 25 513 95 990 16 619 91 636
178 -1.0243200475089846 2.4864053968773603 1.9117352520898154 123 122 111 0.19948629291596265 19 453 42 446 38 329 29 316
179 1.0024042308508181 2.3691115371519702 1.8536571123386001 32 22 19 0.26905779240108824 96 475 19 455 42 392 48 662 61 496 7 541 24 338
5266 -0.5153397294651233 1.5452797399360327 1.4150106558694342 255 209 50 2.0391562757645034 13 1159 69 1009 94 860
2537 -0.67182274173933842 1.5331298286062693 1.3650001832882137 255 246 66 0.17639331067063069 25 746 16 673 91 502 44 636 92 690
180 1.0036500497136602 2.369748540095824 1.8547937676920399 32 22 19 0.24606692881192424 96 476 19 456 42 393 48 663 98 514 10 692 61 497 7 542
5267 0.05273474996634183 1.7220247696565603 1.9442454902219912 19 9 2 0.19181364478054008 75 356 9 54 94 330
2538 -0.57696343616056323 1.5444653327102738 1.3385173304479019 255 246 66 0.06772377112068298 25 750 16 678 91 506 72 366
181 1.0539354064384721 2.3644499404331962 1.8651839624519748 106 77 66 0.26838191834966574 96 473 19 457 99 440 42 388 51 475 29 349 90 436 98 521 85 493 93 776 10 695
5268 -0.88699779062387307 7.9065861910510291 -2.0195341817366197 78 62 60 0.98689285673774985 13 203 69 172 9 110
2539 -0.54310474537372044 1.5759760362951787 1.2835271876451546 255 244 65 0.16068400562675353 25 753 16 680 91 508 44 643 92 695
182 -1.1345596646187637 2.5082314386307196 1.9124714800646934 139 137 125 0.12966749846535258 96 493 19 464 99 485 42 904
5269 -0.88699779062387307 7.9065861910510291 -2.0195341817366197 78 62 60 0.98689285673774985 13 204 69 173 9 111
2540 -0.54156156290906876 1.574739851442996 1.2837658060099628 255 244 65 0.1288623835952897 25 754 16 681 91 509
183 0.9941754590282067 2.389077742899298 1.8513929786875587 105 76 66 0.10506051455647236 96 487 19 469 42 402
5270 -1.0494681125641623 8.0963093025987849 -1.9837543327042049 77 61 62 0.91598690804330174 13 220 69 189 9 126
2541 -0.5168986307617971 1.5243723604560548 1.3661154714956958 255 245 66 0.14512449928506999 25 755 16 683 91 510
184 0.98990452483427682 2.3832624309470369 1.8338680896266759 105 76 66 0.3666238202509563 96 488 19 470 99 454 42 403 51 481 90 441 98 522 85 492 93 775 48 666 10 957 79 444 15 724 50 466 3 591 23 188 81 162 49 169 67 193
5271 -1.0494681125641623 8.0963093025987849 -1.9837543327042049 77 61 62 0.91598690804330174 13 221 69 190 9 127
2542 -0.47994147250425051 1.5529610114846868 1.3104978858622309 255 246 65 0.029869091685709583 25 758 16 685 91 512
185 0.8776569409931988 2.3880075098656102 1.7864425423469803 35 23 19 0.27016913666931658 96 486 19 471 99 452 42 411 48 660 51 474 98 499 85 472 61 502 7 540
5272 -0.88193843219744394 1.9492943168971513 1.5894130084740399 253 182 44 0.65164924668822055 13 96 69 340 9 239
186 -1.0376102038459565 2.5180580393947354 1.8857816088495274 129 127 117 0.085352332407621426 96 502 19 477 99 493 42 907
5273 0.80665882009793421 1.1311914626304016 1.339443454058072 0 0 0 0.76888674691710879 13 904 69 744
2544 -0.1620902254623191 1.8003052020327608 1.6495398491752007 197 164 47 0.23655468313516712 25 784 16 709 71 746 89 773 44 669 92 727
187 0.8641026131719366 2.4040998714930137 1.7660276855085586 106 76 66 0.27416866180043031 96 501 19 481 99 464 42 877 31 252 51 483 38 355 29 356 90 439 98 511 85 482 48 943 10 952 93 770 15 721 50 434
5274 -0.46653948104505477 1.7201461320716511 1.7149498153297493 173 100 17 0.60165579351528597 13 351 69 516 9 408
2545 -0.37732930711510637 2.8691742444702659 1.175514310478091 0 0 0 0.71240534748241258 62 1142 16 713
188 0.76723103822031613 2.4144758026199882 1.764373768701655 108 78 66 0.080366707194462081 96 503 19 482 42 425
2546 0.64186557747954598 0.95341335847997932 2.1834922141686919 255 231 68 0.33950342664775218 25 810 16 746 91 561 72 617
189 0.81435088805434885 2.4085750191086928 1.7562322450026022 35 24 21 0.19694635187089624 96 500 19 483 99 463 42 421 51 480 90 435 48 664 61 504 7 545
5276 0.19259537298986318 1.8296026133327115 2.093917056887399 104 58 7 0.48688120726994644 13 409 69 384 9 457 94 359
2547 0.40194862880317861 2.5631539657033331 1.5684516023929052 77 64 56 0.41202801142016648 53 839 16 747 82 865 6 972 36 1023 78 905 54 935 43 824 60 964 89 766 34 880 44 685 92 739
190 0.80234389411144336 2.4261805968443118 1.7426455020340303 108 78 67 0.19331516762017464 96 508 19 492 99 472 51 489 29 357 38 361 90 442 98 739 85 740
5277 0.88410724629579462 2.5592020145775685 1.668832696399648 0 0 0 2.0274100341837928 75 643 9 467
191 0.73953804292260328 2.4475426474900446 1.7158657207213557 105 75 64 0.16634352260876961 96 517 19 499 99 486 42 891 51 496 29 362 38 366 90 447 98 517 85 743 93 528 10 946
5278 -1.3245765459481902 2.5144392967000355 1.9951317464286027 233 219 181 0.82833991160288045 13 448 9 502
193 -1.162893253458354 2.5977652006894183 1.7847643587961777 175 170 148 0.17145094135119104 96 527 19 503 99 835 42 931 29 354
5280 -0.48432373281498325 1.8852220707978908 1.9715352233639005 255 231 61 0.25748398160787228 13 1023 9 712 94 727
194 -0.2759424580316055 2.4961794708107585 1.4641710158533452 5 5 6 0.038843626001265369 96 523 19 506 99 504 51 436
195 -0.978979421158504 2.6234329605943616 1.6660426772096393 76 75 66 0.29832061014362943 96 537 19 513 99 531 42 479 61 478 64 760 82 327 6 638
196 -0.50027435348453786 2.5335106582852189 1.3515299535473995 26 35 52 0.16097119362985715 96 533 19 514 99 831 29 690 38 696
5283 -1.2910768990875099 2.4539681525607224 2.2358487103259925 0 0 0 1.1838521598367797 18 942 9 738 94 749 4 1007
197 0.16717515762161064 2.5670479318616395 1.6727250424780247 65 75 76 0.17313654056198541 96 536 19 515 99 525 42 469 51 506
5284 -0.7860576487751576 2.2000654722860751 2.4907613331179688 0 0 0 1.1504120841761649 66 1002 9 746
198 0.35853053291531667 2.5457435295295636 1.6050469118007202 86 59 45 0.31801546960909227 96 535 19 516 99 523 42 466 51 514 38 387 29 380 90 455 98 508 93 756 48 947 61 549 7 795 64 375 87 391 95 277 62 360 6 229 36 194 78 160 54 150 60 523 89 168 71 116 21 545 65 201
199 -1.0422641856461348 2.6451463604109748 1.63854628465976 80 79 69 0.57938415191900905 96 542 19 519 99 537 42 486 51 446 98 177 61 489 64 763 78 324 36 329 54 315
5286 -0.88210329660830511 1.6015835855986327 1.3476740241099974 250 213 58 0.85693996371284609 13 1142 9 857
200 -0.43466408976198101 2.5725960975594608 1.4035248290990048 30 39 57 0.038690620533802393 96 539 19 521 42 480
5287 -1.016560523328913 2.0497667632793988 1.6987763843816779 154 97 98 1.8990344989893746 55 799 13 943 9 608 13 376 69 365 94 71 4 207 52 556
201 -0.43721168511160236 2.5756387742246121 1.4096150819776416 30 39 57 0.38808488459087281 96 540 19 522 99 529 42 481 29 363 90 373 77 188
5288 -0.18990281412018473 1.9988110412283562 1.4212785039900455 252 212 54 0.054649300714955031 79 52 15 75 50 104
202 -0.7985990519956262 2.6536090049656074 1.6427324159606673 93 96 89 0.086947167734588091 96 544 19 523 99 543
5289 0.2169124927832202 1.7896061320558203 1.6222754398341634 108 88 23 0.2402445336536902 79 44 15 77 23 29 49 202
203 -0.84306675696492661 2.6289306444036926 1.5268884482712475 63 66 60 1.9215754737815047 31 364 19 525 32 317
5290 -0.50783617967850536 2.4747780456084087 1.3199150202905283 25 28 36 0.15985718873673466 79 308 15 107 3 95 23 253 81 387 49 224 67 268
204 0.038738712776633807 2.6127215829314658 1.6262900014759618 67 77 78 0.2629309304098808 96 545 19 527 42 478 61 547 64 397
5291 -0.031142998405109153 2.3430856410431815 1.4349807404010209 5 5 7 0.079816131257778061 79 320 15 120
205 -0.0033385414889740075 2.6419684373098526 1.7110710119702743 67 77 77 1.4794131535735218 96 549 19 530 99 542 98 489 85 456 48 652 10 627
5292 -0.25548555408763202 2.4385004134471822 1.5490281546900322 55 32 2 0.2115951934280767 79 336 15 125 3 115 49 248 67 445
206 0.315428351730071 2.6032755556925053 1.5646001818540671 27 20 18 0.22435937012889307 96 548 19 531 99 535 42 476 31 296 51 539 29 392 90 483 98 540 85 502 93 524 61 575
5293 0.33583954187805898 2.0837358578633434 2.0587610741852402 132 96 21 0.13605122310954287 85 123 15 142 23 76
207 -0.82554650362158233 2.6821221731942027 1.6250243227067951 100 102 92 0.054908278005726167 96 551 19 532 42 489
5294 0.28125269221335719 2.2397073053027601 1.668144514226674 38 39 50 0.077503390171623526 93 193 15 144
208 -1.0230256180006108 2.7135636287072673 1.5760253648900031 76 79 72 0.44195296053829786 96 910 19 538 99 859 31 936 42 960 38 719 98 249 48 525 61 520 7 338 64 448 24 225 82 335 78 325 32 714 77 594 56 573 46 597 80 685 2 713 58 351 68 327 33 294 1 493
5295 0.62993989599897282 1.7131089077795374 2.9423434194070839 54 29 16 0.17716071922979781 85 96 15 160 50 231
209 -0.88988910930053344 2.6931671426888695 1.5002254064157472 74 74 66 1.0032441578810232 96 556 19 540 42 497 51 494 32 332
210 -0.90841970905507285 2.7101890808875893 1.5745484097971849 74 74 66 0.22342742844575669 96 557 19 541 42 498 51 495 98 294 61 531 64 768
5297 0.35771953081301744 2.3279779492558719 1.7604884689522022 62 68 89 0.10240215076104821 79 141 15 238 49 128
211 -0.43510138120558178 2.6648396201916751 1.4564124776967105 51 63 89 0.82266790846771454 96 909 19 542 42 490 90 936 98 717 85 954 93 729 10 855 79 567 15 557 50 589 3 693
212 -0.49787209957535955 2.6831381167988422 1.4472696983664142 51 62 87 0.16978787590949304 96 917 19 550 99 858 42 499 51 848 38 901 29 888 90 740 98 716 85 711 93 727 10 511
5299 1.4217799130957514 2.2343325547103263 2.0254183943042992 109 81 71 0.21911078197104417 79 228 85 488 15 429 50 806
213 -0.87188136510612346 2.739197117268398 1.5129997159957402 77 79 71 0.013364323889071999 96 564 19 553
5300 -0.37094832592283628 1.6434031168904537 1.1969032905747943 254 235 64 0.28544975195678701 79 17 15 444 50 21 3 13
214 -0.71462319705305788 2.7287358557968804 1.5187512562784919 62 63 57 0.031932123120670092 96 562 42 503
5301 -0.68226858159089354 2.2271598496201355 1.2387246515418613 30 30 36 0.131044654650597 79 512 15 483 50 535 3 388 49 208 67 244
215 -0.70906761339770008 2.8141178342841391 1.3865111808260719 80 84 79 0.069170275859489441 96 577 19 564 42 516
5302 -0.19252560709930128 2.4175627928872561 1.5731181681639643 57 34 3 0.23894310191616755 79 340 15 536 67 446
216 -0.38596617955591184 2.8040880255383831 1.2783859812852481 108 74 54 0.39308801595969584 31 385 19 568 48 675 64 455 62 377 21 291 65 331 1 174
5303 -0.48222938176808466 2.6731304189845573 1.3470740718504306 4 4 5 0.82318142448951737 10 854 15 545 3 451
217 -0.43729971380010213 2.8244814101881466 1.2728239155325856 35 25 22 0.17688155353807797 96 586 19 570 99 591
5304 0.52708820629113995 1.6235112141150381 3.4459257919368853 158 108 83 2.6722869632062958 93 626 15 556
218 -0.22708378014232608 2.8245342098505057 1.3080548394214462 37 25 22 0.2703984753533954 96 588 19 571 99 592 51 594 29 736 90 757 98 754 85 748 79 437 32 330 77 452 56 448 15 629 50 254 3 491 23 358 81 441 49 320
219 -0.39433250902166417 2.8314141552286065 1.278621252975106 39 29 25 0.33851084410936488 96 589 19 572 42 517 31 388 64 456 82 323 6 357 36 289 78 265 54 245 5 285 60 599 21 636 47 568 65 582
5306 -0.057666364742092018 2.6315254882076187 1.5247744374015175 0 0 0 0.92558453485967485 38 896 77 431 56 209
220 -0.38133134275498504 2.8433506594147668 1.2529656313603346 35 25 22 0.5374354466773682 96 590 19 573 99 905 31 764 38 738 64 458 32 563 77 238
5307 0.39418514648901493 2.2252694819873087 2.1677245573900117 114 98 71 0.20292916185316134 79 393 15 590 50 639
221 -0.64218712190349803 2.8781392902826859 1.2812011445813334 86 90 82 0.16105327186322357 96 973 19 574 99 600 51 591 38 482 29 477 90 526 98 532 85 486
222 -0.42899435410268083 2.8591310465669353 1.2373933140903877 50 37 32 0.15901747913630079 96 592 19 575 99 598 42 519 38 483 61 649 64 459 31 767
5309 -0.23400066305145548 1.922828893571833 1.4788358685911807 254 227 58 0.38947506250582881 79 267 15 766 50 1069 3 647 49 38 67 47
224 -0.49074386876530746 2.8816085596732592 1.2138225528072726 57 41 34 0.19192072152031225 96 595 19 579 99 602 42 522 61 652 64 463 31 779
5311 0.18455489352338922 1.904797857909422 1.5993246019901728 12 10 12 0.050534748330718755 79 515 15 779 50 869 3 662
226 0.24713956765910855 0.89593748611447399 1.7396974854184353 42 45 52 0.31075289616949159 96 16 19 587 99 15 48 6 61 944
5313 0.39121626076925137 2.0138587981269835 2.0225655587204847 59 60 71 0.16690079346846901 79 528 15 800 50 906
227 0.30181000179541406 0.99690352828159479 1.7419796258479991 136 114 36 0.12072402718022184 96 607 19 595 99 619
5314 0.31521321945367192 2.0684710710894429 1.9727703615563819 123 96 22 0.37886197875282801 93 143 15 802 50 905
228 0.42321919742533648 1.0843534102802317 1.3859891043626495 128 142 176 0.082208881139537074 96 31 19 601 99 22
5315 0.30501513828969151 2.0813381756320224 2.046761836202422 96 44 4 0.28481630446294037 79 538 15 807 50 908
229 0.54351155554669661 1.0684625368365515 1.4488435407766846 144 129 39 0.070232409319494829 96 613 19 602 42 549
5316 0.36682063495658429 2.1946751973537473 2.1898471208531114 234 209 161 0.19826400753890452 79 556 15 825 50 925 3 485
230 0.5813507099476054 1.097170389200137 1.4128904324876741 141 127 46 0.17358956602228848 96 615 19 605 99 620 42 553 38 15 29 14
231 0.57855966394237612 1.0992277597811855 1.4012068284540844 141 127 46 0.058427438984826489 96 616 19 606 99 621 42 554
5318 -0.36533910991449314 2.5244211299408481 1.4709461417219833 57 64 86 0.21394974753477511 79 768 15 953 50 890 23 623 49 511 67 544
232 0.61558786876229077 1.1281642897493827 1.3634626833521699 139 124 37 0.14170090297553806 96 617 19 609 99 622 38 17 29 19
5319 -0.6678248728620555 1.5799556034837536 1.2419724211924037 250 2 0 0.63711878419766244 79 726 15 987 50 1161 18 856
233 0.615792776020332 1.1279561703031389 1.3642843629087724 139 124 37 0.12986529633243737 96 618 19 610 99 623 38 18 51 21 29 20
5320 0.14081046791879187 1.8996521716526522 1.5768124578261871 101 90 26 0.74674748924967971 79 750 15 1009 50 1082 23 530
234 0.51356360733024176 1.1426253319472381 1.3497990783843881 17 13 6 0.19739620323787543 96 619 19 611 99 624 42 557 38 504 29 757 51 894 90 764 98 761
5321 -0.5210152084394748 2.2984952336350526 1.3678786236368246 98 88 25 0.94219891610398998 79 758 15 1015 3 851 23 652 81 605
235 0.62832700032335576 1.1488783653443191 1.3399785841002601 109 85 17 0.12280343126986444 96 40 19 613 99 626 31 798 42 559
5322 -0.21125058895021412 2.1476042189619378 1.6178750258086598 8 3 1 0.40240060640056141 79 678 15 1017 50 1085 3 853 49 498 67 534
236 0.62921162848582768 1.1482141912520227 1.3452830762753765 109 85 17 0.20702592940606823 96 41 19 614 99 625 42 560 29 22 38 22
5323 -0.027042315288059011 2.4100035249163416 1.6560933541634038 86 74 19 0.12780113181036759 79 816 15 1026 3 864
237 0.63393189757665103 1.224438145076757 1.3357510497531944 139 124 42 0.17016552290956666 96 624 19 616 99 631 42 566 29 29 90 18
238 0.63121275673627497 1.2262105769986351 1.3251133994889526 139 124 42 0.075014477595913731 96 625 19 617 99 630 42 567
5325 -0.21259943158991021 2.2323830167898824 1.5906543557238755 107 74 14 0.72661707522247809 79 762 15 1061 50 1265 3 922 23 607 81 552 49 622 67 662
239 0.090454126810885965 1.2291813792104125 1.7004326319301952 26 30 44 0.16535776540678016 96 628 19 618 99 635 42 569 51 616 38 521 29 509 90 770
5326 0.035058182587832949 2.3093329428928917 1.6345820834797091 75 60 15 0.16079031411360406 79 812 15 1063
240 0.50231702880211027 1.2445757689782861 1.5025818935039288 118 95 25 1.3563613881973005 96 626 19 619 99 44 42 28 38 520 51 617 29 508 90 776
5327 0.31492467825333892 2.3897519442053312 1.759973450853298 76 61 70 0.13033338165226471 79 821 15 1071
241 0.74674709069883993 1.2507278055224957 1.3523464733655717 97 79 18 0.24344138162976175 31 421 96 629 19 620 99 633 42 570 51 618 29 507 90 553 64 822 77 11
5328 -0.13667671244900273 1.6025254577858787 1.3932828289382524 237 221 155 0.43948280629971703 10 93 3 942
242 0.08130614500394133 1.2556890553378521 1.7870634243974293 31 31 33 0.31164516829791605 96 633 19 622 99 639 51 32 38 525 29 513
5329 0.22149540010199892 2.2393233469735208 1.6216376653945359 45 50 68 0.15824513354434513 79 846 15 1095 50 1268
243 0.525498230765439 1.3568745782785068 1.5686834107698475 21 21 23 0.18867184060870665 96 997 19 624 99 642 38 770
5330 0.37103374012337942 2.2287799434944557 2.0578250439678634 91 77 61 1.2148683597673471 79 817 15 1096 50 1291
244 0.52435259763384456 1.3591813756751929 1.5678742820452458 21 21 23 0.32600523020918082 96 998 19 625 99 643 51 909 38 771 29 768 90 789 98 795 85 1007 98 1060 93 1068 48 1010 10 1287 79 649 81 323
5331 0.76147315143705319 2.449727531478743 1.7394173882893849 53 36 30 0.56695985594854237 79 849 15 1098 67 703
245 0.48181752537601347 1.4053139984918968 1.5559204884800093 22 19 17 0.1350006987464181 96 64 19 627 99 54 42 580 38 50 29 44
5332 0.65413392606463794 2.4804857883237665 1.682417819251758 37 25 22 0.83575973918464352 79 864 15 1106 23 702 81 646 49 661 67 701
246 0.19151955884939578 1.4284018997182717 1.8766480408455897 37 39 46 0.11378962162517689 96 644 19 630 99 651 31 440 42 583 38 778 29 777 64 45
5333 -0.58721563129447396 2.849750389127105 1.2389257203409469 126 130 122 1.9827762863792451 79 891 15 1125 50 1331 20 1340 72 1000 26 1223 49 685 67 728 3 992
247 -0.56180624743110519 1.5127756938742185 1.374960215103143 180 129 27 0.10382903519632886 96 68 19 631 99 60 42 589
5334 -0.59441543431970167 2.8513292607324541 1.2479422332250505 126 130 122 2.2076778593137614 79 892 15 1126 20 1341 49 686 67 729 3 993
248 -0.56180624743110519 1.5127756938742185 1.374960215103143 180 129 27 0.10382903519632886 96 69 19 632 99 61 42 590
250 -0.58997596571166422 1.5659143769324035 1.2937239361652106 182 121 23 0.07946107750066829 96 81 19 640 99 77 42 607
5337 -0.72388368430315486 3.0249698939829837 1.1202715369216716 77 77 72 0.88180197641561109 10 927 93 765 51 1079 29 1092 90 969 90 1074 98 1167 85 1205 48 1262 10 1458 64 1179 79 780 53 992 6 1016 54 1157 89 929 12 995 44 637 92 682 15 573 3 821 23 635 81 624 49 530 67 563
251 -0.58963848769559546 1.5658220286312712 1.2930652428150085 182 121 23 0.051289930106315745 96 82 19 641 99 78
5338 -0.30771590396597576 1.7791467367267861 1.2862717948447271 95 71 13 0.10806789838675944 15 39 50 62 20 55
252 -0.4323777120386863 1.5548186535364978 1.2923784612758775 173 129 28 0.084034624299712077 96 83 19 642 99 75 42 604
5339 -0.66527829741930089 2.0956500609762299 1.2284871756166509 79 55 7 0.23222279468615784 15 55 50 82 3 54
253 -0.70544050444537998 1.5846985559999962 1.2513792032641149 255 231 78 0.16765222889191422 96 86 19 644 99 84 42 1055
5340 -0.2495162928427421 1.8990953729016722 1.5103842048259943 24 25 35 0.045642673516599022 15 61 50 92
254 -0.49520859165872927 1.5760276664599284 1.2715504205801933 179 131 26 0.11072179670034861 96 89 19 645 42 609
5341 -0.67594229138302508 2.1994329838022577 1.2355433168312759 109 98 30 0.30651455881369544 15 70 79 279 50 94 20 75 3 68 15 479 67 242 49 206
255 -0.12401374794875225 1.5378104440771838 1.8321454386387097 31 35 45 0.22804626000633166 96 650 19 647 99 951 42 1041 51 925 38 783 29 781 64 67
5342 0.36128487059394726 1.8461880622082005 1.9422099246362485 3 2 2 0.19019283627567249 15 101 50 139 3 88
256 -0.80954307419114713 1.598401695043167 1.2710969629749438 177 129 28 0.097600216833832645 96 91 19 648 42 617
5343 -0.41174683623287373 2.5957047088042549 1.4524961939443612 58 68 92 0.20118479329966499 15 547 50 158 3 125 49 119 81 280 67 140
257 -0.80954307419114713 1.598401695043167 1.2710969629749438 177 129 28 0.097600216833832645 96 92 19 649 42 618
5344 0.14264037101665719 1.9149611121618118 2.7072030642228104 63 45 31 0.19975869742996366 15 131 50 177 20 502 26 549
542 -0.87589538278530743 2.0976348831393414 1.464562344123655 179 140 36 0.3437101075204122 96 1391 19 1498 99 1302 42 1572
5629 0.76316869194306336 1.7929519281396824 2.8433739060981789 232 215 174 0.23509626545513029 79 550 49 280 67 326
543 0.16911130519994971 2.0262293733040955 1.9435002758632067 90 71 20 1.8052561369819857 99 1301 51 1293 38 1130 29 1119 90 1174 98 1297 85 1252 79 860
5630 -0.18815519053289373 2.7669296068025928 1.2853145057917275 36 25 22 0.093240398805603308 23 347 49 310 67 343
544 -0.51523434706270543 2.0771431071391828 1.3751064880051731 90 73 16 0.76465868732484965 96 1392 19 1500 99 1300 42 1537 51 1235 38 975 29 1049 90 1109 98 1196 85 1156 93 1234 48 1622 10 1589
5631 0.29018456105453788 1.3027075888635851 1.3863521405145973 0 0 0 0.20582900600847054 50 1038 49 329
545 -1.1755949087690469 2.1961543884106174 2.0314315851549023 0 0 0 0.78386255332492816 96 1395 19 1501 99 1334
5632 -0.70746473488233119 1.8274902562301942 1.1249799970786953 98 65 11 0.14245371189825137 79 472 49 347 67 377
546 -0.78241881977432937 2.1090318828008403 1.2545463710432876 141 0 0 0.16793670534659505 96 1394 19 1503 99 1303 42 1538
5633 -0.29796797313664414 1.7907564405499543 1.1994741482075661 49 38 34 0.21482828401354861 79 474 49 348 67 378
547 -0.9346430427109077 2.2840749865004795 1.5845965097254999 66 74 94 0.3947749497460129 96 1430 19 1504 99 1357
5634 0.21379661301482233 1.3502817561097913 2.015291495773015 0 0 0 0.075977964259370645 3 769 49 353
548 0.34835455795488002 2.2209560280109804 1.6267260286981464 52 59 80 1.013545340981465 96 1400 19 1505 99 1257 42 1540 38 1105 29 1061 61 1368
5635 0.20706070413561231 1.8215265975519725 1.6219973898073707 79 53 7 0.13796598834305429 23 387 49 369 67 396
549 -0.58152533928051475 2.3644516501585109 1.3982991953224884 22 17 9 1.1488173871862219 96 1402 19 1506 99 1308 42 1577 99 1338 51 1295 51 1324 98 1274 85 1228 48 1538 61 1538 77 767 56 721
5636 0.35437336437731964 1.8171507186230555 1.8348944302304966 70 33 2 0.13456907626175729 23 395 49 385 67 412
550 -0.64013400763757911 2.4530144238175207 1.3892979598338753 10 9 5 0.64688409891459664 96 1404 19 1507 42 1545 64 1254 24 733
5637 0.34833472380819214 1.8148449425168811 1.8419083528660873 70 33 2 0.10193259207815868 50 562 49 386 67 413
551 -0.39660384475909199 2.6244017296793323 1.5072215299221501 50 59 80 0.82292635110733303 96 1405 19 1508 99 1343 42 1546 51 1332 38 1141 29 1151 90 1206 98 1303 85 1235 98 1281 93 1303 10 1595 79 819 77 808 15 1027 50 1210 3 866 23 625 81 618 49 587 67 619
552 -0.29520534980593294 2.8135317638435491 1.2605761492633893 47 33 28 0.52730663432821223 96 1407 19 1510 99 1314 42 1508 31 1162 51 1302 38 1114 29 1130 90 1186 98 1284 85 1238 93 1304 48 1569 61 1414 79 825 32 962 80 841
5639 0.33523443595953417 1.879626614533296 1.8628487903157163 62 29 1 0.0079843024779517862 81 352 49 390 67 418
553 0.014235242019829904 1.1350409642538357 1.7513541053722574 240 206 72 0.88409781319839309 96 1368 19 1512 99 1272 42 1553 31 1174 51 1279 38 1077 29 1098 90 1188 98 1286 85 1262 93 1053 48 1605 10 1620 61 1548 64 1331 32 937 77 610 56 678 46 699 80 795 2 808 23 668
5640 0.29778934439137744 2.0036452887794849 1.927369207924585 71 30 1 0.12203251009272485 23 416 49 408 67 435
554 0.52047188755381435 1.2731235707053292 1.5254997135415904 62 45 12 1.122528459326628 96 1409 19 1513 99 1316 42 1556 31 1177 38 1116 32 968 77 784 56 793 46 796 80 888
555 0.42518930189715054 1.2873834924324863 1.6084971256241276 147 130 55 0.30877420635656122 96 1410 19 1515 42 1519
5642 1.3867467959847772 2.233895792760543 2.0231255969926152 49 33 28 0.13396703722115108 79 630 49 454 67 486
556 1.0604179316936295 1.2742439330465869 1.5945230878825334 166 113 25 1.0082598463518333 96 1412 19 1517 31 1175 99 1318 42 1557 51 1337 38 1117 29 1133 90 1227 61 1578 32 756 77 695 56 685 46 631 23 692
5643 0.24049920296649871 1.3337483427808847 1.3403099745079301 0 0 0 1.1284147070701409 3 608 50 1165 49 458 67 569
557 1.0650348498851583 1.2685815499626343 1.6220923968585093 166 113 25 1.2942711850172708 96 1413 19 1518 99 1319 42 1558 51 1338 38 1118 29 1134 90 1228 64 1330 61 1579 23 693 67 684
5644 -0.80669813317027916 1.6558663465332026 1.0810443884772285 0 0 0 0.6727015511353629 81 519 49 460
560 -0.64421063396218559 1.8674091103294439 1.6275393479093465 65 62 69 0.52276171363169677 96 1383 19 1527 99 1293
5647 0.2364747954899114 1.910974182723318 1.609380123276642 118 94 29 0.59520983436568831 23 591 49 491 67 525
561 -0.39400233653438521 2.0329100945671184 1.3684245535718451 95 77 18 0.83045271983055746 96 1422 19 1529 42 1599 48 1621
562 -0.086330216516549707 2.0460134574676898 1.4685852594540652 8 10 15 1.2321515332532345 96 1424 19 1530 85 1251 48 1625 10 1634 61 1566 7 1356 64 1299 87 1419 24 1095 24 1138 62 1116 53 960 25 1155 16 972 91 1134 82 866 89 779 44 271 89 620 50 1288 15 1093 20 1292 3 950 26 1153
5649 -0.74888286530981496 2.9467392695627681 1.1303265330117187 145 103 79 0.61916033633530587 3 811 49 523 67 556
563 0.40475926459505962 2.0995568480269364 1.8939344112458785 148 127 93 2.0020950269032252 96 1427 19 1532 99 1304 42 1536 38 982 48 1597
5650 -0.47248653167224691 2.9439734209469135 1.2138968705670197 87 85 80 0.68667324491949033 50 917 49 532 67 632
564 -0.58965365193539321 2.1964293496173175 1.3231641833244954 67 54 42 0.31799419360372361 96 1429 19 1534 99 1335
5651 0.94181022955336224 2.3631123216371184 1.8109561318800629 38 25 21 0.23870189973494793 81 434 49 533 67 565
565 -0.1872815713000956 2.2119538692299985 1.4767626385238164 100 90 26 1.281708705519794 96 1447 19 1535 99 1356 51 1344 38 1163 29 1168 90 1222 98 1320 85 1274 93 1347 10 1613 48 1598 61 1471 7 1054 79 870 87 1034 95 906 41 936 32 1000 77 833 56 836 46 832 80 913
5652 -0.33393026247217655 1.743342999796188 1.2793227757047503 155 140 103 0.05712772377215037 79 793 49 554 67 582
566 0.43418421605535307 2.2356927451254625 1.6824031837871842 12 11 11 1.2487461012048908 96 1431 19 1536 99 1336 42 1574 51 1325 38 1132 29 1146 90 1202 64 1240
5653 -0.1335050776918689 2.0696680343248559 1.5837788220450801 84 69 18 1.1688324383664634 23 541 79 676 49 571 67 602
567 -0.5096483052401749 2.292985621869617 1.3189712085057945 100 89 24 1.7631726124030134 96 1401 19 1537 99 1358 29 1121 29 1145 38 1131 77 819 56 837
568 0.9812179774231865 2.3405822670353622 1.8975423317495448 64 44 37 0.8713044853373525 96 1432 19 1538 99 1339 42 1576 51 1330 38 1135 29 1149 90 1225 98 1325 85 1276 93 1353 48 1653 10 1641 61 1586 79 865 50 1315 23 688 81 644 49 664 67 705
5655 -0.15773905893003459 2.3764910936886032 1.5567711863891549 77 60 15 0.095932736013990105 23 616 49 584 67 613
571 -0.028133430407356448 1.8944004432754076 1.606765672664761 79 50 6 1.2492713588758018 96 1445 19 1549 99 1329 31 1225 42 1597 51 1317 38 1096 29 1116 90 1197 98 1316 85 1250 93 1319 64 1357 79 843
5658 -0.15177239914524893 2.1837258696249817 1.6610960367265697 79 59 10 1.392763941979934 23 608 79 806 49 623 67 661
572 -0.42808786698212897 1.9427742200151492 1.4034863128016264 255 220 58 1.0291407230687903 96 1446 19 1550 99 1354 48 1646
5659 0.36958816967618496 2.2189048733693268 1.6775759000660193 41 44 61 0.80682129707125905 23 656 49 628 67 667 81 557
573 -0.068201751691588319 2.7340809319643156 1.4918157720094485 35 27 25 0.83346828108853777 96 1453 19 1558 99 1346 42 1607 93 1330 48 1656 10 1618
5660 0.14037737365774586 2.0854730513688216 1.8029701243005825 8 6 7 0.67937197265721683 23 677 49 652 67 691
574 -0.43683189664569883 2.8916775678144493 1.241984965719332 59 46 40 1.1406590867351363 31 1267 19 1559 42 1609 48 1657 61 1591 7 1376 64 1369 87 1422 95 1289 41 1308 24 1145 62 1176 53 1089 25 1212 91 1174 82 1111 6 1208 36 1172 78 1162 54 1186 43 1104 60 1188 89 985 71 1029 21 1181 44 913 92 976 32 1024 47 1084 80 929 2 933 65 1076 72 910
5661 -0.3083662465772411 1.6834534293267966 1.7144800578301136 8 6 5 0.72963327040068238 79 868 49 670 67 712
575 0.49632715504521363 2.4241203668696576 1.7686124573237489 169 154 123 1.6266802766961264 96 1462 19 1564 99 1371 42 1618 38 1165 29 1170 98 1337 85 1288 32 1004 23 685
5662 -0.50204237261951834 1.5549541882488001 1.4143224253705939 193 147 38 0.83277808066448733 23 715 49 680 67 724
576 0.49886594474325102 2.4256746195648446 1.7809073487024298 169 154 123 1.6851458367178129 96 1463 19 1565 99 1372 42 1619 38 1166 29 1171 98 1338 85 1289 32 1005 90 1241
5663 -0.34721409424227045 2.560852175433844 1.3744226542474496 33 39 54 1.3681989094690519 3 986 23 719 67 727
577 0.10090029761407505 2.5126073865409011 1.714896258752348 2 3 4 0.7592005886263764 96 1464 19 1566 99 1373 31 1263 42 1620 48 1666 61 1598 32 1022
578 -0.26251500986776249 1.6098999710648503 1.2531491503229801 0 0 0 1.2714004930140064 19 1568 38 1169 77 827
5665 -0.22466872684953396 2.3965778065251615 1.5363289865552858 46 37 9 0.30988976381886002 3 859 79 764 23 615 81 560 49 583 67 612
579 -0.44314167882545386 2.5764031004213743 1.4919064143991285 51 61 85 1.1216267330334226 96 1469 19 1571 99 1382 42 1626 93 1370 48 1682 10 1654
5666 -0.17133378667233004 2.1886328857250579 1.4509138387183733 104 93 28 0.49841653972867256 15 941 3 791 49 573 79 803 23 602 81 546 67 604
580 0.34101536691152218 0.8067134717637644 1.8186958718352728 139 124 42 2.0756842830019138 96 1466 19 1573 99 1375 42 1628 38 1155 29 1163 31 1268 78 1208 6 1245 64 1392
5667 1.4975957745931505 2.2313015207334361 2.077986676440482 157 127 102 1.5939579664433698 98 1024 85 1103 48 1435 61 1178 7 1150 95 1216 41 1226 25 741 91 1020 49 538 15 886 50 1155 20 1154 3 894 72 822 26 1131 67 640 39 676 97 929 74 916 86 708
582 0.66274339399919813 1.0479768206679938 1.4612851911384201 147 132 46 0.64127875147222735 96 1472 19 1575 99 1389
5669 -0.40960831194295549 2.5593297200590741 1.4035717465574462 61 69 94 0.042168543378854333 79 118 67 126
583 -0.13671296042103856 1.2848730063134539 1.8505709143310898 0 0 0 1.193748208892518 96 1473 19 1576 51 1364 98 1341 85 1294 48 1675 61 1602 93 1363 23 711 81 667
584 0.32155584111802338 1.8331711446486072 1.8810764977939056 95 71 13 1.9722489403386612 96 1476 19 1578 99 1378 61 1617 7 1412
5671 -2.4022863711738078 1.6020472536724617 4.9808928700653663 60 64 81 1.4664742782363014 81 111 67 155
585 -1.2646625519522077 2.1831048070174255 2.0682041653066814 0 0 0 1.0093121260618949 96 1477 19 1579 99 1392 38 1177 29 1184
5672 0.30320801750224419 1.9793268318378141 1.885704066122597 112 88 22 0.12462004595508815 23 409 49 406 67 431
586 -1.2254035392209319 2.441910403057328 2.0070795070630987 180 173 148 1.2698975601174309 96 1478 19 1580 99 1394 42 1631 51 1357 38 1179 29 1185 31 1287 32 1039 90 1238 77 849 56 856 46 864 80 944 58 641 68 606 33 585
587 0.58375562455587993 2.3628321234085692 1.850317480395731 172 158 127 1.6993967143705819 96 1479 19 1581 99 1395 51 1368 29 1186 90 1255 77 839
5674 0.46207404472338243 1.6800184733474086 1.957438280267302 0 0 0 0.050304675632126039 23 528 67 600
588 -0.63049496402161309 2.5242811148172937 1.3833847815872111 3 4 10 0.48651342867414177 96 1480 19 1582 99 1396 42 1632
589 0.0033531330088898761 1.6700397920403751 1.589498318038904 172 113 53 0.92082624102237531 96 1484 19 1585 42 1636 38 1184 29 1189
5676 0.37005731099620931 1.7022634366210869 1.9937112072181358 163 152 149 0.55614930411419727 15 1094 49 621 67 657
590 0.50900983712416625 1.1794438731786441 1.3715415057208584 17 16 17 0.317339212138738 96 45 99 35 42 22
591 0.50900983712416625 1.1794438731786441 1.3715415057208584 17 16 17 0.317339212138738 96 46 99 36 42 23
5678 0.3015228527631813 2.0051745211180445 1.9202057500689638 77 36 4 0.20667051032553721 15 518 3 425 67 436 23 417 49 409
592 0.36142088486749258 1.1845831796144237 1.4431987854746948 125 105 41 0.87343542471465696 31 803 99 39 38 513 29 761
5679 0.33841144850677157 1.8793160313734874 1.8587886418182316 81 51 6 0.2954687012682341 23 400 49 389 67 417 96 690 19 739 99 695 42 160 51 684 38 583 29 572 90 606 98 840 48 834 81 351
593 0.51026852711221715 1.2379395150962811 1.512852730780109 121 97 24 0.60655659165734843 96 627 99 45 42 29
5680 -0.020009121429462907 1.7901054154684577 2.7316546071322838 254 237 64 2.5348307062865731 49 504 79 804 67 611
594 0.50870760186165109 1.2869384768173617 1.5662648841456912 118 104 44 0.46186504000321765 19 52 99 47 38 42 61 716
5681 0.23732824755796797 1.8343016040061604 2.1407766954897958 24 16 8 0.24917049498561838 9 73 18 67 94 93
595 0.46759599282419484 1.3485941070547207 1.5554321519910488 127 109 40 0.15371589733779034 19 59 99 50 42 579
5682 -0.74854301924120104 2.0584822082576846 1.8432981251687193 23 16 7 0.68209964881111151 9 278 69 116 18 85 94 346
596 0.13340651571428905 1.3747314676070641 1.902138735030986 117 86 18 0.2147928496436311 96 640 99 59 29 526
5683 -0.80797894568855066 2.0983329639394048 1.993386606711788 158 149 159 0.40946514209461737 9 82 18 115 94 98
597 -0.68323265286540324 1.5969845432143093 1.2371610184473769 227 8 1 0.12455703333843333 96 646 99 89 29 40 90 33 51 632
5684 -0.16840059951821831 1.9213983777670269 2.3049985648307536 145 137 148 0.42923261804376067 9 118 18 116
598 -0.46474911663513224 1.6065281412629342 1.2178426133271369 176 130 27 0.16477189643235024 96 101 99 95 42 66
599 -0.44054466024071492 1.6692251171829333 1.1550816288082195 94 84 24 0.15510639303285545 19 121 99 123 38 66 29 57
600 -0.44055838118150931 1.6690645177420613 1.1546789960450814 94 84 24 0.1465080342280464 19 120 99 124 51 51 38 67 29 58 90 40
5687 0.095559102570944715 1.9284145566028075 2.7213728841538027 51 35 32 0.13501885344674275 13 616 18 174
601 -0.059847393127677166 1.7332871980157041 1.7438824827665576 176 145 62 0.14564816231334834 96 154 99 147 42 98
5688 0.31540230820299325 0.855191953144535 2.0196269925778001 166 119 23 1.3109714033497359 9 372 18 207 69 475 57 290 17 381
602 0.34788121045353648 1.7897025245798504 1.8094693238946935 112 91 23 0.27976077170832592 96 679 99 164 51 665 38 570 29 558 90 823 98 605 85 585 10 181 61 168 79 283 56 88 77 343 81 342 3 663 49 380 67 409
5689 0.39913017176987525 0.9169497847307424 2.1082083284880588 170 121 25 0.21154592720367513 9 380 18 211 57 299 17 43
603 0.34814142929593778 1.7896040418068428 1.8087260388572086 112 91 23 0.204247440564574 96 680 99 165 42 117 51 666 38 571 29 559 90 824 98 606 85 586 10 182 61 169 81 343 23 392 49 381
604 -0.91881698311872506 1.9199249742886377 1.4691163599566655 121 94 22 0.08747539459545127 96 192 99 174 42 210
5691 -0.09006167325670042 1.8889048320880293 2.3326873043325431 65 60 62 0.19663031341356779 69 422 18 358 17 224 57 154
605 -0.47439467700592169 1.9599694318863894 1.5203500357797273 166 114 25 0.018200792070364187 19 238 48 193
5692 -0.14821938241533675 1.905341349844373 2.3002875728700163 62 57 61 0.25740341738078826 9 322 18 360
607 -0.39195175929686232 1.9851984618164971 1.4675089468816149 184 146 52 0.13653436010042561 96 253 99 208 42 245
608 -0.96671425283750112 2.0125370745102447 1.568865254155378 110 81 15 0.18672167352802799 31 580 99 213 38 117 32 635
5695 -0.58006451088042066 2.1374243834321138 2.0669264988035132 80 42 4 0.38498301731282997 9 308 69 408 18 397 94 385
609 0.42287897809837227 2.0145302185463949 1.8833695326053248 231 213 178 0.36950737191118177 96 293 99 266
5696 -0.77160363551847511 2.1271132094852305 2.0419686025223096 62 55 51 0.20931737666389907 9 302 69 152 18 412 94 115 57 508
610 -0.17257590037199616 2.0633097158626841 1.388461918615014 167 179 208 0.13779933496804356 96 745 99 267 38 136 29 118
5697 -0.83458682056631295 2.1489423736668143 2.0119153189121537 67 59 54 0.27419768427192892 69 150 18 418 9 92
611 1.1463917297993886 1.9697283888622348 2.4841307707125724 106 100 83 0.45458351571506206 96 282 99 270 38 163 29 145 93 724 79 416 23 321
612 0.60700646720605711 2.0740625903950582 2.3456815189767228 133 117 90 0.11910144877295466 96 315 99 310 29 154
5699 -0.077076095921938453 1.6598184341884641 2.0162190169599965 38 35 34 0.27591371205616516 9 447 69 542 18 573
613 0.70606351454957417 2.0842143538104025 2.3262882632688284 111 100 77 0.16441110385045918 19 292 99 317 29 162
5700 -0.54417297217692651 1.8934812704084747 1.8792258631125953 247 164 35 0.22507606547714701 9 452 18 594 69 549
614 0.70606351454957417 2.0842143538104025 2.3262882632688284 111 100 77 0.16441110385045918 19 293 99 318 29 163
5701 -0.1205977093778195 1.8958520375238006 2.3161428486179121 143 140 157 0.46407369377584484 69 594 18 614 9 481 94 391
615 0.74185353085057038 2.2246193058633135 2.1458729154934542 119 107 83 0.0314695744660803 96 381 99 361
5702 -0.1205977093778195 1.8958520375238006 2.3161428486179121 143 140 157 0.4640736937758449 9 482 69 595 18 615 94 392
616 -0.17556757691841771 2.2549757163794064 1.5702800920628925 82 75 20 0.13060483572238787 96 391 99 362 90 179 98 124 85 122
617 0.30746442536890517 2.2605637467124837 1.7036048384245404 36 43 61 0.35312424935040987 19 398 99 374 38 196 51 308
619 -1.3716554148557403 2.3433827186301195 2.147549910018093 160 112 87 0.46596192403517533 19 366 99 388 42 859 96 820 51 219 90 138 32 503 46 198
5706 0.44258882617412221 1.9208712138876951 2.1416129097708052 105 65 44 0.68540532271580923 69 944 18 809
620 1.065927963263305 2.2895035903107401 2.038086310498088 116 94 73 0.36030736369573219 31 585 96 423 99 394
5707 -0.38265738996575061 1.7723381496266988 1.9455987461298223 24 23 25 0.74916120410889842 9 710 18 890 57 903 17 984
621 0.79081244300547104 2.2849806956194891 1.4751291390205405 232 215 178 2.1385841494725901 96 853 99 399
5708 -0.48360140723914496 1.8943812333922601 1.9632622049686255 255 241 63 0.16043602317314953 9 711 69 887 18 895
622 1.1178730822085796 2.2921878174909045 1.9136716748853075 153 107 84 0.42763558468771645 96 852 99 400 42 849
5709 -0.6158189803173556 2.1134178026753871 2.0378978589909438 209 147 35 0.52285454472510129 69 897 18 900 37 912
623 1.0999618476252828 2.3146331752868847 1.9188377419874016 51 32 23 0.49992025402272539 19 425 99 409 42 363 51 453 90 404 98 497 48 655 61 468 7 528 95 339 41 367 24 331 62 299 53 216 82 143 6 119 64 255 36 89 78 76 54 53 43 45 60 68 89 86 71 251 21 63 65 148
5710 -0.21704679189557338 1.9892284270995697 2.7465344258407374 0 0 0 1.2868873433547154 66 1088 18 931 57 1036
624 1.0654532312793406 2.3474629905602051 1.8795487315223658 30 20 16 0.15311142422241283 19 445 99 427 42 379 48 659 10 693 61 485 7 537
625 0.92437384155489688 2.3829122279621546 1.7948118631680614 113 83 72 0.25966357892743563 19 472 99 453 51 476 38 351 29 350 90 432 98 507 85 481 93 531 10 953 79 220
626 0.75219282199534743 2.4296913836685796 1.7305597823233227 32 22 19 0.061697870889017813 19 493 99 476 42 435
5713 -0.19778578949451456 1.8824198825769409 2.2420157526625348 123 113 122 0.7462213007852686 9 786 69 945 18 971
627 0.46774473354068313 2.448457755774605 1.8404119514846653 91 83 67 0.20946766584016524 19 487 99 479 51 470 10 648
5714 -0.73652355134679448 2.2275757505848719 2.2933785411470984 105 71 52 0.60524855223673979 69 916 18 981 9 733
628 -1.2657804056134974 2.5056773632392888 1.9596553845037294 234 220 185 0.090556465696475366 31 346 99 481 42 448
5715 -1.0245310239697052 2.336738121878517 2.1364136249639589 169 150 114 0.5063804825310263 69 950 18 982 57 1085
629 -0.27603678799721493 2.4962311689575052 1.4636488658514428 6 5 6 0.02002888604297182 96 522 99 503 51 435
5716 -0.10986882360495187 2.0630905862612714 2.4590005849595498 34 29 21 1.5873891159404856 13 1106 18 1011 63 1057 4 1084 57 1109 8 1088 73 1035 37 941
630 -0.37721020148129669 2.4977293034540886 1.4098843267110002 23 31 47 0.17839038408599808 19 508 99 506 42 471 38 341 90 306 51 424 98 212 85 191 93 184 10 424 79 329 15 118 23 271 81 401 49 238 67 279
5717 -0.87466813916164865 1.5025543694353334 1.2331731390314844 0 0 0 2.6729406775734907 18 1018 69 927
631 -0.37650103325239354 2.4965608449514121 1.4048751062752736 23 31 47 0.16199803830377993 19 509 99 507 51 425 38 342 29 677 90 307 98 213 77 168
5718 0.47329971307305002 1.5551004120380272 1.901467544836263 0 0 0 0.087957705154938337 90 1234 18 1038
632 0.37652754883032785 2.5054714297824434 1.6764111728452573 94 76 67 1.1954865735687847 96 525 99 510 42 906 99 1057 38 376 56 413
5719 -0.24864794742495536 2.1655906829152194 2.3371207060825987 14 13 14 0.4799586239800262 69 991 18 1046 8 1122 73 1064 37 974
633 -0.96441213814902194 2.6059960586223787 1.6953300271085685 128 125 114 0.19216171894859727 96 890 99 527 51 826 29 706 90 310
5720 -0.6558620025669083 2.2366673350630562 2.1981809856268129 20 18 17 1.8619864562025243 9 861 69 1005 18 1060 94 850 57 1160 17 1228 8 1131 73 1071 37 995
635 -0.55980191041976801 2.6116504004197711 1.3575029856569014 24 32 49 0.24902171445106858 19 533 99 539 51 482 38 708 90 735 98 296 85 250 79 112 23 291 81 265 49 98 67 125
636 -0.5387080488190602 2.6266453615434271 1.3708452659336028 57 65 87 0.27918506405090365 96 552 99 545 51 490 38 388 29 376 90 399 98 332 23 108 81 107
5723 -0.49652536407487807 2.1160090708044716 2.6128378758676716 0 0 0 0.09492388559199938 18 933 94 756
637 -0.7571516154514103 2.7733059951691841 1.817020170165331 60 62 54 1.5104189077268941 96 561 99 561 42 492
5724 -0.63133027170176548 2.0341084668951641 2.5970533747916016 0 0 0 3.2227268859158031 75 694 18 934
638 -0.64692299546314092 2.7925427535711593 1.4148689948329007 67 72 67 0.21402404458808869 19 947 99 579 42 984 51 560 29 435 90 479
5725 -0.95117419119330071 1.8573074660897688 1.5960188539170796 81 63 62 0.53028015910832094 9 37 69 74 94 47
639 -0.30325910816495821 2.7828166486867691 1.2546163107355977 74 51 41 0.095012009093594085 96 582 99 583 29 446
5726 -0.52075853127321226 1.7951158025776861 1.9084927223919865 78 60 61 0.41744485749212545 9 263 69 106 94 69
640 -0.44743288414090338 2.8477855620410648 1.2583639308262018 106 72 54 0.45345665579552585 96 591 99 597 42 518 64 781
5727 -0.56577675863279064 1.8867899532901391 1.8535272727153196 159 127 110 0.28444423430237653 9 264 69 107 94 73
641 -0.50967272500878791 2.8726001799220349 1.2425317939694189 116 79 57 0.21860810800850797 19 578 99 601 42 521 64 461 6 379 36 310 54 273
5728 -0.89439542055365417 2.1059066829583712 1.949761999648953 85 66 62 0.22469371408902958 9 77 94 96 69 133 18 363
643 -0.77907529790850505 2.9777611913001207 1.1712608073604369 121 121 111 0.53142455011799061 31 1085 99 605 42 1015
5730 -0.77647230229899 2.124804112930339 2.0097709616294139 145 140 152 0.31285282687563903 9 86 69 142 94 105
644 -0.72914598971911571 2.9961572320908134 1.0968816190316357 53 36 29 0.23738710699798526 19 584 99 607 38 754 29 489
5731 -0.98915339523754053 2.2255179798769058 1.9223070986612332 119 106 110 0.72524880498778788 9 298 13 146 69 137 94 108
646 0.58410209357222476 1.2589655499354964 1.412325940826312 119 107 37 0.12831083027816731 19 48 99 634 51 30 38 37
5733 -0.95896789484697675 2.2515171045747544 1.9883104787931223 80 64 61 0.59702774302383066 9 103 69 159 94 126
647 0.61740194736075604 1.2897955126499552 1.360274851542655 127 115 41 0.22229813063400275 96 631 99 636 42 574 51 621 29 33 38 39 90 24
5734 -0.77138571818457791 2.1960117570112616 2.0736738786543278 82 64 59 0.4685099896782205 9 115 69 179 94 134
648 0.61764420411071508 1.2876003283959601 1.365563479047184 127 115 41 0.12301968913621014 96 632 99 637 51 620 90 23
5735 -0.77138571818457791 2.1960117570112616 2.0736738786543278 82 64 59 0.4685099896782205 9 116 69 180 94 135
649 -0.09029567239882022 1.544420999280099 1.8651202290378845 127 86 15 0.17141913190091698 96 112 99 661 38 553
5736 -0.89251231998914815 2.289953317053893 2.0545657743117314 81 63 61 0.086383163045497577 18 141 94 146 57 248
650 0.39447843479476918 1.6190791264613116 1.5499427469010743 30 36 51 0.10824503094840804 96 659 99 665 51 934 38 790 29 784 90 808 77 58 56 67
5737 -0.83390167317328456 2.2771247936027623 2.081041924268789 78 61 60 0.65739796680513951 9 130 69 196 94 149
651 -0.43744616019016469 1.9297038651436056 1.5830309088261356 255 216 58 0.10727650396426647 96 693 99 692 38 108
5738 -0.83390167317328456 2.2771247936027623 2.081041924268789 78 61 60 0.65739796680513951 9 131 69 197 94 150
653 0.1608314365309578 1.9297736396177361 1.5941919975330778 102 92 28 0.53099957780239726 19 1049 99 700 42 1079 51 966 90 837 93 877 10 1056 79 286 15 496 23 224 81 203 67 246
5740 0.33514562145101695 0.89329925081877848 2.013365659708064 253 192 57 1.3046323322452824 9 192 94 255 69 18
654 0.15994828667674485 1.9312823837529245 1.5908583098226512 102 92 28 0.52317543861950255 19 1050 31 520 99 701 42 1080 51 967 90 838 61 1128 64 911 32 426 80 61 2 86
5741 0.41736358034382071 0.96770969587020739 2.1044517952417938 255 195 57 1.7191692097586178 9 195 69 308 94 259
655 0.017631295384841303 2.0038500241231287 1.5229379363852105 70 51 8 0.54057479270620823 96 277 99 716 42 798
5742 -0.57328266699731689 1.5322600610211208 1.6483354152478438 69 50 49 0.89121163850159357 9 211 69 316 94 275
657 0.86879573509709274 2.1045415784626407 2.2997476383582769 112 103 83 0.24563343612476432 31 534 96 763 99 739 51 747 38 630 29 620 90 652 98 681 85 867 93 938 10 1195
5744 -0.34846264150077216 1.7597374397602472 1.3969511570933582 142 75 12 1.7493577979956125 9 213 69 314 94 286
658 0.74538532792959444 2.1468221833275543 2.2585835510308612 114 105 82 0.099116192594933025 96 776 99 748 42 816 51 756 90 657
5745 -0.51276340115887564 1.6162738414985256 1.6370806288999395 165 85 13 0.70338484727723238 13 332 69 497 94 289 9 219
659 -0.57328141573802649 2.2049226213107103 1.3851902053960425 56 50 50 0.42388993229849009 96 794 99 749 77 116
5746 -0.32146691319330689 1.8380232214239474 1.3859814029086046 160 87 14 0.13451571584991939 69 322 94 295
660 0.68943793286456856 2.1663932953891272 2.2430540711694529 110 102 81 0.53880385425482602 96 786 99 758 42 281 19 326 51 761 38 636 29 633 90 663 85 681 61 289 87 370 81 289
5747 -0.91898261506052903 1.8455047044031656 1.5940882469815894 189 185 199 0.53659251744347525 9 228 69 335 94 305
661 -1.3096576700933236 2.280785012805945 2.2004846688392417 27 0 0 0.63494218226020738 31 1041 99 778 77 569 46 436
5748 0.26646604257995343 1.8351712058393677 2.1444433650306904 161 152 159 0.062675131904853201 13 418 94 364 4 549
663 -1.3073273564203165 2.3236425250258694 2.1764073841720681 155 108 84 0.43203997869255095 31 656 96 371 99 790 42 854 61 840 19 847 64 977 32 497
5750 -1.0144958945480094 2.2410042153192862 1.9294440167278399 9 6 6 0.47397902296543504 9 299 13 415 94 382
664 1.4901824220510131 2.266548762341273 2.0629042221028615 89 89 83 0.55349500102406712 96 1076 99 794 51 1037 38 867 29 862 90 929 85 995 79 723 23 636 81 573 56 643 49 604 93 1272 67 641
5751 -0.30717632238038345 1.9976815027595243 2.2600995942101263 30 27 28 0.031808440336530672 13 179 94 397
665 0.34182250567482109 2.4183922226895991 1.8152780634240493 3 4 4 0.26019922040885352 96 865 99 814 42 882 48 913 90 732 7 458
5752 -0.024380443238515036 1.9412586356499628 2.3854346468761838 76 59 52 0.35409221947144864 9 342 69 219 94 413
666 -0.80265223622320159 2.4288972941064206 1.2357530190879678 93 108 141 0.25885701166060232 96 1105 99 816 42 1226
5753 -0.05585527904670199 1.9791031652446414 2.3893664075496082 151 142 152 0.46416320440991604 9 346 69 644 94 416
668 0.15503688907124427 2.5500572513633344 1.675684010474227 3 4 5 0.62152197974021361 19 901 96 1124 99 833 42 920 51 501 98 474 64 723
5755 -0.38045231435045856 1.7811900294201795 1.3953260989211138 247 181 47 1.5753880736936878 9 393 94 504 69 496
669 -0.85672581606041565 2.627226598738341 1.6430090946008051 105 106 96 0.065707605371681382 96 895 99 840 29 712 38 711
5756 -0.077869967141365071 1.659103401676044 2.0183529236231084 37 36 37 0.30031727212462928 9 448 13 691 69 543 94 537
670 -0.60017146490422912 2.6921064689378054 1.2643580806681962 71 73 69 1.4654350082383478 96 923 99 870 42 974 51 1063 29 390 85 1081 48 1560
5757 -0.91228967992114895 1.9866325031600911 1.7000636826420115 254 195 54 0.40320245583045683 9 446 69 540 94 539
672 -0.77556651793403464 2.8849937572332198 1.2890734372085599 124 128 120 0.094496261641230761 19 983 96 972 99 913 42 1008 51 867
673 -0.72784601335904964 2.886860918370548 1.2689044910863154 127 129 121 0.13516320194679723 96 977 99 916 42 1275 19 1225 64 1048 36 833
674 -0.54999788268111249 2.902014655794952 1.1862917575664822 59 40 32 0.24731173436381043 96 598 99 920 51 598 38 494 29 486
5761 -0.0074924014527625107 1.1783602110391982 1.8310902011574604 255 200 55 0.79768672210991121 9 676 69 854 94 618
688 0.5276813941262728 2.4567021905389548 1.8122142079625068 214 199 166 0.40345199423292616 96 1111 99 1044 51 1050 48 1427 19 1348 10 1452 93 1183 87 1322 95 1025 41 1213 25 864 91 1092 20 1088 26 985
697 0.18379404962326407 2.6422961664299507 1.5848565652006439 30 22 21 1.5599291578595977 96 1142 99 1079 42 1239 38 721 29 894 56 418 77 432
698 -0.34060370988694971 2.7191509115422772 1.4754536032201615 3 5 8 0.068048497315858172 96 1148 99 1090 48 1241
711 0.28322197094983004 2.2911825247622954 1.687343193328813 55 62 84 0.30075052490969972 96 1254 99 1163 51 1243 10 1540
714 0.4205264452579478 2.5113175422655072 1.5998832616999636 54 37 30 0.36400814020278693 96 1348 99 1181 90 942 51 846
723 -0.18003753816110907 1.4024361866060211 1.8825640020844838 0 0 0 0.68472446339817605 19 1409 99 1232 51 1209 38 1024 29 944 98 1179
735 -1.0025354759861105 1.6887397849425618 1.2532111985621686 0 0 0 2.2468597813035882 96 1458 99 1353 42 1565 51 1312 38 1121 29 1031 29 1155
742 -0.01288754316710617 1.7830212659170688 1.6876011024617616 136 97 19 0.28441191856518638 19 161 42 122 64 147
746 -0.13215290035392546 1.8586067309155443 1.584314979954013 146 104 25 0.24559179971208547 31 100 42 170 61 203 64 228 24 131 62 156 53 231
757 -1.115158576536684 2.5225608044419894 1.8958556962677882 85 83 73 0.38548961952073463 19 474 42 453 64 408
776 -0.13616488644592109 1.9326864713939005 1.452867422824589 72 43 4 0.81831900994889217 19 233 42 773 48 250
785 0.12354738934420642 2.6056504691940829 1.625867625888231 60 68 66 0.19581188236790606 31 671 96 543 42 937
786 -0.56380245161306397 2.7095306985734031 1.2751311074213667 2 3 4 1.8000225279419064 19 559 31 374 42 973
799 -0.84907661165929971 2.6522049230360407 1.6311794738379135 66 70 64 0.11280607069048751 31 923 42 1241 32 696 80 663 2 696
807 -0.0089792512408842506 2.6828807490028268 1.4981765811020169 84 93 94 0.28762312909489618 19 1381 42 1395 93 1037 48 1460 10 1451 61 1404 42 1247 7 1152 87 904 24 949 62 961 53 851 82 877 6 990 36 761 6 815 78 738 60 779 89 624 71 610 44 513 92 546
828 0.3439319507462219 0.72624349151613898 1.8409728807246968 244 213 68 0.49126972393355328 19 0 42 0 51 0 64 466
832 0.63765413101383406 1.8486245373257395 2.7341894728337803 236 220 183 0.23571174411991699 96 207 51 136
849 -0.66170994400537819 2.8858383423174629 1.2779865831979347 94 98 90 0.2074521146728871 96 594 51 593 38 487 29 479 90 529 98 538 93 434
857 -0.69950116401645701 1.628741322618686 1.2116759191854949 185 142 56 0.39910747656905138 19 1421 51 912 90 790
867 -0.60703481252487068 1.4856264830103971 1.1785864477754902 0 0 0 1.2150832858167662 31 1107 51 1095
871 1.1838180953297512 1.8539750526964682 2.6401102695370069 0 0 0 1.0042418276027107 42 1459 51 1155 29 987 90 1038
872 1.0420009446030438 2.3107489827834518 1.9398789138853667 38 22 18 0.50647444188506086 99 1167 51 1172 38 868 29 859 90 915 85 1102 93 1195 48 1559 10 1559 79 625 77 152 56 141 15 983 50 1141
887 -0.74624899259301425 1.5684323021507591 1.2236599096249754 240 210 73 0.99411962294600886 51 1309 90 1191 98 1250 85 1211 93 1282 93 1312 32 971 19 1544
906 1.5955413045525952 1.9440143812164239 3.6175271314773951 128 118 96 2.5092561730522243 99 294 38 184 29 202
911 0.18415307182825838 2.3554942346854908 1.6812420328087643 24 30 44 0.12978173429179571 51 389 38 287 29 291 90 272 98 237 23 292 81 261
962 0.90757150305879175 2.4200210865119249 1.7721437015090999 36 25 22 0.53761762598929286 51 1257 38 1054 29 1076
965 0.092179355109711009 2.7945681733672791 1.553429324317481 0 0 0 1.537398882564653 96 1359 38 1066 15 1033 77 748
966 -0.53527697229944382 2.921319897535406 1.2023036283757433 61 42 33 0.18367702866299321 51 1271 38 1068 29 1087 90 1149 98 1161 85 1115
1072 -0.4367508689133861 2.0383897763344172 1.4397856623623775 46 25 2 0.39172393160915614 38 971 51 1230 29 978 90 1108 98 1195 85 1155 93 1299
2551 0.76173974742078276 1.8118056045681858 2.8132149613646558 235 219 180 0.13166218233236265 25 881 16 822 91 905
2552 0.75621910438357121 1.7209961910435454 2.9390059712976777 238 221 181 0.50088167643265669 25 871 16 823 91 900 44 798 92 884 84 709 72 736 39 627 91 672 97 803 74 789
2553 0.81891500974536369 1.7003843524342557 2.966908557934087 233 219 181 0.17925696378983574 25 891 16 846 72 758 84 718 39 674
2554 1.0191424494708741 2.4249011758895094 1.8082859308698955 0 0 0 1.0470692998702786 41 1219 62 953 16 880
2555 1.1000598160749568 2.0301261857070187 2.3988060249941041 238 221 181 0.19964816569131469 95 1052 16 915 41 1067
2556 1.2283273169240334 1.9389221098645373 2.0055302652920886 237 220 179 1.6682680107983623 95 1098 16 921
2557 1.3522326176525561 2.2309172084796698 1.978597403195022 147 99 74 0.55456583510074575 62 940 16 937 71 835 92 813 40 905 28 861 30 850 75 1008 66 989 22 881 11 863 63 986 13 973 4 1017 57 870 84 767 18 799 72 894 52 981 39 723 70 933
2558 1.4648007679478543 2.2967995779333594 2.0260126933019471 0 0 0 1.9229454327396018 95 1114 16 939 20 1304 41 1126 72 895 74 823
2559 -0.845026820417348 1.5508688368574246 1.3717151739369462 255 244 71 0.050083400169834216 25 1024 16 941
2561 -0.52538641368659122 2.8626942401451405 1.2921918611448249 64 49 48 0.26423628501339119 53 986 16 964 82 1016 6 1111 36 1062 78 1066 54 1101 60 1103 89 800 71 880 21 1104 44 658 65 1001 72 610
2562 0.26639424572301701 0.85754061718758201 1.7539765770051929 154 164 188 0.068733485437217259 25 1041 16 970 91 751
2563 0.398768195368287 1.081671741409002 1.8812916222576359 255 242 72 0.32306028448411506 25 1069 16 989 91 1050
2566 0.68465828458981715 1.6262689392159939 3.0317435731680669 158 105 79 0.38708991579466823 25 1105 16 1017 91 1094 72 887 39 724
2568 0.84634718594212865 2.336513836094301 1.9338109743077136 227 207 165 0.3751347101218474 25 1111 16 1021 91 1098
2569 -0.25647734746817724 1.8783689108793855 1.4391761249750508 255 228 59 0.15059262127223794 25 1139 16 1048 91 1126
2570 -0.20937071316668462 1.8034507274531635 1.6061553910576098 22 19 14 0.05748070149319278 25 1141 16 1057
2571 0.3565969959977206 0.74841394769236247 1.8049557572654742 254 252 78 1.0405748010503675 25 1140 16 1065 91 1121 72 840 26 913
2572 0.46518585627869252 0.82440147624190996 2.0688592955861496 255 254 78 0.59051402411655185 25 1156 16 1081 91 1132 26 1069
2573 0.7914315404964487 2.4240181075160736 1.7338971560040151 90 61 49 0.81847599573454777 24 1105 16 1093
2574 1.0607871650107781 2.2802296542735898 1.7617347621290986 92 64 52 1.1684773535436412 41 1314 91 1186
2575 1.0283594252329877 1.8036235007973918 2.7864058327479597 243 223 180 0.11476499654020542 87 1313 16 1098
2576 1.0928757812917749 1.8848430825223768 2.6931051287843131 244 224 180 0.10911775626234448 25 1180 16 1099 91 1150
2577 0.46741751439726875 1.0789550023441987 1.4183723840114753 198 210 235 0.25404657476558484 25 1210 16 1126 92 1056 44 986
2578 0.70017016702373469 1.0724809186463842 1.280667867683825 254 242 76 0.60970579181081841 25 1163 16 1129
2579 0.60574069282705145 0.91912739350084716 2.164714775333203 255 245 68 0.27597576017609188 25 1232 16 1148 91 1198 72 969
2581 -0.76895976935895871 1.7293221478842677 1.1247744323468585 255 216 52 1.015473236811324 25 1254 16 1168 91 1217 72 997
2582 -0.77984294967418699 1.7285640217841463 1.1269677325998819 255 216 52 1.5459553344104768 25 1253 16 1169 91 1216 44 1028 92 1098 45 1177 20 1332 72 996 26 1210
2584 -0.68673473305533306 2.9235106074786925 1.2396333577257213 124 115 98 0.6253142713478913 25 1257 16 1172 91 1221 72 1001
2585 -0.41111258704879539 2.8406333343024834 1.2508866924299191 113 79 61 0.29929646663214177 42 1267 61 1216 7 960 16 64 64 1039 24 592 62 771 24 764 53 697 82 760 6 861 71 301 21 850 65 586
2586 -0.62263674728905161 2.8952267456693677 1.2303824572593152 113 111 99 0.54705137977158103 24 1048 62 1071 16 536 96 1162 19 1229 99 1099 42 1417 31 1082 96 1302 51 1078 48 1252 93 739 10 898 61 1415 64 1178 82 1020 6 1115 36 980 78 972 54 1023 5 1026 43 892 60 1026 89 808 71 727 21 1017 44 487 32 734 31 958 47 802 65 812
2587 0.95467314619377308 2.3687916497250963 1.8387895521686373 96 69 59 0.52090446046680139 24 752 62 757 24 572 62 573 96 474 19 875 42 863 51 471 90 425 98 502 85 476 93 771 48 938 10 954 61 915 61 1187 7 794 87 951 41 843 7 954 25 735 16 661 91 717 15 386 20 970 72 552 39 262 97 468 74 449
2588 1.3318232308134763 2.1739522396660576 2.1633621379571415 231 217 180 0.38243409569337727 96 808 19 1085 99 770 42 1110 48 1401 10 1481 7 1130 24 926 62 913 16 936 87 1237 95 1109 41 1125 25 1020
2589 -0.30632381743405496 1.7709433529320542 1.2459953946747644 179 179 195 0.1834072529686841 25 26 91 18 72 14
2590 -0.33576067381790026 2.7224149936270843 1.4760739970088923 2 3 4 0.082325911947436547 87 676 91 134
2593 0.72951700904832739 2.1998080893714373 1.6069041562418662 147 93 65 1.41115852704722 25 267 91 256
2594 0.63628469120777986 1.7879745959572959 2.8299170752683938 102 93 72 0.038463103692692693 16 269 91 259 20 244
2595 0.90872844496201954 2.0700338976891817 2.3516693890291722 236 217 176 0.015553039088612334 25 277 91 280
2596 1.0908449970443337 1.8541466643054625 2.3272936652506693 228 214 176 0.83276918523940169 41 327 91 285
2597 1.1804962830593815 2.2584411194280909 2.0479642953198223 111 74 59 0.138497471049951 87 461 91 293 20 367
2598 -0.35370261013666948 1.7222421211007899 1.2304165799734774 96 89 32 0.30924679982712572 53 494 91 305 26 440
2599 -0.28049605622624474 2.1444238480984574 1.3602531579792145 225 183 48 0.20569382483099705 25 322 91 340 72 64
2600 0.59712457844758016 0.99149927437102736 2.0991278745904007 254 218 55 0.28895099236537009 16 589 25 617 91 401
2601 -0.15585253085015685 2.3434774205400499 1.6311224014990424 4 4 4 0.50526144096046011 41 543 95 534 91 402
2602 -0.80164122100077151 2.9603689258515899 1.146062027886781 0 0 0 0.26924370471453363 10 893 91 542
2603 0.59797725227098797 1.8235912025352012 2.8076122605323359 230 216 179 0.38408820497021867 25 686 91 655 20 590 26 802 39 566
2604 0.58926555713316864 1.8235061424325543 2.8584788610652461 125 117 102 0.054846391072076735 25 516 91 656
2605 0.94166701492173699 2.3482726350586547 1.9788848176640403 106 72 57 0.59997877552850787 41 657 95 645 91 722
2606 0.82393681940656838 1.060266233019022 1.9978716610238272 255 228 64 0.040057258672636147 41 930 91 805 95 897
2607 0.3336100164039279 1.8460048010283623 2.7628402939920598 52 32 23 0.31560472591616956 10 1057 91 819 20 797 26 726 26 977
2609 0.42331606287706441 1.761751040301569 2.8310562202122371 149 95 67 0.48753329793137062 10 1049 91 828 50 911 20 1074 3 460 15 135 72 642 26 981 39 535 84 651 97 891 74 880 86 662
2610 0.63988627211258609 1.8494818974012472 2.7544451156788727 237 220 179 0.037225689919125629 16 792 91 866
2611 0.90962615169921912 2.340651774947649 1.9213184307207962 106 72 56 0.67171009199326015 16 849 91 956 72 711
2612 -0.75684010354086773 1.7736142064028109 1.0402648003215056 254 229 73 0.050786068663397681 25 1029 91 1025 72 582
2613 0.30271112557942309 0.72646791264855315 1.8067593745027073 0 0 0 0.72624590281321877 25 1135 91 1035 72 903
2614 0.82385139119004291 0.97064327515040061 2.1485465399093426 0 0 0 1.2320672164613693 41 923 91 1082 95 888
2618 -0.66109284342665253 1.4868876756898903 1.5857778858428411 0 0 0 1.2715875542162138 25 1223 91 1193 72 967
2619 0.81860817460548807 1.143825676225108 1.981423981021377 109 74 61 0.71485788527476224 41 1342 95 1318 91 1208
2620 0.61586228457941239 0.97040099806780211 2.1763665459588686 155 107 28 1.3799084885120925 25 1260 91 1222 72 1005
2621 -0.54119981924086646 1.5462044816564549 1.5605198593445238 255 235 62 0.99253561840650062 25 1244 16 1170 91 1202 87 1440 95 1306
2622 0.97053045251097925 2.0772346764532386 2.3457543242765433 232 216 177 0.66620764122346965 7 1041 87 1151 95 1032 41 1050 25 967 16 884 91 965 87 924 41 822 72 754 39 590
2623 0.6114180875359807 1.7640135291343926 2.872843875924723 234 219 182 0.81682242270193561 51 683 90 617 98 633 85 610 93 637 48 1047 10 1061 79 92 91 1093 25 1104 16 1015 15 558 50 916 20 1214 3 193 72 885 26 1115 39 718 97 925 74 912 86 664
2624 0.4824166537344094 1.089462596122927 1.3936529491303364 187 197 223 0.40354710133276211 61 40 82 43 36 359
2625 1.4313306311664948 2.2137234710709701 2.0376789860164219 47 32 28 0.094781343439710564 53 169 82 58 6 55
2626 0.28690778912630627 1.8017942256402315 2.8006140345474431 23 13 10 0.15991282806168844 53 39 82 93 6 98 36 100 78 105
2627 0.28937184473441618 1.8022619652018876 2.8011186698180675 23 13 10 0.24045438161665317 53 40 82 94 36 101 78 106 54 111 5 144 43 151 89 422 34 251 12 535 92 454 27 609 76 623 47 106
2628 0.23759087116193864 1.8418534841384844 2.776223476220339 109 80 68 0.14782948546388919 53 45 82 111 36 105 78 114 54 118 12 533
2629 0.33828558172972512 1.6023005239317976 1.9973652477700825 36 40 51 0.21763695010425946 53 423 82 116 89 434
2630 1.1050734640697122 2.2868360885294523 1.9190104619440358 150 102 77 0.18273010144439741 53 212 82 135 6 112 36 82 54 43 71 255
2631 1.0603896373443364 2.3457899261961415 1.8824614115126441 35 26 25 0.089764392831894871 53 228 82 151 6 130 36 95 78 87
2632 1.0603896373443364 2.3457899261961415 1.8824614115126441 35 26 25 0.089764392831894871 53 229 82 152 6 131 36 96 78 88
2633 -0.1244599065218327 1.9478612430321198 2.6582317537178684 49 31 27 0.4512826503897861 53 71 82 170 6 176 36 149 78 459 54 487 5 508 43 192 89 146 71 81 34 285 12 298 44 109 92 129 27 409 76 406 57 540 17 616 47 521 8 556 73 506 37 450
2634 0.87352138604460927 2.3863135350161735 1.7866106717635339 37 27 28 0.21016606441999888 53 248 82 176 6 156 78 104 54 87 5 96 60 122
2635 -0.44323409104528738 2.1111534293096512 1.2682965638289838 126 86 30 0.12631467697997351 64 363 82 275 6 286 36 241 78 216
2636 -0.80504280204353007 1.7740218665013525 1.061960105605134 90 72 14 0.47378998194890609 53 297 82 295 36 566 78 234 54 225
2637 -1.1255855183020937 2.4927708378289362 1.9620528780294317 150 145 129 0.26687543273463743 64 741 82 318 6 368 36 598 78 587 54 619 5 633 43 315 60 625 34 321 21 666 47 644 65 410
2639 0.21919634210099218 1.819953574486457 2.7923062844510369 50 33 28 0.15628164416976353 53 374 82 404 6 450 36 449 78 417 54 452 5 444 43 423 60 450 89 428 21 76 47 119
2640 0.28203118588294818 1.551903940662992 2.0230234876844189 238 221 183 0.66912406533002289 53 753 82 410 6 426
2642 -0.33255656744439155 2.0130431257686938 2.534337115960474 23 11 8 0.51924061405879729 53 425 82 462 6 515 36 494 78 484 54 515 5 218 43 222 89 170 71 58 34 300 12 296 47 220 65 512
2645 -0.33848541920086439 2.0416405220223539 2.5171892907637248 133 90 68 0.15726132082288746 53 428 82 467 6 520 89 466 71 314 44 299 92 335
2646 -0.65173102795694293 2.1443191115847888 2.3811074371417376 103 71 58 0.26731588522158656 53 451 82 487 36 538 78 531 54 564 5 568 43 488 89 489 71 291 34 558 12 546 44 278 92 309 88 358 28 140
2647 0.337991356601612 2.5880624400480521 1.5756880346241284 57 44 43 0.21061119661602962 53 510 82 489 6 557 78 162 54 162 5 182 43 164 60 214
2648 -0.86623582588032633 2.1789476683509483 2.3518845499486751 105 73 60 0.19431044997958111 53 159 82 498 6 581 36 555 78 555 54 577 5 590 43 502 60 580 21 594 65 563
2649 -0.68475099683699736 1.6175357691522616 1.2229095458088126 205 132 40 0.23665941476306332 61 92 82 505 6 562 36 537 78 505 54 535 5 197
2651 -0.95729045720177097 2.251983573727196 2.2386032029642338 106 73 60 0.036383298054861103 53 198 82 509 6 591
2653 0.51847878016143512 1.0391287936905478 1.5298338815371633 140 126 38 0.36048753331239974 53 555 82 590 36 622
2654 0.63710666181445841 1.1540361179549434 1.3476767016916023 120 104 30 0.51420831486225749 53 582 82 597 6 658 36 623 78 603 54 635 43 531 60 641 5 896 34 571 21 696
2655 0.71058028024173536 2.4164069393148369 1.8226151605745049 64 41 33 0.2405462769352659 53 666 82 668 36 701 78 679 71 669
2656 0.63131326352699679 2.4632488967780786 1.7641730793193611 138 92 68 0.29700887540934118 53 671 82 681 89 593 71 663
2657 -0.72554683371401751 1.6339646356508684 1.2151801525723973 184 144 49 0.36975312785559844 53 675 64 625 82 729 36 763 6 563 78 513 54 792 5 524 89 651 71 276 12 621 45 2 100 0 83 320
2658 -0.73374793095175539 1.6495604525215253 1.183384178962761 254 222 70 0.27716323060149761 64 637 82 730 6 798 36 764 78 740 54 796 5 780 43 722 60 511 89 519 71 275 12 423 21 501 44 0 92 1 47 460
2659 -0.41278159269659437 2.1252583904763838 1.2653187273330391 251 209 64 0.22689221117409866 53 845 82 732 6 808 36 765 78 516 60 550 89 641 71 572 21 786
2660 1.0610026838396134 1.2848787446948524 1.6131147363601934 255 232 71 0.32814230914358489 62 837 82 785
2661 0.5394121247805137 1.0472704230454459 1.4613040281080587 149 133 44 0.44575397968325386 53 750 82 790 36 857 78 832 5 894 43 780 60 910 89 704 71 802
2662 0.31200593665371523 0.96021178883176184 1.6563719739001135 20 27 39 0.73861572483886984 53 727 64 1057 82 791 6 912 36 862 78 847 54 879 5 909 43 794 60 644 89 709 71 783 34 883 12 876 21 697 31 793 44 695 92 752 47 671 46 511
2664 0.3673441374247986 1.5611351525392227 1.9965799579461043 239 220 178 1.74575516801794 53 755 82 811 36 881
2665 -0.065402043512247515 1.8813311258995251 2.716017866444179 112 78 65 0.57352661038351416 53 739 82 830 36 908 78 899 54 936 43 849 89 749 92 767 39 504
2666 -0.18691718466576465 1.9353188555639729 2.6710338538592433 111 76 63 0.63046903261044263 53 744 82 838 6 758 36 915 54 947 43 860 89 755 71 751 44 861
2667 -0.01732720243943648 1.545719729125048 1.6801514860182996 185 161 54 0.2842477851901683 53 772 82 839 36 899 78 885 54 914 5 701 43 830 89 866 12 889 71 895
2668 0.48206668397861752 2.3236964954424555 1.7118938646349591 213 198 163 1.3439016569991398 53 827 82 851 6 762 36 708 44 544
2669 0.24839984362314965 2.6247952158543844 1.5573497838895292 42 35 37 0.42586306259993978 64 1251 82 872 6 981 36 928 78 920 54 766 78 713 5 765 43 841 60 761 34 633
2671 -0.031993927304686261 2.711893046108504 1.3913525182918975 42 36 39 0.48033151319509643 53 856 82 882 6 995 36 953 78 1048 54 975 5 988 43 859 60 976 89 883 21 982 92 719
2672 -0.50883089160950368 2.9041584828393336 1.1951418028218508 127 87 67 0.73559803388135103 53 990 82 905 6 1113 24 955 36 1065 78 1069 54 1013 5 1018 43 1004 60 1021 89 801 34 1026 12 854 21 1012 62 596 65 798
2673 -0.68221775711194477 2.9185952691912189 1.2013921915307806 157 152 133 0.43342756043133496 53 864 82 907 6 1013 36 985 78 975 54 1032 5 1032 43 730 60 1030 89 658 71 563 21 1020 44 483 16 531 92 265 47 812 65 817
2674 0.22442001427697153 1.6079127221491323 1.9427844536294969 130 86 17 0.62850842056282474 53 895 82 941 6 1036 71 903 89 856
2676 -0.82439960661606648 1.6288560897934916 1.2300485748810774 255 235 73 0.43735026737305932 64 1230 82 994 6 1079 36 1049 5 1099 43 1009 89 921 53 956 71 846 34 957 12 900
2677 -0.3458054413396569 2.8129533725365876 1.2524538097330991 109 77 62 0.40266911784378667 53 985 82 1009 6 1104 36 1057 78 1061 54 1005 43 991 60 1095 89 796 34 907 12 577 92 518
2678 -0.52749769825223514 2.8233106443725595 1.3462853502409571 104 113 111 0.75023887476140338 64 1322 82 1014 6 1172 36 1061 78 961 60 1154 21 1150 65 1077 1 774 33 531
2679 -0.91177168762587957 2.9138825426192834 1.4550131703665707 127 129 118 0.78225324005360775 61 1490 82 1022
2680 -1.0363590290725846 2.1931432046382167 2.3567738069254798 0 0 0 0.91925073665261381 53 1017 82 1059 6 1089 16 1042 54 1104 84 748
2682 -0.98427355654156801 2.8304924426969027 1.4226345009720716 0 0 0 1.8729096984615103 53 1052 82 1079 43 1070 78 1167
2683 0.44828966529119796 2.4535639382030308 1.7550804617446396 199 186 155 0.24050402563405193 64 1361 82 1094
2685 -0.22516676804999128 2.3871341869258456 1.4464668438741035 22 28 39 1.3913964018349665 82 1127 71 1045 89 1033
2686 -1.2881877755281652 2.2421870597924434 2.2998419053858572 0 0 0 1.5529402304319682 82 1145 36 1217 78 1206 54 1230 5 1234 43 1153 60 1237 89 1059 71 1064 34 1226 43 1157 44 1021
2687 1.0960794668849083 2.2975815671957909 1.9660787774838595 44 28 24 0.13655880829111983 42 348 6 113 36 87 78 71 54 50
2688 0.18969973142629437 1.815498064469186 2.8056629859493007 156 137 131 0.24413358781349581 82 109 6 116 78 420 54 453 43 428 89 432 53 370 71 342
2690 0.99884923313978513 2.3678156718266772 1.8569328210990608 40 29 25 0.10395515648274053 82 155 6 140 36 103 54 72
2691 0.99884923313978513 2.3678156718266772 1.8569328210990608 40 29 25 0.10395515648274053 82 156 6 141 36 104 54 73
2692 0.8704000112756981 2.3832652159602912 1.784666340651313 41 29 27 0.13282728998000004 82 175 6 155 78 103 54 86 5 95 60 121
2693 0.75380532745805839 2.4395433147760994 1.7905294386296859 102 71 59 0.33274703202333694 53 254 82 195 6 181
2694 0.43093527185224367 2.1940839441094546 1.6549585604205539 3 2 4 0.40574700179535861 82 463 6 187 21 491
2695 0.44408600915893048 2.214249758438485 1.6738738983426007 3 2 4 0.17347113939643949 82 464 6 188
2696 -0.72618709773099666 1.6072449279146479 1.2574495185447758 180 140 36 0.31964388456257886 64 215 6 243 36 234 78 201 5 522 21 490 31 44
2698 -0.74113693778861844 1.6654970160874465 1.169278023232676 162 126 34 0.31145872371512101 82 516 6 261 54 210
2700 -0.88401517055063839 2.2008818630342342 2.341026860304436 43 28 24 0.2646978845327459 53 165 6 291 78 557 54 580 5 594 43 292 60 583
2701 -0.50541848347369733 2.1351765485670002 1.2418687982449721 98 75 21 0.066643482808290661 82 283 6 297 36 252 78 227 60 237
2702 -0.94607781859778406 2.2353716617733772 2.2696109913467168 43 28 23 0.1401482016281024 82 265 6 305 36 266 78 257 54 276 5 599 43 297 34 324 12 301 27 437 76 437 47 625
2703 -0.82072328153452156 2.105533719277628 1.4911205607306848 131 101 24 0.41827725182770548 64 360 6 319 78 249 5 572 60 576 21 225 47 549
2704 -1.2872490002239869 2.3117080209859084 2.1820194773243298 68 45 35 0.074241548341963712 82 298 6 349 5 639
2705 -0.49382864768286422 2.8808410457908971 1.213417512107164 62 47 42 0.19897422880441923 82 331 6 380 36 311 78 285 54 271 5 307 60 337 21 657 65 600
2706 -0.49307275316661298 2.8826147453191551 1.2148024510822986 62 47 42 0.17782596367149042 82 332 6 381 36 312 78 286 54 272 5 308 60 338 21 658
2707 1.3208735669659279 2.2478562606542725 2.0659865060988083 224 205 167 0.10249007240961232 82 392 6 428 36 386 78 357 54 351
2708 1.0973567416769001 2.2781145959473816 2.0359551556130762 225 208 170 0.12501676047372434 82 418 6 449 36 417
2709 1.0345156972540606 2.3556454907523778 1.8530912875339465 105 74 62 0.1827621048941053 82 646 6 464 36 680 78 394 54 696 5 404
2710 0.92152078814632721 2.3525863699599032 1.9664051996904583 223 203 163 0.18071545656821658 82 437 6 469 36 448 78 404
2711 0.96586926752528579 2.3751248823913849 1.8501489665522886 104 73 61 0.22065954089472803 62 758 6 474 36 444 78 96
2712 0.54145498984183915 2.2367978652629588 1.7831413951834023 220 204 170 1.3116813201859721 82 669 6 488 71 653
2713 0.28803246745491212 2.0554735016066692 1.6322566730753567 15 14 13 0.08812011432085351 64 1129 6 497
2714 -0.33715254232745584 2.0130982709601493 2.5378377254551827 25 12 7 0.11425256860494276 53 424 6 514 65 511
2715 0.44596016970978192 2.5223505831981434 1.6765084474763161 117 77 59 0.16738376717516437 82 701 6 536 36 488
2716 -0.13436099101729931 2.080738811696111 1.4059462813843451 14 14 12 0.12984673412790321 82 492 6 548 92 44
2717 -0.61823463063487405 2.071373865998333 2.443069077528226 107 74 61 0.18369558244037074 82 476 6 559 36 526 78 515 54 554 5 565 43 484 71 26 89 484 44 60 92 82
2718 -0.27871550057126859 2.3259098526687652 1.438284334920463 15 14 10 1.9857141769628657 82 268 6 579 36 239
2719 -1.0261633961298722 2.2825770072094276 2.2269917647380306 104 73 61 0.16903967111880283 82 513 6 596 36 577 43 512 89 502 71 274 44 242 92 286
2720 -0.58083549219227215 2.7058888236562697 1.3129581978664722 9 11 15 0.1665074146352474 82 546 6 632 21 640
2721 0.46814446708133223 1.0003809178868908 1.6176771019603848 116 97 26 0.31355569747089906 82 588 6 653 36 621 78 608
2723 0.28608996276492998 1.6582024385285337 1.8365569383663223 150 113 28 0.19156904284731269 82 823 6 719 36 682 78 662 54 704 5 687 89 743 71 775
2724 0.84983322266403338 2.3983029587532099 1.7578909054253791 106 74 62 0.22103909815162978 82 661 6 752 36 696 78 676 54 707 5 415 60 449
2725 -0.70607281861110871 1.592582609803542 1.2602532861685058 254 228 75 0.5040035672282317 82 723 6 786 36 756 78 724 54 538 78 504 5 518 43 717 60 733 89 246 34 770 12 626 21 481 31 466 27 541 76 744 45 316 47 446
2727 -0.29171227014576667 2.086238380073409 1.3181708664492555 255 214 67 0.16422573399016557 82 722 6 797 36 752 78 501 60 530 21 541
2729 -1.2672692957690377 2.5039424213658514 1.9551602117516591 224 212 178 0.13402341830588804 64 745 6 880 78 823 54 628 36 609 5 885 60 900 21 681 47 863
2730 -1.2322361897922369 2.5392259171969251 1.9051400907248917 207 197 165 0.24302545855131177 64 1005 6 885 36 610 54 627 21 894
2731 -0.93145232000954281 2.6985957474244131 1.5890310029055874 114 116 107 0.1434966160469362 64 1023 6 886 36 602 82 548 78 811 54 616 5 625 60 870 43 508 21 888 65 818
2732 -1.1668270276660611 2.6032610387998152 1.8010625797679256 168 162 142 0.23991100974522978 64 754 6 889 78 821 54 625 78 594
2733 0.57296983926746636 1.075696569033934 1.4076714451908605 154 133 41 0.49851841191270246 64 1061 6 910 36 855 78 834 54 865 71 806
2735 0.32610620291933984 1.6288670722102858 1.9094216768885772 134 95 20 0.31364602124180935 82 939 6 928 36 1002 78 1005 54 1052
2736 0.013906371850311357 1.5743837781040344 1.6241444237872973 200 173 56 0.045338011492681421 82 842 6 942
2737 0.083178182442736837 1.6386333096283672 1.5227926647767711 205 177 58 0.42971087976617744 82 847 6 947 36 903 78 881 60 683
2738 0.90127164035582941 2.3664290058130053 1.9167499159958112 106 73 62 0.059738345791077806 53 925 6 948 36 893
2739 0.46691165087577052 2.5220722195044805 1.5855455094662834 79 57 52 0.45078158303670018 82 858 6 967 36 920 78 902 60 962 89 761 44 691
2740 -1.316436341256056 2.344869403915808 2.2076880477606724 150 101 77 1.2760848082539054 82 892 6 1003 36 978 78 981 5 1127 43 916 60 1029 76 1118 45 887 100 912
2741 -1.1779322879118863 2.5007988251336117 1.9492515405473163 108 110 100 0.53709748830294879 64 1160 82 1010 6 1010 36 1067 78 1079 54 1115 5 1045 43 1028 60 1111 34 1089 12 1038 21 1013 27 1208 76 1190 45 1011 47 984 65 938 100 894 28 843 57 955 17 1023 8 826 73 771 37 699
2743 0.024297475011015965 1.6786530299811713 1.8627862395186596 58 55 64 0.76232586634889543 64 1203 6 1042 36 905 78 1018 54 1062
2744 0.65227493115499191 2.4582932066013923 1.6695522235086817 101 71 59 0.58312098490290554 82 957 6 1046 78 1019 89 859 71 917 16 1091
2745 -0.31487483087474777 1.9570937956411827 2.6011573603769524 159 109 86 0.36236515775683398 53 886 82 849 6 1047 36 1022 78 910 54 956 5 976 43 977 89 868 71 888 44 945 92 935 84 809
2746 -0.67372960826104333 1.5325230677296164 1.3657196554135909 255 235 75 0.42327636704062388 6 1059 36 1039 78 1039 54 1081 82 973 5 1086 43 995 34 1050 12 911
2747 -0.7344390580597705 1.55428974572861 1.3376346380628981 255 234 73 0.43554997311906918 82 979 6 1065 36 1041 78 1044 54 1085 5 1089 43 999 89 914 71 853 34 1052 12 912 27 1014 76 1036 45 839
2748 -0.73572090657124467 1.5521557042148053 1.3361525443859434 255 234 73 0.24018613912120235 82 980 6 1066
2749 -0.93616389681614265 2.1879570288226105 2.3389031615765243 152 102 76 0.93187784395392748 82 981 6 1085 36 1054 78 1059 54 1100 5 1112 43 1019 60 990 89 978 71 1024 34 1154 44 977 92 990 45 1100 65 763
2750 0.10088621716985324 1.5119074524078522 1.9220372981457534 120 94 40 0.43229639614660176 82 1038 6 1132 36 1006 78 871 54 1055
2751 0.3794496320102777 2.0514745131130101 1.6879244693619857 220 202 162 1.8312929816132215 64 1373 82 1042 6 1141
2753 0.83962159209660314 1.0456497415668415 2.0096488793961926 204 136 26 0.98318296820602047 64 1327 6 1176 78 1128 54 1198 36 1181
2754 -0.82721831655798361 1.7218371341616474 1.09686172346663 255 233 75 0.40906686652444424 82 1104 6 1199 36 1165 78 1155 54 1182 43 1105 60 1140 53 1042
2755 0.30950982002738914 1.1592649525812593 1.7535374132034354 148 129 44 1.1437503574245633 64 1348 6 1212 78 1132
2756 -0.61169127911774601 1.7109115843943732 1.1624477128385511 255 228 71 0.47462039959151503 82 1140 6 1238 36 1206
2757 -0.3761839229570354 2.7753167110814942 1.3583071383355236 28 22 22 0.56293331214434339 61 614 64 452 6 614 87 684 95 588 41 597 24 762 53 695 16 69 82 537 36 789 78 561 60 591 89 643 71 580 21 625 44 244
2758 0.3992916340372662 1.0095831560063351 1.5172414875049094 197 209 237 0.2289673835249591 6 8 36 15 78 14 54 340
2760 1.3678355034355001 2.2157496401449737 2.0418976368662269 99 65 53 0.17017929727386913 82 73 36 44 54 12
2761 0.57034569946300517 1.7660476788126922 2.8626147039764307 67 60 49 0.19879039591624972 64 48 36 62 54 82 60 57
2762 0.60697484255209622 1.7665697634979747 2.2356568490119217 138 119 89 1.5133367489438518 82 84 36 67
2763 0.4634589500800812 1.7229765122219272 2.9009183962043368 156 110 88 0.22696431962125405 82 53 36 71 54 88
2764 0.2117194541981077 1.3999945160229561 1.3777227787403079 117 83 18 0.25942815892473914 6 73 36 86 5 17
2765 1.0926281221533589 2.2952638733843655 1.9634306180118011 46 31 28 0.065453725697529969 6 114 36 88 78 72 54 51
2766 1.0364982249631449 2.3241698931109651 1.906351736412945 103 71 60 0.18097492009757263 6 129 36 94 43 49
2767 0.86999986623533254 2.3726117045728596 1.9396770649100934 216 197 157 0.063956680902974961 6 148 36 109
2768 0.80410800899773993 2.4008360151543506 1.7555926641277739 44 31 28 0.14427749053297736 6 171 36 117 78 113 54 94 5 109 21 95
2769 0.10875439822359943 1.8872127875380034 2.7344605390093601 42 33 27 0.31829830619516064 82 141 36 118 78 128 54 136 5 170 43 174 60 157 89 118 34 264 12 288 92 164 27 383 76 382 47 158
2770 0.69775401350868138 2.5089429747596292 1.825565771676001 51 32 27 1.5087786744138332 6 195 36 136 78 129 43 112 60 174
2771 0.78568305354961543 2.6028580275996638 1.9283566229499254 51 32 27 1.6213570000304545 6 196 36 137 78 130 21 144
2772 -0.12137721852924113 1.9582025338808604 2.6329159486487832 227 212 176 0.21135405487517947 82 172 36 151 78 152 54 172 5 509 43 445 71 80 12 293 27 406 76 400 45 536 84 175
2773 -0.31276194823271386 1.7189213517549389 1.9082368271827428 235 192 62 0.070225899292751873 53 138 36 181 89 193
2774 0.40227127685654013 2.5354236660559226 1.6444246089440153 98 67 54 0.24237535499049678 24 346 36 190 78 155 71 121 44 100
2775 -0.21132321846438554 2.0584040788091573 1.3853928305921093 167 179 210 0.077016313417875445 53 268 82 248 36 210 89 216
2776 -0.55456129975265767 1.60213586543967 1.2501011298063121 160 125 38 0.020020583560770241 6 217 36 211 78 172
2777 0.13244666014208795 2.656070775525051 1.5140078992644119 35 27 30 0.28570000685793179 6 268 36 218 78 191 54 185 43 186 60 556 21 573 65 534
2778 -0.53407181004950199 2.4128733145779395 1.517117713829623 255 233 75 2.7177483480378744 61 465 36 263
2779 -0.94452050466269266 2.2366676384608648 2.27187368266204 45 30 26 0.091404074181749909 6 306 36 267 78 258 5 600 60 296 47 626
2780 -0.89776424890755624 2.0576363712089076 1.5382839644619988 109 83 18 0.4673535625990175 6 595 36 275 78 256
2781 -0.35072106562640354 2.7938460702041663 1.3214651613466899 20 16 18 0.13092588077852732 82 316 36 277 54 237
2783 -1.0887731310318705 2.3649161386304089 2.1571538104917374 213 200 164 0.12503824969449789 6 333 36 296 5 350 60 340
2784 -0.45064107554030586 2.8450216870185794 1.2638518212151277 108 76 60 0.28742976838685547 6 369 36 297 78 276 5 296 60 324 89 245 71 36 21 312 44 22
2785 -0.43282541055097268 2.8585632282114859 1.2397140672159694 50 41 41 0.16411419061685817 6 370 36 298 54 256 5 293 60 323 21 649 47 252 65 352
2786 -0.43119396584098257 2.861707060362797 1.2419366973426564 50 41 41 0.14021546926916895 6 371 36 299 54 257 5 294
2787 -1.0293816885726079 2.4568590171526976 2.005082130345992 76 80 74 0.22653973246720741 6 618 36 307 78 582 54 611 5 622 60 611 21 648
2788 -1.1624996586963845 2.3600983837121285 2.1638065253113066 101 101 93 0.23945617290656773 6 338 36 308 78 307 5 361 60 614 21 644 31 286 47 345 65 621
2789 -1.0261251921659493 2.5855490081585315 1.7801063517944125 127 125 114 0.16648574083280673 82 325 36 323 78 589 54 309 5 632
2790 -1.1202112105407898 2.5306276786489152 1.8970099948618564 85 90 87 0.10090938960973773 6 375 36 325 78 322
2791 -1.083920483727927 2.5618791285602409 1.8446597960898088 81 86 84 0.09124406158034766 6 377 36 326 78 320
2792 -0.52740336116486397 3.3023302007044921 1.4634338453206044 168 157 132 2.0596179857488028 82 336 36 327
2793 -0.7400324114377439 2.978983109723623 1.1151109332937068 77 57 50 0.25572202633779012 6 645 36 340 54 304 5 621 60 897 47 818
2795 0.7459122881545085 1.6099150407477953 3.0665044351724431 185 151 136 0.28204598391274138 6 407 36 363 78 632 54 676 60 410
2798 0.53954348695097809 1.7385398059257915 2.8920663689323369 121 94 84 0.28657523126979167 82 367 36 403 54 418 60 56
2799 -0.0099216856200089812 1.1682145206329697 1.7028381863599491 241 206 67 0.19103014865639184 6 411 36 411 78 60 54 64
2800 1.0127170300956221 2.2863185620180286 1.9498133739628394 98 64 49 0.37429708086272351 82 642 36 430 78 387 6 123 60 75
2801 0.24312262564825354 1.7622068818639003 2.8096966998077137 152 105 81 0.26326899333535764 6 443 36 439 54 448 5 145 60 114 21 66
2802 0.28515714465661041 1.8232384091160783 2.7802435120836595 106 76 66 0.18517289057383399 53 375 36 440 43 421 5 146 89 424 34 512 12 532 92 445 76 360 27 368 88 449
2803 0.84939364987426735 2.3650098025680921 1.929688078774044 218 199 160 0.13804237041878073 82 446 36 458 78 411
2804 -0.15439532516785848 1.4725432658515614 1.8671185401076602 242 206 76 0.45906915673701715 82 445 36 465 43 679 71 70
2805 0.77299417213778499 2.4072310008312954 1.7673788418264895 106 73 61 0.30691225006405759 6 489 36 467 78 419 54 436 43 391 60 463 21 500 65 162
2806 0.39472814542617812 2.5382842818971882 1.5811638068496148 88 64 55 0.19410205647216391 6 546 36 492 78 463 54 468 5 172 60 512 21 162 65 197
2807 0.33771860799254499 2.5897092066376031 1.5723408910046293 56 44 43 0.037650074074148387 53 511 36 506
2808 -0.55350685975411462 1.6893106215871168 1.1233681075159212 160 130 39 0.10845252134754337 6 561 36 535 78 497
2809 -0.3430910406917837 2.1186446445713658 1.2738221734048829 1 1 4 0.9083645296636027 6 574 36 540 71 42 21 544 44 26
2810 -0.76369827302979221 1.6460666611902859 1.2087502136782708 254 226 69 0.17994832647017472 64 634 36 547 78 519 54 546 5 533 43 487 60 513 34 502 12 135 47 83
2811 8.7580546709538094 25.567697334938867 22.936993294543061 157 131 41 3.2633164379009996 53 184 36 556
2812 -0.95735845389181862 1.6372575901786555 1.2605278602126515 255 234 72 0.17394179680866673 6 583 36 564 78 547 54 571 5 561 34 541
2813 -0.80463792915180798 1.7768972838935406 1.0624323352289071 93 76 18 0.31706637162659146 6 820 82 296 36 567 78 235 54 226
2814 -0.99493445449202278 1.9749840045369114 1.6218587472986885 254 234 70 0.14671496888429539 6 827 36 575 78 766 54 827 60 795
2815 -1.0944655631365818 2.4223643618705104 2.0600251348371348 121 119 107 0.10750633930650004 6 620 36 591 78 584 54 614 43 313 21 856
2816 -1.0737733734579193 2.4361767245410388 2.0383883071997602 178 169 143 0.20380035436215715 6 347 36 592 78 306 54 303 5 354 60 354 21 313
2817 -1.0926949124203738 2.4582295178742157 1.9923782725828345 170 163 141 0.27882238801976206 6 625 36 594 78 586 54 617 5 631 43 519 60 618 21 654 47 842
2818 -0.86980397117275665 2.6777126999142622 1.6166534111323692 107 110 102 0.11963893607646116 6 872 36 597 78 801 54 608
2819 -1.2352820873667547 2.4502583849584694 2.0390567815082901 225 212 177 0.1283679525187269 6 635 36 601 78 590 54 623 5 642 34 329
2820 -1.301511958490597 2.4699777413911614 2.0059667785206567 225 213 179 0.21947447524559899 6 878 36 608 64 740 78 825 54 629 5 886 60 899 47 864 65 837 1 608
2821 -1.1998371255932656 2.5679350700419246 1.8482668279031376 199 190 161 0.18468232830516815 6 887 36 611 78 593 54 626 21 896 47 856
2823 0.40820166904335536 0.93089937557725866 1.6764596499733344 150 133 39 0.2260677934170956 82 584 36 617 78 601
2824 0.39567590047485185 0.93083744981283378 1.7187423204390613 122 102 27 0.35389832295425599 82 583 36 619 43 552
2825 0.23836421312523629 0.92137358312993645 1.7033948849863643 110 122 154 0.4069114905177087 6 397 36 624 78 616 21 2
2826 0.6104255875474901 1.2129120244509697 1.3639343216507629 117 103 31 0.1857214572538454 6 659 36 625 78 615 54 638
2827 0.37502619107539287 1.5282141398407156 1.3769644004998096 237 218 177 0.51669687349390203 6 427 36 674
2828 -0.018215318836517939 1.4391802971811394 1.9576079228888452 235 218 180 1.0871983451019229 82 640 36 686 78 673
2829 0.20389613896476716 1.6630718498818271 1.9043305575027258 145 111 28 0.38576178280011819 6 723 36 687 78 670 54 906
2830 0.78912489295894139 2.4209615369566908 1.7337750911669387 102 71 60 0.32756672230764466 6 492 82 667 36 699 54 711 5 420 21 103
2831 0.73064930285242713 2.4428919793775661 1.7054140986592419 101 70 58 0.22266689410037696 6 498 36 703 78 427 54 716 5 427
2832 0.08836957316304693 1.7930177006297596 1.7032428097618286 154 124 41 0.25973687082811897 6 750 36 705 78 680
2833 -0.38434354407524735 2.0282690839906881 2.5135277461735255 32 18 13 0.44724703970502971 6 770 36 732 78 716 54 524 5 554 60 760
2834 -0.65114889317581259 1.5216402150371076 1.3923677417936353 254 229 71 0.11114554955061322 6 773 36 744 78 715
2835 -0.54951402129518723 1.6198861547422383 1.2336574863171152 254 227 70 0.0064991243195794846 6 777 36 746
2837 -0.79660720392615547 1.7044262247300039 1.127331940498441 255 228 71 0.10284190786850871 6 807 36 775 78 753 54 806 5 784
2839 -0.75650494426006631 2.2143415687851582 1.2574310023666695 143 118 39 0.19636623546602625 6 998 82 749 36 795 78 957 5 1004
2840 -0.73327263817116073 2.2358325116577307 1.22047268098716 142 125 43 0.23629594493572345 82 897 36 796 54 822
2841 -0.87512525029364008 2.6616143682091051 1.6394473839163852 62 65 60 0.31564989000721944 6 871 36 815 78 796 54 840 5 618
2843 -1.0337874820127568 2.0742527905273533 0.91904449049554893 120 123 115 1.7255745219593974 36 829 54 609
2844 0.31523982051160648 0.83292966556754511 1.8520116943507761 164 137 39 0.36857394208690675 6 900 36 848 78 836 54 874 34 644 27 702
2845 0.31175603898101584 0.82953691855273948 1.8461842150023973 164 137 39 0.35959936335895143 6 901 36 849 78 837 54 875 5 903
2846 0.46764975832575628 0.98174648126383124 1.5635125146307942 149 132 38 0.27537779309026789 6 906 36 853 78 835 54 869
2847 0.58548484560797376 1.1188109657476217 1.38852921992872 112 100 30 0.12048738059250988 6 915 36 860 78 840 54 866 5 648
2848 0.58548484560797376 1.1188109657476217 1.38852921992872 112 100 30 0.12048738059250988 6 916 36 861 78 841 54 867 5 649
2850 0.49513275732173812 1.1457030368530581 1.3893564363811732 32 36 43 0.48364069436132207 6 1027 36 866 78 994
2851 0.46756565485892021 1.1246653414745724 1.3600287358381011 32 36 43 0.52862248979676274 6 1028 36 867 78 995 5 905 21 701 65 677
2852 0.2163787319340722 1.7154003116013734 1.6201244431659629 153 118 30 0.48305011965007544 6 943 36 895 78 876 54 907
2853 -0.014437471512478074 1.5489641974586394 1.6832937500199106 181 159 54 0.24353571843749308 6 940 36 900 78 886 54 915 43 831 5 702
2854 0.064237352489715682 1.8521670857133123 2.7801424969062016 113 79 66 0.27027414675823302 82 819 36 901 54 929 43 843 71 761 89 853 92 951
2855 0.05422331667089679 1.6133318588405616 1.5788803697331979 204 175 57 0.59862311819012093 6 944 36 902 78 879 54 910 60 682
2856 0.0016952886315736299 1.8769362324206476 2.7620481164280259 114 80 68 0.34905961548362696 82 824 36 906 78 894 54 933 43 845 71 897
2857 -0.28052483145813761 1.9951384874656597 2.5476063598621019 152 103 78 0.73338221687048755 82 954 36 921 78 911 54 957 5 973 43 868 89 762 71 890 34 977 12 973 44 681 92 743 27 1200 76 1180 45 905 45 1037 47 938 28 753 88 734
2858 -0.49863379592088192 1.6232007934765194 1.2245581670940233 255 232 73 0.61726120786223693 6 968 36 930 78 915 54 954 5 755 43 873 60 721 34 917 12 871 27 976 76 995
2859 -0.49890671630963573 1.6244418740359476 1.2262853517673888 255 232 73 0.53161746375677976 6 969 36 931 78 916 54 955 43 874 34 918 12 872 27 977 76 996
2860 -0.66983182421868326 1.5384376512075519 1.3511276974588786 255 233 73 0.11666394063832473 6 971 36 933 78 925 54 967
2861 -0.57947018997239985 2.0808617483071128 2.4254079526041985 37 19 12 0.29972537263324611 82 859 36 934 78 937 54 986 5 995 43 882 89 778 71 571 89 617 92 315 44 285
2862 -0.56807719152412073 1.6339443906972591 1.1868000532613285 255 229 72 0.21305646649790608 6 973 36 935 78 924 54 964 5 761
2863 0.095776654065517497 2.6767937100537744 1.4472336599819091 44 37 40 0.86492028018569878 6 987 36 940 78 930 54 962 5 974 43 847 60 969 89 781 34 639 21 1079 92 726
2864 -0.70136855230155182 1.5855833961321448 1.2749700319981427 255 228 70 0.49021567101133173 6 1069 36 941 43 881 34 950 12 895 76 1023
2865 -0.62944534509301553 1.6564943717980147 1.1644426013369991 255 228 71 0.089559291755375109 6 976 36 942 78 927 54 973
2866 -0.62944534509301553 1.6564943717980147 1.1644426013369991 255 228 71 0.089559291755375109 6 977 36 943 78 928 54 974
2867 0.033289750450571198 2.6874506626256305 1.4192032631328417 44 37 40 0.38149836003070453 6 994 36 945 78 933 54 966 5 981 43 854 92 721
2868 -0.69952354066452715 2.1678584546210313 2.3793685120800023 106 74 60 0.38090969139938363 82 868 36 948 78 946
2869 -0.75166110981031697 1.6177295998427781 1.2416493008386282 255 229 70 0.84151828157172737 6 980 36 950 78 934 54 983 5 969 43 1003 64 1221 60 741 34 1048 27 1157 76 1026 47 723 83 890 57 595
2870 -1.0217125543368821 2.0114139070973369 1.6662523769397175 16 16 15 0.71746392980485552 6 832 36 966 54 1018 65 985
2871 -1.104358459163534 2.3687625269251233 2.1373052824080605 223 209 174 0.17776695385428504 6 999 36 968 78 969 54 1035 5 1038 60 1020 21 846 65 800 1 469
2872 -1.1351393219109036 2.4189906612287122 2.065707346511461 229 213 175 0.3511178876873895 6 1002 64 1147 36 973 78 1073 54 1037 5 1124 43 911 82 889 60 1107 34 987 27 1105 76 1102 47 1047
2875 0.39532762434360469 0.94791138107485007 1.7309610274577294 124 102 26 0.52663857520215773 6 907 36 991
2876 0.39532762434360469 0.94791138107485007 1.7309610274577294 124 102 26 0.52663857520215773 6 908 36 992
2877 0.30441829764573819 1.7047031562822295 2.8314428971288264 124 96 85 0.5664247789972755 82 932 36 1001 78 1011 54 1057 43 1043 21 1057 60 1132
2878 -0.48491189195939682 1.5489202744046311 1.3107241334398145 255 237 73 0.20204584832892342 6 1052 36 1027 78 1030 54 1070
2879 -0.610582344722569 1.5133637762444161 1.3844983257684098 255 232 74 0.22899616199905526 82 968 36 1031
2880 -0.70973921971972609 2.0286144797421461 2.3746813287392974 114 78 64 1.25839902984648 6 1071 82 1057 36 1043 54 1095 5 1159 44 846 71 954 92 920
2881 -0.81381759137724197 2.1274875498071664 2.3844555681146504 110 75 61 0.3841624600208649 82 970 36 1046 78 1054 54 1098 5 1106 43 1013 60 1092 53 775 89 884 71 863 21 976 44 845 92 725
2882 -0.57543617506947553 2.5357849039151859 1.3334071912826961 15 22 38 0.36025027175256291 6 1102 36 1058 78 958
2884 -0.85704197866782805 2.6241706720862052 1.6891550708478722 109 110 98 0.62765086109559709 6 1108 36 1064 78 1072 54 1106 5 1120 60 1106 21 1151 47 971 65 1054
2885 -1.0105525274221694 2.730156523745241 1.546989499590842 118 123 114 0.32755532806215776 82 1019 36 1070 62 1057 54 1113 43 909 61 1395
2886 0.28679417776660809 0.92199379130654691 1.7037720744910632 136 150 183 0.30834777545032616 6 1118 36 1075 78 1082 54 1121 5 1134
2887 0.064619818427270409 1.5697949992282569 1.9312389825085976 131 89 20 0.8991008883647863 6 1133 36 1094 78 1014 54 1059
2889 -0.93194500702000438 2.1454471023340016 1.5115666311286398 73 75 75 1.572419320384868 6 1163 36 1126 78 1118 54 1153 5 1167 60 1149 21 1144 47 1034 65 1048 1 791
2890 -0.75186805664693557 2.3814865954919124 1.2293234130207222 84 97 125 0.96412035633090865 6 1207 36 1128 78 1119
2891 -0.94711724264880393 2.8014629385299732 1.4603617264344262 124 126 114 0.3912974504998884 6 1174 36 1133 78 1122 54 1159
2892 -1.1459324792972356 2.6437053725768815 1.6337980527324509 0 0 0 0.068665999307050973 82 1113 36 1136
2894 -0.26974293702817947 1.6288597517414249 1.4714706303262566 11 8 5 1.8901746135163406 6 1188 36 1153 78 1146 54 1175 5 1147
2896 -0.74500005983623685 1.78085574791809 1.0588056770820737 255 227 71 0.15388676613287552 82 1105 36 1163 78 1108
2897 -0.88073797977727675 2.1018658324792012 1.5092392870574947 211 170 45 0.099983766589219911 6 1203 36 1168 78 1157 54 1190
2898 -0.88073797977727675 2.1018658324792012 1.5092392870574947 211 170 45 0.099983766589219911 6 1202 36 1169 78 1158 54 1191
2899 -0.83368559247446317 1.9343660577885216 1.3598494353232546 128 101 25 1.6436066493867927 6 1225 54 1208 78 1189
2900 0.14115486582093725 2.6238359085958414 1.573664905961248 90 99 101 1.5732148890454327 6 1239 82 1139 36 1201 78 1178 54 1177 43 1089 60 1173 89 1046 71 1056 44 1004 92 1002
2901 -0.10697268926854805 1.4589129160246981 1.9386442431969064 108 118 146 0.7722222417195711 82 1148 36 1214
2902 -0.55649475508010393 1.5277518354125006 1.4357010444763258 254 233 73 1.8960333903941984 6 1242 36 1215 78 1212 5 1231
2903 -1.2173275089232831 2.4228165781296074 2.0798161298925799 224 209 170 1.3457253303160559 82 1150 36 1218 54 1231 43 1158 89 1060 71 1065 34 1231 12 1186 27 1350 76 1324 45 1184 100 1185 83 1212 40 1043 28 986 30 948 55 1051 88 1031 75 1118 66 1221 22 981 11 952 84 858 70 955 59 834
2905 -1.021588708684972 2.7626254165228832 1.432424464138413 0 0 0 1.4996860329832802 7 1359 36 1177
2906 0.50112365754337684 1.1095707265800321 1.3704811904165084 80 80 82 0.1413848460881301 36 16 78 16 54 5
2907 0.3271995768201198 0.94378888744687761 1.6198064897024211 189 198 225 0.25077887837028418 36 13 78 18 54 342
2908 0.76106407940277354 1.7262037655383724 2.923768849466978 238 223 186 0.26514009349016021 36 35 78 50 54 46 43 384
2909 0.96807031872236493 1.939566986857137 2.5142874231862882 120 111 93 0.068731111174806556 36 48 78 52
2910 0.23881290466329666 1.3665667818091147 1.4154511569804187 112 116 132 0.39389941439760318 6 53 78 56 54 382 5 15 89 445 71 111 34 66 44 85 12 41 92 90
2911 1.1584270828189813 2.2766873811286894 1.9903041151149812 38 24 22 0.18053853870081893 36 73 78 65 43 41
2912 0.57828196793722653 1.7699486020832329 2.8650511144828834 78 73 60 0.52979309744422209 36 63 78 74 54 83 60 58 34 219 12 271 45 305
2913 0.55066739193845859 1.8122926888468707 2.8345482169367417 114 105 88 0.034952917016468556 82 56 78 84
2914 0.38878901969380331 1.809184881856684 2.7756909524447777 74 68 62 0.12543213008616491 36 429 78 98 54 101
2915 0.24563739491858655 1.85259275424169 2.7914081184737647 127 101 93 0.18915009131952476 36 106 78 115 54 119 60 133
2916 0.044423617732391424 1.8735055646731456 2.7401233041497206 49 31 25 0.05271137473012974 36 127 78 133 54 139
2917 0.043481586610644302 1.8722597092866806 2.738394595225774 49 31 25 0.043230007483012527 36 128 78 134 54 140 5 173
2918 -0.13712283783192153 1.7506187903922221 1.7755727419132226 127 99 27 0.16802126904191783 36 160 78 144 54 146 43 188
2919 -0.14392925138134927 1.7421390758476658 1.766854101768635 127 99 27 0.11093306813105545 36 161 78 145 54 147
2921 -0.1870965941619778 1.977066131894639 2.6056936338823644 145 98 75 0.18853803936329047 36 171 78 159 43 202 34 290 45 277 100 242 28 177 88 178
2922 0.33602159505159762 2.5862338205343782 1.5747965507831514 58 44 44 0.14795727414133208 6 558 78 163 54 163 60 215 65 213
2923 -0.60640491625564064 2.0492413256322175 2.4615420068772478 42 27 21 0.20220649750405406 36 213 78 208 54 213 43 255 60 239
2924 -0.57224192889781578 2.3031270552871903 1.838276967337523 148 127 41 1.1719398327531478 6 293 78 236
2925 -0.84091481670917245 2.0625007548648071 1.5470070955296109 188 150 40 0.072417471179377427 6 312 78 247 60 269
2926 -0.85369147304286386 2.0714246442756332 1.5374217036711901 116 90 21 0.3622952340067202 6 316 36 271 78 250 54 260 5 281 60 575
2927 -0.72967967344317841 2.1906517490282176 1.2250133327021062 102 62 14 0.083179760678127102 6 329 36 278 78 252 54 250 60 271
2928 -0.38467520167618902 2.8142370612844498 1.3119619638030691 47 35 34 0.14814153764887908 53 320 78 259 71 46
2929 -0.39145651718048063 2.7992908498516806 1.2728303620353345 103 73 59 0.14639585914331046 6 352 78 261 5 282 60 304 21 292
2930 -0.872689911448292 2.1401446451146593 1.4432893433401173 174 143 40 0.35728358906406044 64 370 78 266 5 289 21 240 1 92
2931 -0.83288657510521191 2.180129091642721 1.4028572911069863 156 130 36 0.33388342967922563 6 606 78 267 60 284
2932 -0.79716214488222303 2.2611828319354115 1.3647928939150584 96 70 14 0.44472905631204673 36 291 78 273 54 270
2933 -1.0214012439091371 2.2387977374665731 2.2594460420816298 150 101 76 0.25761225839809948 36 273 78 275 54 288 5 609 43 304 89 235 34 326 12 306 92 42 27 645 76 662
2934 -0.70958051779813502 2.4640567113929461 1.2201432028225421 7 9 12 0.20457416933301781 6 628 78 277
2935 -1.0537552871064892 2.4280800041415742 2.0533177654028472 131 125 107 0.19057635863274189 36 305 78 302 54 300 5 352 43 310 60 341 47 337
2936 -1.0540411547554027 2.4268115736395353 2.0533351450976904 131 125 107 0.12917258324064348 36 306 78 303 54 301 5 351 43 311
2938 -0.73811130337831377 2.7743807689810067 1.0366628441589429 73 53 47 1.2550243957363962 36 331 78 318 60 367
2939 -0.94185986324641291 2.773042981083063 1.4931111637645842 91 98 96 0.37000424047998037 6 389 54 313 5 362
2940 0.43646541678887618 0.97024210512984288 1.6178961678394648 144 127 36 0.12864671453335588 36 352 78 336 54 336
2941 0.40268033125271674 1.0062494897378687 1.5642129287418167 137 106 24 0.23924474469127102 36 14 78 339 54 341
2942 0.78902681758427129 1.6678656593289691 3.0127640784390977 230 218 185 0.63004609464822281 36 364 78 356 54 377 5 394 43 571 60 24 34 722 12 794 92 899 76 866 27 862 45 971 100 976 83 977 40 838 28 798 30 804 55 860 88 847 66 1018 69 835
2943 0.72821297394065621 1.6900977576828404 2.985947585577855 231 219 186 0.77437109150071604 36 372 78 361 54 390 5 401 43 578 60 30 34 731 12 796 27 867 76 872 45 970 100 853 100 971 28 793 30 803 88 844 75 953 66 1017 13 983
2944 0.65028666992501893 1.7089617112535265 2.9515556775482477 227 214 180 0.28939697761923183 36 380 78 370 54 402 5 405 43 587 60 41 34 741 47 72 84 593 39 454
2945 0.92386948518978484 2.0159199272102724 2.4335504779942028 230 215 178 0.041357674767281749 36 400 78 373 54 388
2946 0.40084408510335856 1.7498379549751872 2.8169141353618463 163 123 105 0.14749379686141645 36 419 78 398 54 433 5 421
2947 0.23705198181341691 1.647431956303322 1.8759979662101938 131 90 19 0.24865356873080671 36 441 78 403 43 625
2949 0.23362352170917824 1.6806819464800982 1.4761342063188529 233 217 180 1.1597848242409059 36 453 78 406 54 429
2950 0.18606023216621007 1.811983283231221 2.8017359353831535 117 88 77 0.26717508705915732 53 371 82 110 78 421 5 155 60 131
2951 0.16806842210497483 1.8696778286581108 2.7325375622403842 111 79 68 0.28315952691881718 36 692 78 428 54 456 5 457
2952 0.0026631323287346145 1.7192286371040335 1.7869444419527227 148 120 41 0.10265315351567912 36 475 78 442 5 431
2953 0.097870298323269267 1.902711150440243 2.7136626363645462 225 209 172 0.60623036904987992 36 468 82 423 78 445 54 462 5 477 43 677 89 584 71 625 34 803 12 809 27 906 76 918 45 799 47 164 100 817 83 865 40 678 28 623 30 626 55 497 88 635 75 553 22 498 11 674 84 480 52 627 39 367 70 286 59 490 97 463 74 556
2954 0.30999210044405096 2.5363861185229477 1.6531771233529124 32 24 20 0.17589615273773584 36 197 78 469 60 210 89 464 71 110 44 305
2955 -0.4671159334973341 1.6087605122368676 1.2231574981116919 165 133 38 0.10084789795663102 6 530 78 473 60 471
2956 -0.46690558338542637 1.6081021756686662 1.2208715228224205 165 133 38 0.40252844081452682 6 531 78 474 21 61
2957 -0.34739539066741315 1.8024764082038689 1.6548330780389913 254 227 71 0.53780592125573334 6 524 78 476
2958 -0.33756641111667007 2.0369234562694536 2.5116900968558569 134 90 68 0.30645276878599509 36 500 78 487 54 518 5 547 43 458 60 540 34 549 12 540 27 627 76 645 45 532 88 409
2959 -0.61677448528855394 1.5482917047268068 1.3368902866198933 254 227 70 0.068890765333462167 36 515 78 489 54 516
2960 -0.57481850128847256 1.6660999268425964 1.1529232230992712 254 226 70 0.1345263372544501 36 531 78 495 54 523
2961 -0.5578034901395017 1.6825247861506964 1.1165891016895757 155 128 37 0.16036754474246279 36 534 78 496 60 490
2962 -0.61981438176471937 1.7812129065014612 1.839985815520675 253 238 72 0.057151463732034814 36 523 78 502 60 527
2963 -0.71500861414051808 1.7361973753458297 1.0933788717229398 17 11 12 0.28876196918344654 36 551 78 526 54 549 43 485 34 209
2964 -0.86374379967354098 1.5971963786458445 1.3255389607705155 74 74 95 0.52653657735682946 36 548 82 272 78 528 54 557 43 491
2965 -0.84830538451086435 1.8518919425945339 1.7361053278904868 254 235 71 0.15780556867553144 36 246 78 544 54 814 60 560 65 495
2966 -0.95561025911628972 1.6312951788851706 1.2840206164991022 132 95 19 0.11992697419510596 6 282 78 546 54 569
2967 -0.29376163683069051 2.7842977507737046 1.2527934135833645 74 53 49 0.20966944267013474 82 539 78 556 60 585
2968 -0.9594288748585772 1.9196539946815407 1.5475680531184142 255 219 56 0.05562659104147568 6 309 78 560 54 583
2970 -0.92833522892940867 2.0878546183000717 1.5446567844481538 151 126 34 0.10521599994478581 6 599 78 565 47 557
2971 -1.0280094927958996 2.2749278766811223 2.2190549689901622 105 73 60 0.13810619832646495 36 576 78 568 43 511
2972 -1.0491852888211988 2.3111113004057042 2.0570284286689127 230 213 170 0.24882066830465677 36 582 78 575 65 587
2974 -1.0947794400579203 2.4216641631311653 2.0596958720202592 116 116 104 0.074748066251288686 36 590 78 583 54 613 43 312 21 855
2975 -0.69832963885799393 2.8378117251462456 1.3484826496351874 121 125 117 0.13089056814358005 6 888 36 600 78 585 5 848
2976 0.40696185094250981 0.92611129343437437 1.6776281126695829 151 135 40 0.25165011281898203 6 652 78 602 5 651
2978 0.280409653898749 0.82335249485403927 1.8626370349823911 129 109 31 0.12480320957464215 6 393 78 609 54 642
2979 0.28918519758699318 0.82998020514373938 1.8741283291728803 129 109 31 0.30889027013167936 6 394 78 610 54 643 5 658
2980 0.51966455145714519 1.0815351192145195 1.4310846545121401 114 99 30 0.49266289945922581 6 657 78 611 5 650 60 396
2981 0.81835131012878992 1.6990387392781048 2.9801709897630917 239 225 190 0.23507206508848116 36 631 78 635 54 671 5 677 34 923
2982 0.82838252971691495 1.7078140576760339 2.991348697975166 239 225 190 0.100533686923524 36 632 78 636 54 672
2983 0.75270492515555631 1.7114859379491236 2.9533639973855026 234 218 181 0.24257638950285348 36 639 78 646 54 685 5 399 60 416
2984 0.21357700528018186 1.6624402275077996 1.7845177948079571 156 117 29 0.24684211283776233 36 892 78 669 54 709
2985 0.21497978367166037 1.8730099374790192 2.7350529218885304 79 57 51 0.41034082048512477 36 690 78 678 54 726 5 744 43 832 89 723 12 961 27 897 27 1070 76 911 76 1074 45 943 88 762 83 1060
2986 0.15762194207135596 1.9827831255591275 1.5712242850126079 85 96 124 0.045635089485285801 36 711 78 686 54 737
2987 0.15762194207135596 1.9827831255591275 1.5712242850126079 85 96 124 0.045635089485285801 36 712 78 687 54 738
2989 -0.44529172894931257 2.0426143958618903 2.4795460476510796 36 23 21 0.30817302292999682 36 739 78 720 54 530 5 789
2990 -0.87139159206196071 1.5548514933432811 1.3597735614835611 254 234 69 0.10231966552756684 36 546 78 746 60 522
2991 -0.83928726583354318 1.5875785375999742 1.3146253176671228 255 230 72 0.30804049829302332 6 796 78 747 12 472 27 553 76 585 17 99
2992 -0.86309641545792581 1.6407893356466401 1.2355887610214822 254 228 71 0.016649241835105813 6 803 54 808
2993 -0.76768325185259623 2.0678890376440857 1.2285761366144397 140 120 35 0.25753228786760946 6 833 36 788 78 764
2994 -0.96737599407017505 1.9460317113651326 1.6205914874335117 254 229 63 0.50890292333306053 36 572 78 765 54 823
2995 -0.40840188896042318 2.8441188125619346 1.2453538678059362 114 79 63 0.45810962968625729 36 800 78 771 5 822 43 715 60 818 34 655 47 572
2996 -0.99772917160170593 2.0421491216642069 1.6293192824129119 92 74 19 0.14819655963405096 36 793 78 772 21 589
2997 -0.9825789422660175 2.0863437103973652 1.6717419599477747 92 74 19 0.39130581933293795 36 794 78 773 54 829
2998 -0.81762412954867336 2.2707012614407431 1.3506741926274077 124 128 150 0.31000826056015768 6 848 36 801 78 774 54 824
2999 -0.82650951908234815 2.2447422533879644 1.3316420013663335 124 128 150 0.8714759397255335 6 849 78 775 54 825 5 823 21 819
3000 -0.81824163591766963 2.3622016521012652 1.3432422380369531 100 108 131 0.085473058514489678 6 855 78 779 5 1016
3001 -0.78124301405216223 2.6918771184061256 1.5903096078477548 109 110 100 0.13948722681517878 6 866 54 832
3002 -0.804218575737218 2.7440656179580785 1.512311106177705 116 118 108 0.13939743363996226 36 819 78 799 54 835 5 854 60 858
3003 -0.80503805684125862 2.7422386757782036 1.5114226256591583 116 118 108 0.12807346222598051 36 820 78 800 54 836 5 855
3004 -0.89984915798695608 2.7297977485014977 1.5372680955942721 119 121 112 0.1461976102712948 36 828 64 1029 78 813 54 847
3005 0.91909105174683903 1.08596868570358 1.8865420288129748 0 0 0 0.022834451769104668 64 1058 78 827
3006 0.34817978084630535 0.86461407678138624 1.7941580370747792 153 136 43 0.27752335707972364 6 903 36 851 78 839 54 873 5 901
3007 0.27649289752083989 1.6766193053109577 1.6331528131217163 149 123 43 0.12021650931102883 36 891 78 869 54 900
3009 -0.028844708028337003 1.5408990800025317 1.7641916774340525 166 146 51 0.22578242983614036 36 897 78 884 54 917
3010 0.12235977577556359 1.8190125234291128 2.7946604688366676 127 97 87 0.41507821208425461 36 894 78 888 54 926 89 724 71 764 43 959 92 952 39 711
3012 -0.0045590781750185216 1.9164059757801988 2.7183340090165169 68 50 46 0.89751496671072517 36 704 78 896 54 934 5 958 43 846 89 589 71 621 34 969 12 1053 92 608 27 1193 76 1175 45 1046 100 1099 83 1124 88 917 57 1081 18 978 17 1149 84 464 39 353
3014 -0.61110434593980956 1.5126191825975266 1.3713906839837677 255 232 73 0.13152702312258535 36 927 78 917 54 960
3018 -0.79243785141133916 1.5833976464716186 1.299679929948204 255 232 73 0.16644035148454456 36 949 78 938 54 985
3019 -0.78737634920653243 1.6679257522553035 1.1646314664039839 255 232 73 0.28737741408630524 36 957 78 943 54 990 5 977
3020 -0.78737634920653243 1.6679257522553035 1.1646314664039839 255 232 73 0.28737741408630524 36 958 78 944 54 991 5 978
3021 -1.0239933811200599 2.3034096902731882 2.1998068195003788 77 56 50 0.1141718928644965 36 790 78 962 54 1028 43 904 60 1007
3022 -1.060191969384112 2.2921974607469924 2.1059743005017868 220 207 172 0.40918995987962131 36 797 78 966 54 1107
3023 -1.3872713370091689 2.3280853997383004 2.2080075274204933 0 0 0 1.4426069135184185 6 1107 78 983 54 1039
3024 0.31363177975679812 0.8250835422488294 2.0306278834931906 245 214 66 0.32922904319424334 36 846 78 990 54 876
3025 0.31363177975679812 0.8250835422488294 2.0306278834931906 245 214 66 0.32922904319424334 36 847 78 991 54 877
3026 0.34505130161197051 1.6358491099813735 1.5747744402992103 111 90 23 0.58829860561521485 36 1003 78 1004 54 1051 5 1069
3027 0.13705672402768679 1.7902992689280166 1.7385162274879871 55 53 66 0.64854879033293289 36 1015 78 1017 54 919
3028 -0.51354568330956529 1.5259408690636893 1.3728162423167825 255 236 74 0.13133608395827173 36 1025 78 1028 54 1075
3029 -0.51354568330956529 1.5259408690636893 1.3728162423167825 255 236 74 0.13133608395827173 36 1026 78 1029 54 1076
3030 -0.48370352713685921 1.5511630149973992 1.3126628339108182 255 237 73 0.22529258825978782 36 1028 78 1031 54 1071
3031 -0.67295332211538617 1.5354121732567982 1.3672434653064176 255 238 74 0.17826280717695053 36 1038 78 1038 54 1080 89 908
3032 -0.67714735511376634 1.6377374461060776 1.5901840887290521 23 22 25 1.0844600017987318 36 747 78 1042 54 1206 43 1102 71 719 89 793
3035 -0.98989018745614199 2.2140600124702581 2.3196464884309527 154 102 76 0.40370919256864463 6 1090 78 1062 54 1103 5 1116 60 1094 89 902
3036 -0.71141195298748816 2.951248984089816 1.1020566402119611 134 92 69 0.78162996276377383 6 1015 36 1071 78 1077 54 1109 5 1121 43 1014 60 1114 71 865 34 1032 21 1023 47 1044 57 909 8 917 17 1093
3037 0.29283716441323016 0.7400330397434689 1.963141143759394 0 0 0 0.41453247586292785 36 1073 82 914 78 1081
3038 0.33892747574562027 0.92217423125265674 2.118931967470246 0 0 0 0.95683806460674925 36 1074 78 1083 54 1122 60 1041 5 1135
3039 0.36096685646265353 1.0128484182862101 1.5514313944960483 14 18 26 0.31498401458553904 6 1121 78 1084 54 1120 5 1057 60 1118
3040 0.31013409012576709 1.6755100968290864 1.5455607263052478 230 214 175 0.74033316966023444 36 1007 78 1089
3041 0.1482333161338836 1.7680201986745088 2.8682150873866319 0 0 0 0.58876265938642358 82 1033 78 1092 54 1173
3042 -0.86117499055750213 1.6957245452288403 1.1630649543437113 255 236 68 0.22197923340585599 36 1121 78 1109 54 1147 5 1157
3044 -0.79884690973732764 2.1639271292426412 1.3540980349463649 164 130 35 0.15904883957828653 36 1124 78 1115 54 1151
3045 -0.36554777152745294 2.8703547012503292 1.2027692563286283 0 0 0 0.26781045871444531 6 1169 78 1117 60 1152 89 913
3046 0.8934904970287022 1.1149951736351307 1.8120806600506021 196 125 21 1.1516850672330601 6 1177 78 1125 54 1197 36 1182
3047 0.69671561738416021 1.2937697765772469 1.3027192036262267 0 0 0 0.86939821403095996 6 1182 78 1129 54 1166
3048 0.03022112018361453 1.4400085711796817 1.9279542624659651 187 171 140 0.4691451196737963 36 1187 78 1138 54 1171 5 1141
3049 0.023947798400697402 1.432809597418139 1.9191053223614749 187 171 140 0.56031834105991829 36 1188 78 1139 54 1170
3050 0.2970124613340267 1.825640567874782 2.7833414210174658 82 58 49 0.81964587239378761 36 1147 78 1142 54 1172 5 1181 43 1087 34 1183 12 1132 27 1316 76 1291 45 1139 47 1125 100 1101 83 1126 83 1182 40 966 28 910 30 938 55 978 55 1037 88 1002
3052 0.0072911110497394307 2.6745063519486454 1.5350765375169377 74 83 85 0.90201265621640925 36 1192 78 1151 60 1178 44 981 92 997
3053 -0.95598153949553433 1.9509684558039155 1.5035638404017675 124 0 0 0.44586473884740724 6 1155 36 1166 78 1156 54 1189
3054 -0.96859410766057652 2.277477935275225 1.6739017913857634 59 65 78 0.64246374464513112 36 1127 78 1163 54 1156
3055 -1.0451561960785203 2.7086728340384472 1.6298457798090724 128 130 118 0.56789229590308132 6 1210 36 1173 78 1166
3056 1.0385690193170185 1.247835417265255 1.5996705967235194 211 155 41 0.98150779483173622 6 1179 78 1170 54 1196
3057 -1.0042646891805058 2.2520361670864948 2.0059523475527694 10 10 12 0.78857502221262743 36 1170 78 1180 54 1192 5 1210 60 1208
3058 0.013812236155106045 1.6572183329849657 2.2937066859270785 209 192 154 2.1778637097063722 36 1148 78 1186 54 1214
3059 -0.31081208678121802 1.636805532835617 1.982974011445636 28 34 47 0.51509653876036721 78 1195 43 1152
3061 0.52238054465462813 1.5142156509875684 2.5757349977395578 180 169 144 1.4812416914224302 36 1207 78 1201 54 1226
3062 0.068685657795930846 2.0009354056441833 1.5275592191078444 16 21 31 2.1824948288089581 78 1204 54 1218 43 1144
3063 0.66806978562603514 1.098344494517085 1.376926687882442 144 127 38 2.1946466330982641 6 1246 78 1207 54 1222 5 1226 47 1155
3064 0.33279939781264428 1.4117129808419451 1.7709346713862433 230 214 176 2.1010990541743451 6 1241 78 1209 54 1225
3066 0.37216032294843504 0.89985744025329817 1.7297913519045947 152 136 47 0.31177268575986056 36 615 78 604 5 652 43 553 89 699 71 651
3067 -0.062865640564284092 2.6890627914707053 1.5018435195592765 33 25 22 0.60017452007102257 96 1290 31 1156 99 1202 42 1499 38 909 29 901 10 1237 98 516 85 469 93 745 7 790 87 1075 95 950 41 970 24 759 62 767 53 854 62 960 25 813 16 728 91 802 82 880 36 952 98 515 85 468 93 744 10 1236 7 789 87 1076 95 951 41 971 24 758 62 766 53 853 25 814 16 729 91 803 82 879 6 1088 89 626 89 627 71 753 21 1084 32 912 80 771 2 840 15 250 50 629 20 779 20 780 50 628 26 964 26 965
3068 1.7720785121276339 2.4595446670159027 3.781696718003086 128 119 100 3.1372517610337542 6 30 54 27
3069 -0.011549666446949158 1.1923900479542628 1.7675499932707528 121 87 20 0.13509813393935238 78 63 54 75
3070 0.48635076562115787 1.8310612614971424 2.8040402102957089 114 105 86 0.061121796663112307 78 90 54 91 5 113 43 122 34 230
3071 0.48635076562115787 1.8310612614971424 2.8040402102957089 114 105 86 0.061121796663112307 78 91 54 92 5 114 43 123 34 231
3072 0.082124664255973243 1.4899504838718081 1.893979200991291 114 88 36 0.078396675127817339 78 92 54 95 43 144
3073 0.37110828134507229 2.4793573956254873 1.4905903752392391 0 0 0 1.9191325945469619 6 219 54 143 60 198 89 469
3074 -0.17487529340834637 1.7471736075493793 2.2391705455580744 23 28 39 0.19055983404426996 6 167 54 151
3075 -0.60741165467657032 2.0479217763082183 2.4606815552010497 40 25 19 0.26623528827277004 36 214 54 214 43 256 78 209 60 240 21 189
3076 -0.51838414272487565 2.1670356322734343 1.2156506084263023 121 112 44 0.22608652857233497 78 229 54 216 60 243 6 822
3077 -1.0236813726339695 2.2327848072296872 2.2541919562575292 151 101 76 0.10500407930479733 78 274 54 287
3078 -1.0281086502108316 2.43774532539102 2.0463590811019241 203 187 149 0.62463819219085914 78 298 54 299 5 347 21 306 65 613 47 837
3079 -0.92076601027731875 2.6532858226708105 1.6268676927034824 115 116 105 0.15629124865172225 78 313 54 302 36 324 60 373 21 345 64 761
3080 -1.124065968590567 2.4602191850367237 2.0199305652269177 167 159 136 0.21842005063166908 78 311 54 310 5 363 21 325
3081 -1.1241436586505356 2.4594593056407952 2.0190027782011604 167 159 136 0.18797569454661162 78 312 54 311 5 364 60 364
3082 -1.2201888343952698 2.379618120482148 2.1325459731836149 107 108 101 0.28271175848111507 36 318 54 314 5 366 60 369 21 322
3083 0.50428679063507698 1.0330110037340177 1.5109742961945609 138 124 36 0.22362661988398605 36 353 78 335 54 335
3084 0.21251659304811332 1.3762346135937169 1.3796372995565711 243 209 68 0.12042112594728061 78 368 82 424 54 386
3085 0.73001553290723542 1.7802497059369806 2.8479485559452766 231 217 182 0.31603647020507081 36 381 54 395 5 71 43 386 12 758 45 806
3086 0.34380584822331522 1.6731461358270476 1.5263250397702093 227 213 176 1.4796438688145264 78 388 54 412 5 391 60 412
3087 0.60049649357941792 1.7948617238123195 2.8312526174920656 119 108 87 0.061406165214188922 78 382 54 415 5 411 43 406 60 424
3088 0.60054071782835783 1.7961301282780056 2.8342054102465757 119 108 87 0.17580384436331434 78 383 54 416 5 412 43 407 60 425 34 486 12 518 27 584 76 608 45 540 100 562 83 296 40 179 88 255
3089 0.47390198604945594 1.7545083166921409 2.8599372981675142 108 77 65 0.06195799283843173 82 373 54 426 43 411
3090 0.50920282076523382 1.8108933200417103 2.8301047830437529 228 213 177 0.14542792827539111 78 392 54 427 5 416 43 614 60 74 34 752 12 788 27 874 76 882
3092 0.42462622881690321 1.7735719585891012 2.8417042393675329 149 102 79 0.50696252467667324 36 418 54 432 43 628 89 550 34 775 12 802 27 596 76 617 45 542 28 433 30 465 55 213 88 456 88 686 75 237
3093 0.44787510732027414 1.8310754214946279 2.7998102839231671 213 198 164 0.31687585712808009 78 402 54 435 43 627 60 87 34 758 12 789 27 880 76 885 45 804
3094 0.38843940595683446 1.859294419082308 2.7732717768071899 211 196 162 0.28455090016972279 78 410 54 443 43 641 34 766 12 790 45 803
3098 -0.73339621432574376 1.6746084822258211 1.1519036585085447 255 228 70 0.12058933215057793 78 520 54 543 5 530 60 514 34 497 21 509
3099 -0.74792208653935832 1.6638881604006024 1.1699607402204317 166 136 44 0.18252967027621017 78 524 54 544 60 519
3100 -0.74644821977242115 1.6656261547990183 1.1709987342028267 166 136 44 0.21375660045794925 78 525 54 545 5 532 60 520 21 512
3101 -0.58145431577380746 2.1261592051451741 1.5321683571348375 159 132 45 3.412894874660898 78 536 54 560
3102 -0.95299898327522137 1.6390111751843612 1.2918007414534389 127 91 19 0.31027435457684455 6 281 54 568 5 562
3103 -0.6357582384357563 2.8163924734801227 1.3721306600870473 111 114 109 0.23122612481233554 36 595 54 588 60 850 5 602 47 607 65 804
3104 -1.1129682389753905 2.4053893085351201 2.0873048674709969 222 209 173 0.18921309201955677 6 616 54 615 5 627 60 617
3105 -0.79823262894181368 2.9408956282231569 1.2045056492496531 150 150 135 0.1705203085650101 78 819 54 618 47 632
3106 -1.1744922822166555 2.4247604323440566 2.0613251038038918 224 212 176 0.067573140082230962 6 626 54 621 5 636 60 624
3107 -0.97635576519229172 2.7784116358526232 1.4775648076606032 121 124 115 0.099877806228361288 6 641 54 622
3108 -1.2697414637290783 2.4181017242310547 2.0927025600172167 225 212 177 0.092273798282907465 78 591 54 624 5 645 60 629
3110 0.84906965412672797 1.7287487168678373 2.9208433846249662 238 221 183 0.043140092374967867 78 638 54 669
3111 0.31018240536266128 1.6989922543962164 1.6140116210123676 236 216 173 0.79713497866613225 78 663 54 703 5 398
3112 0.12862162654342787 1.6357859157723731 1.4930671100224246 224 208 170 1.4033901846851902 78 674 54 714 5 689 60 677
3113 -0.12106170851682838 1.3423480549647548 1.9049212346117899 234 217 176 0.33009992624173368 78 672 54 719 5 696
3114 0.16404743127016169 1.8662184603658758 2.7330571458167885 109 75 62 0.28928326518530506 36 691 54 735 43 667 89 570 71 627 34 800
3115 0.20188187367835783 1.9229492230565979 2.7002888351327203 225 210 173 0.29885584461097875 36 694 78 434 54 736 43 664 89 574 71 628 34 792 12 795 27 895 76 909 45 930 28 627 88 751 40 677 84 637
3116 -0.058258843909480877 1.7395659096460898 1.7656013743225594 172 139 38 0.27595265519090167 78 685 82 674 54 743 43 675 53 456 34 681
3117 0.041522348316538879 1.9258324423018625 2.6956694092172628 227 212 174 0.34697555246221268 78 449 54 753 5 490 43 682 89 585 71 622 34 810 12 812 92 609 27 907 76 921 45 933 100 816 88 747 39 354 72 327
3118 -0.2625138441724128 1.8679067780454215 1.6865644746719364 254 229 71 1.1229006121434222 36 728 54 767
3119 -0.2073130538337257 1.9932825253928272 2.5875497585893736 152 101 77 0.54994491932599954 78 708 54 768 5 776 43 863 89 759 71 749 34 975 12 971 44 688 92 751 27 912 76 930 45 776 47 530 100 783 83 843 40 622 28 540 30 567 55 675 88 552 75 517 66 583 22 407 11 421 63 541 13 255 69 256 9 172 57 807 84 443
3120 -0.39728532281117485 2.0569457732671452 2.4858528857194022 134 90 67 0.042472639714723238 78 718 54 779 43 703
3121 -0.64351722692514346 1.684779636385014 1.1207582542382786 254 229 71 0.051280626151125781 78 729 54 784 5 767
3122 -0.5033627472383464 2.0707046185810052 2.4594379027829265 43 30 31 0.28492120311700808 78 726 54 791 5 795
3123 -0.52348924990212131 2.0977331760516122 2.4324930476437574 134 90 68 0.17176923489939891 78 733 54 794 89 481 71 299 44 288 92 321
3124 -0.52598023687184381 2.1307805752038829 2.4108886295558043 124 82 63 0.15140382478755093 78 737 54 798 43 714 34 827 12 817
3125 -0.65211393387957772 2.1652418327308598 2.3525768078990921 72 49 43 0.25747751704032945 78 749 54 809 5 815 43 724 34 830 12 818
3127 -1.0866596127863524 2.2936089046175825 2.1909603655943406 104 72 59 0.28017106656554552 78 784 54 838 5 860 6 836 43 518 89 507 82 521 71 273 34 564
3128 -0.90455535334489967 2.7191445660004807 1.5301915612978647 119 121 112 0.045524012996046387 78 812 54 846
3129 -1.073963787740988 2.4902407621401208 1.9413796944185364 129 127 115 0.15330394572473563 36 813 54 851 5 873
3130 -1.0689246271078072 2.5722731894543398 1.8074818343482322 130 127 114 0.08421184560358648 36 825 82 759 54 852
3131 -1.2996431801302692 2.3321316875043183 2.1649820153510491 146 100 75 0.31214170360838234 36 817 54 858 43 521 34 566 12 554 47 861 76 664
3132 -1.2467469316106172 2.4517886214113678 2.0284204952483273 226 213 176 0.14147367821471624 6 867 54 859 60 882
3133 0.27598144759574245 0.93607824934667128 1.7779053605913522 29 33 40 1.0665278743188691 36 993 78 849 54 881 5 1059 60 1038 21 1039
3134 0.66965973380652244 1.6198291148283155 3.0254067977163368 158 108 83 0.15494961373711177 78 862 54 892 43 808
3137 0.77749503795842434 2.4593866580062564 1.6883171092159392 0 0 0 1.507770990175721 53 961 54 908 21 956
3138 -0.10351134123707284 1.3821513703183559 1.8968758509176278 30 38 48 0.11938958605943194 78 875 54 911 5 933
3139 -0.10601521150019311 1.3795299186719565 1.8936651742522204 30 38 48 0.12805002617270286 78 874 54 912 5 934 60 933
3140 -0.20869572766174679 1.3842609714518237 1.8754330616274562 214 206 200 0.7800794673728082 78 887 54 922 5 709
3142 -0.076174693138788774 1.7259793302970901 2.3252185948243724 15 16 17 0.23510716552309258 78 684 54 930
3145 -0.50390861894263594 1.5399448855110054 1.3604543980906969 255 233 73 0.032469143884918533 78 909 54 949
3146 -0.082398832663389904 2.7275677069105195 1.3679657441225745 44 37 41 0.38272684931915651 78 945 54 981 5 992 43 695 60 980 71 602
3147 -0.82306155600421893 1.6342435910866961 1.2154000224572685 255 232 72 0.2694529008303434 78 942 54 995 5 980
3148 -0.32301002684522839 2.742631324870203 1.3380468261616327 76 57 51 0.18929451444230708 78 762 54 1000 5 814 43 878
3150 -0.96953475871304506 2.200444435178921 2.3932737442014047 0 0 0 0.80436513700277601 82 721 54 1016
3151 -0.96898246297230994 2.2797103788907815 2.2241924902760619 81 56 49 0.51169613048048335 78 959 54 1019 27 924 47 973
3152 -0.89225721062434771 2.5817965388473429 1.7472406594049916 126 121 105 0.089107482093387771 36 971 54 1030 5 1034
3153 -0.89225721062434771 2.5817965388473429 1.7472406594049916 126 121 105 0.089107482093387771 36 972 54 1031 5 1035
3154 -1.4095048975132758 2.3542329295847186 2.198417829883307 0 0 0 1.5092397883792348 36 983 54 1040 5 1048 60 1033
3155 -0.31007792506354975 1.9446001351847202 2.6687620527079652 0 0 0 0.81866743497923489 78 1032 54 1077 89 864 92 936
3157 -0.74899655388605368 2.0920830835702735 2.4033884927120681 109 74 61 0.15044308554003599 78 1052 54 1096 43 1010 6 1074
3158 -1.0226774712102307 2.2663314331350151 2.1145017796208783 221 207 171 1.619418534662582 78 777 54 1105 5 1118 43 1024 34 1153 12 1107 27 1304 65 580 60 817
3160 0.76137657866119346 1.1730020458764732 1.2681547944852174 0 0 0 0.78587088749303113 78 1080 54 1118 43 921 60 1155 21 1183
3161 0.27193215542869925 1.6982080946495346 1.7750622037294155 98 65 11 0.18741214286197069 78 1090 54 1133 5 1070
3162 -0.60480236732351267 1.5293204875225328 1.2397061561411502 255 227 65 1.7419466323878501 78 1100 54 1141 6 1147 5 1080 60 949 34 938 12 883 27 989 76 1012
3163 0.22717407073813908 0.93286609053759195 1.9476245380148811 152 130 38 0.55844973376536222 36 1077 78 1172 54 1168
3164 -0.79318555787259004 1.8867553727947959 1.7729278336729697 237 198 57 1.4271806140611134 78 1153 54 1181 43 1107 34 1207 12 1153 27 1337 76 1310 45 1154
3165 -0.91342536765148552 1.6270537468580846 1.3491816171232889 255 233 72 0.36597870805139854 78 1154 54 1184 5 1184
3166 -0.032835477038863047 1.9277136353972957 2.6050039944511227 228 213 176 1.5957342603896096 78 1188 54 1209 5 1219 43 1139 34 1220 12 1178 27 1346 76 1318 47 1151 57 1175 17 1236 8 1141 73 1070
3167 0.19288436397675118 2.6382716699730397 1.5392497997081063 32 26 26 0.43783315107691012 6 799 78 717 54 500 82 249 6 259 36 518 5 521 43 180 60 769 21 797 65 529
3168 0.32546009478061289 0.70863209187480869 1.8909522701308619 241 227 74 0.79389265181490487 6 1020 36 349 78 334 54 1200 96 1305 19 1468 42 1424 51 1277 99 1270 38 1075 29 1096 90 1155 98 1285 64 1181 60 1116 21 1109
3169 0.72872557370526236 1.6359287654186008 3.0307664170839796 64 39 27 0.094797595417819347 54 37 5 55 43 76 71 186
3170 0.67004108031213017 1.8023864994230991 2.8248190862834353 230 215 179 0.21000017955268122 54 409 5 85 43 392 34 707 12 765
3171 0.66990016315279421 1.801257210347522 2.8229023488522031 230 215 179 0.27316800116332868 54 410 5 86 43 393 12 764 34 708 45 805
3172 -0.92910535974260178 1.6470069873908257 1.2254220333906112 136 114 39 0.15206787397399557 78 237 5 233 60 223
3173 -0.78573445534910957 2.072350802950405 1.2523444375247645 106 0 0 0.085231407389566652 54 247 5 270
3174 -0.325695414321585 2.7853230132069595 1.2628164249738523 27 19 16 0.13526960393060905 54 234 5 272 47 238
3175 -0.8567283817901381 2.1574210609399529 2.368849228166205 41 27 21 0.24865944438405715 78 241 5 301 60 277 21 239 65 307 1 153
3176 -0.84577883630537465 2.2230497655625974 2.3422887750348802 107 74 60 0.13997350233662822 54 259 5 303 43 288
3177 -0.86065869411458951 2.2904567630668877 1.4089528328062138 64 74 97 0.47934198560995167 6 340 5 306 60 590 21 823 47 246 65 751
3178 -0.63733315963511994 2.8331995319443122 1.3271623641571264 122 123 115 0.11850799934591298 6 382 5 324 47 299
3179 -0.92126726099025302 2.6055484104167785 1.6901333271912606 83 87 81 0.27250935903923251 6 374 5 346 78 308
3180 0.61113106649224003 1.8260205287515996 2.8069612660583108 233 218 182 0.12568229808886064 54 417 5 414 43 595 34 723 12 766 88 688
3183 -1.1117411661999395 2.4091350051879759 2.0899407773192902 222 209 172 0.19493580957636439 6 617 5 628 27 432
3184 -1.1612885923788796 2.4415311432908777 2.0328138359822918 127 124 108 0.23174069080909879 6 358 5 634 60 374 47 645 8 366 73 345 37 259
3185 -1.1631138844092732 2.4379916921002636 2.0305665661688654 127 124 108 0.12832677626233582 6 359 5 635 60 375
3186 -1.2205573857932668 2.4632348158727142 2.0021416179575509 123 122 109 0.25390640141311854 54 321 5 640 47 649
3187 0.54337051548829796 1.8351266181717778 2.8018607432057712 232 216 177 0.39770993510577685 54 901 5 708 47 727
3188 -0.012291165664149312 1.6945830804456006 1.8577152037362852 137 111 31 0.34852326492190766 54 731 78 435 5 725
3189 -0.043672807161659978 1.8150477550836144 2.7335351928580716 0 0 0 1.5029325074264206 6 746 5 758
3190 -0.24103406107180556 1.9570002616801285 2.6533942328135516 110 77 66 0.49700478864643949 53 563 5 779 43 864 71 892
3192 -0.77883521206699546 1.8664133048214413 1.7247104097287578 253 221 62 0.12184470514570918 54 810 5 799 43 727
3193 -0.70565802060278726 2.2236842439699438 2.3311617343163733 66 64 62 0.32663926909955993 54 815 5 820 34 832 12 542 27 919 76 1095 12 974 45 685 100 700
3194 -0.83458023088458355 2.3442466261132378 1.3815425605375038 93 110 144 0.55977385210035124 54 279 5 832 60 999
3195 -0.8979528264774137 2.5733872947670022 1.7451282064686156 128 121 102 0.15171110183493006 6 630 78 791 5 852 60 612 21 653 47 823 65 802
3196 -1.0340533697809047 2.3998959314368973 2.0888079709113789 115 112 98 0.21679598528993857 54 606 5 861 60 839 6 611 21 843 47 835 8 638 73 582 37 515
3197 0.30461835456388464 1.845242760428119 2.6670015621341872 229 213 175 1.7700494425992161 54 913 5 944 47 737
3199 -0.30249221740746918 2.032743026677382 2.5009768746976255 51 28 18 0.7160957011923067 54 963 5 979 43 976 34 1075 12 1049 27 1087 76 1088 45 735 47 939 100 539 83 603 40 415 28 388 30 404 88 537
3200 -0.61185494340557012 2.1374628544564942 2.3737089157389812 89 61 51 0.71641536255476435 54 994 5 1000 34 979 27 1097 76 1093 100 522 40 381 28 493 30 381 55 400 88 522 75 199 66 546 22 192 84 424
3201 -0.66379160904369205 2.2282310199562749 2.3194603003999386 213 197 160 0.50990883743113646 54 1001 5 1007 43 886 92 556
3202 -0.97333683517461245 2.0515291665988054 1.5837814553543348 105 63 9 0.61405270279482271 78 770 5 1013 47 777 8 510
3203 -0.84708323725002199 2.29328415951991 2.2300390957518181 211 197 161 0.38315777119347361 54 1011 5 1019 43 897 34 984 27 1209 12 1051 76 1189 45 1020 47 965 100 1033 88 888
3204 -0.068319658112256931 2.7772184790665135 1.3371522503781867 0 0 0 1.1081602303425151 54 1090 5 1101 43 1054 6 1156 60 983 34 648 92 988
3205 -0.29117986348995317 2.6744984179343758 1.1814958558033466 0 0 0 1.8543666419615172 5 1103 89 794 54 1094
3206 -1.3004352585654777 2.3659059218820668 2.151249065125485 123 85 66 0.20602586890357402 78 1078 5 1128 60 1110
3207 -0.09518515590685192 1.9605244678246585 2.6272245830658867 228 213 177 0.75657936219395383 54 1139 5 1152 43 963 34 1070 12 1050 92 940 27 1262 76 1241 45 1041 47 1076 100 942 83 964 40 911 28 863 88 913 11 789 57 944 18 844 17 1103 8 914 73 945 37 795 84 758 39 750 70 837
3208 0.61813573326943194 1.2826559432254092 1.3756110071969587 123 110 32 1.1524713860806277 54 1201 5 1211 60 1213 47 1115
3209 -0.32316323797739016 2.6626686608623178 1.2467628429368811 62 47 46 0.26324040927461861 54 1210 5 1214
3210 -0.85025164650723695 2.4322716536990572 1.5492310743525057 58 61 56 1.975322162022231 54 1211 5 1225 60 1236 47 1166
3211 0.71978673609007315 1.6749303504427764 2.8712505270402211 211 192 153 2.0213940482376103 78 1202 60 1214
3213 -0.95410728762295383 2.6002183375769388 1.7279764980717001 128 123 108 0.51200300928794507 64 1009 36 816 5 866 36 596 78 309 54 612 60 620 21 665 47 831 65 811
3214 -0.71622760147796238 1.6024516364242365 1.3876215596249137 255 235 73 1.7861243808969962 78 1196 5 1220 34 1219 43 1146 12 1168
3215 0.93226168711462964 1.2661483627237731 1.6080572578317529 212 123 22 0.16553938260230297 53 98 43 5 89 27 34 9 76 6
3216 0.45473443637461669 1.0595404377828066 1.4414614894812185 188 200 228 0.27891352962139937 82 41 43 33 27 459 76 460
3218 -0.31109832840209395 2.0025326824993992 2.5461506208061682 146 97 72 0.16688267224672157 6 208 43 220 89 167 12 299 92 114
3219 0.34501180828585981 1.6612605572692862 1.8451870797306043 127 93 21 0.26291401430051292 36 432 43 409 89 439 71 351 34 108 12 114
3221 0.3081175974237112 2.5613551525608034 1.6253324040364634 76 56 50 0.15037808977465159 54 482 43 430 89 470
3222 -0.12291952877453968 1.4818479417999175 1.7891258207571652 114 74 16 0.31543448465923291 82 167 43 432 45 400
3223 -0.0093630653765031172 1.7997406522000658 2.4271623828402795 22 22 21 1.5693055763656525 5 166 43 435 34 1057 45 1034
3224 -0.33497342795556401 1.94614414328354 1.2566887709177679 251 212 64 0.43104609591542803 43 450 60 1074
3226 0.65295664814578291 1.1407947087431902 1.3164748619577606 171 138 35 0.11845772990461702 82 595 43 528 34 335
3227 0.61835553467783499 1.1105110271972831 1.3696158259030637 168 138 36 0.18328179791518615 82 593 43 530 34 340 12 311 76 447 27 447
3228 0.58333426008965228 1.0818499884598691 1.4227052187635152 162 137 38 0.17365119022973763 82 793 43 537 34 578 12 563 76 671 27 656
3229 0.31222405452400415 0.84541543496362415 1.2544765412963697 101 82 15 2.1971380842120096 61 6 43 545
3230 0.36130036529743842 0.89380135675577577 1.7681938031641835 124 107 31 0.25197613488029125 82 579 43 556 34 630 12 622
3231 0.97700199247862352 2.3787359515144706 1.8312736068456472 103 72 60 0.42321558200232223 53 821 82 649 43 562 44 718
3233 0.62665660630480513 1.7023197385221289 2.9868396113111291 70 50 43 0.52434503937890953 82 598 43 590 34 757 12 805 92 670
3236 -0.21964469467478057 2.0135075293129643 2.5400799426853089 104 69 54 0.60653112689613387 54 770 43 696 89 604 34 819 12 811 92 593 45 757 40 602 28 404 30 416 88 544
3237 -0.72333164356153334 1.8362215241195883 1.7468336145547994 254 216 63 0.56146345408673481 5 791 43 725 71 282
3238 1.3253318390144688 1.5813691995542556 2.1889831426204212 255 225 65 2.4071971180006333 82 781 43 761
3239 0.53903785865859444 1.0501902340146836 1.4625093870285009 145 131 43 0.38633130127897997 36 856 43 779 89 703 71 801
3241 0.74748234480833631 1.612824238618314 3.0783427851329455 155 104 78 0.67029776912630989 54 890 43 806 89 828 34 940 44 894 41 1189
3243 0.22905177400535867 1.6837275864270336 1.8145928582428794 158 119 34 0.36529831543251773 82 831 43 818 89 858 71 902 34 903 12 620
3244 0.27554409608827951 1.8483901593524403 2.7555168193996402 78 56 49 0.53712957136341832 78 882 43 825 89 717 34 953 12 960 27 1067 76 907 100 557 88 669
3245 0.29679456212638222 1.9307201996755354 2.6918042367572905 230 214 174 0.081790815967261371 54 921 43 826
3246 0.14354742331076437 1.8236743369124639 1.7931193990047749 201 172 57 1.5291249956293487 82 843 43 827
3247 -0.10635125293985043 2.0272638198315875 2.5452013232900708 224 208 171 0.66993633799230645 54 765 43 857 34 968 5 770 12 1040 27 1185 76 1171 45 1035 92 601 100 1046 83 1056 40 910 57 939 17 1006 8 915 73 860
3249 -0.16690157545182072 2.0502325056163713 2.5235990374864024 222 207 170 0.3388980665607379 54 950 43 861 34 1069 12 1041 27 1188 76 1173 45 1103 100 1045 83 1055 40 963 28 908 55 926 88 973 66 1005 57 940 17 1009
3250 -0.29182150545218172 2.0865739839606667 2.4654775032458569 217 202 164 0.63297527764303441 5 982 43 871 34 973 12 963 27 1192 76 1085 45 1031 100 1043 83 958 40 907 55 835 88 905 66 798 22 650 11 657
3251 -0.65401393293462906 2.1727773592766964 2.358205516779071 69 47 42 0.51942180842304864 54 997 43 884 34 980 12 975 92 560 27 1099 45 698 88 353
3252 -0.72384473546169203 2.2369049381298254 2.2791730576532783 211 196 159 0.4649332948030081 54 1006 43 890 34 981 12 968 27 1206 76 1187 45 1023 100 915 83 950 40 904 88 893 22 626 11 643
3253 -0.78457609347779256 2.2678944585123055 2.2565597054633302 210 195 159 0.34973895212154871 54 1008 43 894 34 982 12 969 27 1207 76 1188 45 1022 100 1035 40 899 88 890
3254 0.57531188525001176 1.7006745302202084 3.0326863801731561 155 104 77 1.3121414881491802 82 799 43 948 34 947 27 1184 76 1073 100 978 45 817 30 802 11 867
3258 -0.94239529933547528 2.8689500674395219 1.4864592186036429 126 128 119 1.3044887936919043 53 983 61 1486 43 1023
3260 0.37520898304831546 1.0203571921513193 1.5674319039157874 23 30 42 0.43510101753331093 82 1030 43 1033 89 949
3261 0.29288184999766176 0.92212384487191501 1.7016480165854402 183 193 221 0.18333308337485082 82 1028 43 1036 89 946 12 1078
3262 -0.64064709610960269 1.819138013664517 1.8284234753872861 184 120 35 1.7117462901580349 5 1207 43 1099 34 1206
3263 -0.56548833169577661 2.1054218214945921 2.4493741569301277 88 58 48 2.1997597796869992 5 1189 43 1100 34 1190 12 1134 27 1303 76 1277 47 1135 57 1116 17 1184 8 1093 73 1038
3265 0.37761078818306854 0.9024997784038018 1.7356646717911564 153 136 45 0.27883768021111843 53 535 82 581 43 554 6 651 36 616 78 605 54 639 5 653
3266 0.8557518192581588 1.1057637371103703 1.9238077984450006 0 0 0 0.81473817306352969 7 1332 24 1150 62 1178 53 1093 43 1117 82 1117 34 1196 12 1139 27 1277 76 1253
3267 -0.98555231395774834 2.7603370445804702 1.51209798143833 114 116 109 1.3746756485657889 36 1132 54 1160 96 1406 31 1255 19 1509 51 1300 38 1112 29 1128 90 1183 48 1551 98 1214 85 1079 93 1143 10 1355 61 1481 64 1319 82 1021 43 1025 38 1154 77 809
3268 -0.98084037573484484 2.6482769090322504 1.6214739884216298 124 124 115 1.3831722886712774 96 1279 19 1366 42 1496 61 1478 64 1263 82 1018 6 1114 36 1068 43 906 64 1015 6 1011 78 977 54 1036 5 1039 47 979
3269 -0.61200773359849359 2.8415732221197234 1.2823780662187192 127 130 120 0.73060338538373126 96 1299 19 1391 99 1210 51 1071 96 1158 90 965 98 1032 85 734 93 733 10 1212 53 696 43 490 61 634 7 533 24 355 62 592 54 589 21 667 50 591
3271 1.0120086771945116 2.3422393404680855 1.8584396940588823 107 76 64 0.20641766209524795 6 463 60 85 21 73
3272 0.74288940158088546 2.422581442331686 1.7285109707581192 35 24 21 0.10598140592376436 5 122 60 147 21 108
3273 0.74288940158088546 2.422581442331686 1.7285109707581192 35 24 21 0.10598140592376436 5 123 60 148 21 109
3274 -0.73018169967764723 1.6363683318468869 1.2153857573968996 193 149 42 0.41710021928919633 5 525 60 193 47 78
3275 -0.83762718084102916 1.5727637035741047 1.333512447299146 159 124 33 0.097635731408756476 6 246 60 201 21 98
3276 -0.72455717943365427 1.7526684020270134 1.0896922331451655 253 215 69 0.020016372945606792 36 251 60 217
3277 -0.63508668999095119 2.1227425290132533 1.429081532241844 153 113 27 0.16681428299969803 5 248 60 255 47 198
3278 -0.5970819441613201 2.3549621768247535 2.2123204161369903 27 19 10 0.11756863674285783 54 232 60 272
3279 -0.81789462939673008 2.1633982647666667 1.4036372541654984 128 99 24 0.066853387064772174 6 327 60 278 21 235
3280 -0.38341075171177819 2.836647133347157 1.2494371749713493 39 28 23 0.17357387412839578 36 290 60 313 65 338
3281 -0.97014706435323916 2.4333066272874135 2.0258771546754661 64 68 65 0.2256341072130128 5 341 60 331 65 359
3282 -0.97358300042055956 2.4280394608090146 2.0197514584653842 64 68 65 0.15722301090318 5 342 60 332 21 630
3283 -1.0067075113271264 2.4173529754617218 2.0712591107018961 194 181 148 0.095222594479439523 5 344 60 335 47 327
3284 -1.0065613608009656 2.4233929305174322 2.0338067487359015 122 118 100 0.5357070109946086 5 345 60 339 21 634 65 610 47 832 1 209
3285 -0.85329738607121675 2.6354092308294601 1.6571271915537573 104 105 95 0.099836933820380794 5 340 60 355 21 324
3286 -1.2183395449942049 2.3816610856771203 2.1333922969598045 104 105 95 0.1748397900971054 5 367 60 370 21 323
3287 -1.0878709333906278 2.559895279206569 1.838002006325167 86 91 86 0.044130865959826904 5 365 60 379
3288 0.3619674890201508 1.0449455307451414 1.566825177243194 121 97 25 0.4734311458635509 78 20 60 400 65 3
3290 -0.77925095037543601 1.6343511890523175 1.2246521531826442 165 128 33 0.096056021990324744 5 536 60 518 21 507
3291 -0.71055843468584423 1.6976096725462957 1.1176473046122395 151 123 33 0.15472388897849335 5 529 60 521 21 514
3292 -0.05403669858383197 2.6833863937182234 1.5006167400340755 39 35 39 0.40884847776352168 78 743 60 564 44 509 92 545
3293 -0.52630670492128473 2.8327476775043126 1.2977293538525636 43 33 33 0.10660612761930163 5 591 60 605 47 586 65 598
3294 -1.0488084424994393 2.3863220708816728 2.1161044067090833 225 211 175 0.11405928118690163 5 620 60 607 21 631 47 637
3295 -1.132039873936739 2.3731680638553176 2.155169266534283 221 208 172 0.1721558372343221 5 626 60 613 21 643 65 618
3296 -1.126366026980006 2.3898914649735912 2.1059683221826675 114 112 98 0.23066822418211119 5 630 60 616 21 647 65 620
3297 0.44863555504718439 1.0726500979125686 1.4340101681924631 120 135 168 0.39893772463575722 5 654 60 643 47 358
3298 0.60725176141643045 1.2133009656851697 1.364400726372452 116 103 30 0.38857462069766241 5 655 60 647 21 705
3299 -0.54175034784408993 1.5009586429282182 1.4076992026001725 254 233 77 0.28879689913704304 54 951 60 714 21 427
3300 -0.85859234456900313 1.7243596656550273 1.099144217517706 253 228 73 0.11077499590946446 54 813 78 756 60 764 21 770
3301 -0.43228303836875154 2.1015405910254703 1.2971433406544415 198 163 56 0.21663420158510149 36 951 78 741 60 767
3302 -0.69736084507387697 2.0975960144776837 1.4720981641953959 190 153 43 0.10233155029327443 5 805 60 781 21 799 47 532
3303 -0.77150096689621317 2.1404069233811143 1.4291614997415041 131 98 23 0.22522806827047054 5 816 60 794 47 765 65 521
3304 -0.80591123481945748 2.2158332960676157 1.3171956610528504 98 50 5 0.23167735378976576 5 821 60 801 21 817
3305 -0.74873558630963721 2.6191295329193705 1.690311196953137 52 53 46 0.28962177752121154 5 839 60 829 21 851
3306 -0.75426059460341277 2.6398057299695998 1.6628230104587987 80 83 78 0.14925105849661044 5 840 60 834 21 853 31 719 65 604
3308 -1.1304829207540332 2.3201824539294842 2.2135165639852166 35 30 27 0.39003722527648793 6 842 78 789 60 840 89 649 6 997 71 548 44 238 92 282 88 60
3309 -1.1364227686486754 2.3160477018846541 2.2090242898616879 35 30 27 0.2811384819666794 6 843 60 841 21 842 65 797
3310 -0.81092933642808596 2.6568062994780872 1.6391621078137988 95 98 91 0.14585542624247322 5 612 60 846 21 867 47 624
3311 -0.87217802929519894 2.6764026234423768 1.6136054681453227 108 110 101 0.076989936596596253 5 619 60 854 21 878
3312 -1.0444069037137076 2.5229600921878008 1.8906126609227571 126 124 112 0.17539160406706533 5 872 54 850 60 855
3313 -0.83676593964834833 2.7103083326644386 1.5621325502937773 115 116 106 0.1025151179603561 6 876 60 856 21 880
3314 -0.70056534276164795 2.8347233422207734 1.3452434267263738 121 124 116 0.062762002093505867 5 847 60 864 47 810
3315 -1.199134992045509 2.5291592154091127 1.8799501976080468 191 182 155 0.15248212440575148 5 883 60 887 21 890 47 854
3316 -1.1984932417763636 2.5293076195000661 1.8809010812435198 191 182 155 0.11465568728076825 5 884 60 888 21 891
3317 -1.1633155835572575 2.5629270173731697 1.830308459233658 189 179 152 0.06826669726827643 5 880 60 889 21 892
3318 0.32979605784722638 0.76068066531412892 1.8697403475332983 135 113 36 0.35958647590221277 6 897 60 902 21 906
3320 1.3297865431714779 2.2295333457346587 1.9638844806718296 149 101 78 0.015490858115677665 78 858 60 930
3321 -0.9767472579807025 2.0440719196177271 1.5729416344549585 86 58 10 0.37215875794465997 5 1014 60 988 21 979
3322 -0.832249327955906 2.3456346828283325 1.3801232119158173 93 110 143 0.09239602129855605 5 831 60 998 21 992
3324 -0.53448599238702788 3.0533530196536756 1.1796491003875289 0 0 0 2.0868651612357909 54 1020 78 973 60 1027
3325 0.27838421864192092 0.76175464221761513 1.9759408482674337 0 0 0 0.30761504467838785 6 898 60 1037
3326 0.46609031970362647 1.1258923619584988 1.3602639385108592 26 28 32 0.8353154036372169 5 904 60 1039 21 700
3327 -0.48218311276805986 2.8150098975181601 1.3061834391272653 39 30 30 0.41664452854909406 78 1064 60 1100 65 921
3328 -1.0742423157293799 2.3978240152273074 2.1053459862907897 226 210 172 0.061518887557446 5 1123 60 1105 47 1046
3329 -1.2300507760258013 2.4067079460866982 2.0926922697786945 227 212 174 0.48128779537276678 43 913 60 1109 89 804 71 714 45 658
3330 -0.97134088447848665 1.9413880379630353 1.5999963197813434 254 230 76 1.5327317769565525 5 1193 60 1144 21 1140
3331 -0.74131753280918755 2.2180426802473763 1.2258828420478771 143 121 35 0.06270542859451729 5 1162 60 1145 47 1081
3332 0.26341902448315113 1.3688826643212975 1.3649308563459086 238 205 65 0.24367107362724028 5 1175 60 1158 21 1117
3333 -0.78039567929083309 2.1113063608705214 1.2443994647818668 108 0 0 0.23367935149426811 5 1160 60 1180 21 1169
3334 -0.87946375932304877 2.1019650559441083 1.50771265306307 217 173 46 0.26476122936620461 5 1195 60 1183 21 1173
3335 -1.0477379111446132 2.3032477729643324 2.3406779204675909 156 112 91 2.2840726539012595 54 1193 60 1186 12 1135 84 800
3336 -1.0969232143202259 2.7500640119515629 1.5959007363509681 0 0 0 1.5975681945706199 82 1114 60 1191 48 1631 36 1176
3337 0.44885492380226755 1.2904628817225874 1.7736519365259362 0 0 0 1.4318361640691997 5 1173 60 1195 21 1186
3338 0.44885492380226755 1.2904628817225874 1.7736519365259362 0 0 0 1.4318361640691997 5 1174 60 1196 21 1187
3339 -1.2076976957280787 2.6117577047406813 1.7248446777442648 0 0 0 2.3591408536795138 64 1314 82 1112 60 1212
3340 0.003439004821219678 2.6793649337332153 1.5272093079400133 80 89 91 1.6285647663940579 54 971 43 858 60 1177 36 1191 78 1150 44 980 92 996
3341 -0.92742412158532883 1.6604618798866231 1.2056154892831989 255 229 71 0.093458750279482278 78 759 5 792 60 762 54 817 43 733 6 810 21 765
3342 -1.0888865310044271 2.2858288078786941 2.1833534117358662 104 72 60 0.19753157542768854 6 837 78 576 43 517 60 827 78 783 54 837 5 859 34 563
3345 0.9347647365138636 1.2700626995878572 1.6097993644005681 212 128 32 0.059020201151532115 43 4 89 26 34 8
3346 0.89794840878935045 1.2827808725377607 1.5970658924966394 190 94 26 0.21344069587961648 53 105 89 37 71 260
3347 0.89804957585696388 1.2825403199842138 1.5964752373073068 190 94 26 0.19398408277507578 53 106 89 38 71 259 44 176
3348 0.26376937159812908 1.7486425172010747 2.8377041138875012 72 47 38 0.3250650910140368 43 155 60 108 89 96 71 115
3349 0.79139742186237261 2.2436462178420413 1.6401318984805695 97 68 55 3.2937971667741079 53 253 89 120
3350 -0.28083365900751067 1.8770564792050328 1.5612783697220622 146 115 40 0.32840930294499177 53 238 89 207 71 54 34 189 27 131 76 138
3351 -0.95713280224064656 2.2492429792511097 2.3088005834432637 146 97 72 0.19865065347059374 53 180 89 230 71 10
3352 -0.70783750186500627 2.4232368888554237 1.238155718814939 58 63 79 0.26865643299738806 53 316 89 254 71 556
3353 0.69975672873124517 0.90561362045309735 2.23026605361922 166 114 37 0.054772327548087495 53 322 89 262
3354 0.58250907049035883 1.014899314276398 2.0597791623424584 254 220 62 0.068900148564629601 53 334 89 306 71 400
3355 0.28567021147996147 1.3475383428182588 1.4288795564070533 67 72 91 0.29799983942317598 53 453 89 442 71 633 12 575 44 529 16 554 92 325 45 322
3356 -0.16793926453412283 1.9734201949078201 2.6089890011531987 148 98 74 0.10813877229051042 82 450 89 448 71 323 44 311 92 353
3357 -0.25718429112739188 1.9879259324341909 2.6037576916437741 51 34 33 0.14341005099402429 43 211 53 95 89 454 71 65 34 298 44 93
3358 -0.30094583034355582 2.046499520343708 2.4903149060651169 64 46 39 0.32986817531739437 78 712 89 463 44 90 92 336
3359 -0.098852318180983639 2.6840950786527396 1.5302849155495697 80 91 94 0.21603197222019468 36 767 89 495 71 601
3360 -0.84354754936615473 1.8611645612190995 1.7440292836630287 252 230 69 0.15286728023225185 43 729 89 505 71 278
3362 0.52717805130021478 1.0127512357607813 2.0797389482790631 254 209 60 0.29699671009266376 24 608 89 538 71 670 95 708
3363 0.34111478621342017 1.7664592444808227 2.7856877057787344 147 99 74 0.32282822544107653 36 677 89 553 34 785 12 804 92 644 44 394 84 529 39 410
3364 0.23539796997682558 1.9494411826043252 2.6424163617520713 231 215 176 0.28357516960587031 43 660 89 575 12 779 34 781 45 781
3365 0.14160120925539935 1.9435051132803363 2.6753223785241262 231 215 176 0.10571850521843967 43 671 89 581 34 795 12 798
3366 0.72837090333262711 2.4122402425320306 1.8813256137824457 214 197 160 0.10548877394498303 82 665 89 582 71 672
3367 0.66603446347635775 2.4430512448909081 1.8616462576677975 218 200 164 0.097426672060996866 53 663 89 586 71 666
3368 0.48591273668531426 2.2391692766826004 1.6720749156585197 209 194 159 0.61917017519950768 78 441 82 850 89 595
3370 0.95711378229693533 1.0416972190755851 1.6054168432504508 254 229 70 0.95209177655762423 7 979 89 668
3371 0.23383123445840351 1.9496014607859369 2.653510558729224 233 216 176 0.26635901056351469 43 833 89 725 88 749
3372 0.26848234095109852 2.0298769874464515 2.7176434519374215 233 216 176 2.0886576025514647 43 834 89 726 88 755
3373 0.64865070468130681 2.4402020938795719 1.7941069735971362 90 58 46 0.11369705088603595 7 1264 89 747 71 796
3374 0.37836691956923335 2.5453380638027832 1.6412358872771076 94 67 54 1.0272335660959526 78 906 89 763 71 776 44 687 92 929
3375 -0.023679571163967551 1.739299964854699 1.7554494270639569 149 118 41 0.2119221210203274 7 989 89 765 12 898
3376 1.0472184786630687 2.378522837051912 1.8691432652263036 102 71 58 0.18769240491674341 53 929 89 843 71 933
3377 0.18084731250958508 1.7543259620801923 2.8617892056259859 0 0 0 0.57002593700493742 43 956 89 846 71 772
3378 -0.38612627999069865 1.9080925720533339 2.5948867458278748 0 0 0 1.1142057002309196 6 1048 89 871 44 942 92 1012
3379 -0.51462909457461792 1.5215013755795119 1.3634262807454205 255 237 72 0.065712983650349166 82 963 89 892 71 871
3380 -0.48063916729509321 1.5524128444414755 1.3092735271325291 255 238 72 0.19036651261601711 82 966 89 893
3381 -0.57561227529386283 1.5438584813440777 1.3365208589268813 255 237 71 0.24149482747707882 43 984 89 900 34 1042 12 893 45 837
3383 -0.73272650029347919 1.550891212350072 1.3346621623657353 255 236 71 0.099171886158660044 53 939 89 915
3384 -0.7991835123167278 1.5742564550452371 1.3114441265675143 255 236 71 0.21113952980027198 6 1073 82 985 89 916 71 850
3385 -0.81046490205574917 2.3780625568169986 1.1466098048934146 129 131 123 0.38639804082107698 7 1242 89 928
3386 -0.71746198168528486 2.9724708280814154 1.1058981610008067 130 89 70 0.733651903877516 43 1015 89 930 71 864
3387 0.29443451316196484 0.92514831328578939 1.7047187693094934 191 202 230 0.22854302007431596 43 1035 82 1027 89 945 71 992
3388 0.054987640902799818 1.7105704669122375 1.4480630781885957 205 177 60 0.040594906539361764 53 1030 89 965 71 987
3390 -0.15253153846395257 1.9747111239738993 1.5630477350465912 80 63 19 0.32831809768659959 53 1036 89 973 71 979 92 919
3391 -0.33947804126322773 1.7992906088050822 1.7308206511529616 255 220 65 0.94412846563569974 53 912 89 974 71 964 34 1131 12 1089 92 1049 88 989
3392 -0.38187043608564214 2.7895190452098779 1.3423867481380571 52 41 42 0.23049731471664911 78 1114 89 983 71 962
3393 -1.1772098375773821 2.2570421066168054 2.2298984193511973 150 101 76 1.0736170398901115 43 1071 89 986 71 943
3394 -0.076683785136942406 1.93733601707998 2.6087589918759879 227 212 175 0.62218953314662295 36 1151 89 1003 71 984
3395 0.15205376139388202 1.7047796720657511 1.7943476715949571 156 125 42 0.36306569708620812 53 1068 89 1005 71 1048 34 1116
3396 0.1508198005107208 1.691668087456708 1.783635845655237 156 125 42 0.29969642466169588 53 1069 89 1006 71 1049
3397 -0.30404120803348927 1.8561652298066984 1.5044270702152953 20 17 19 0.38392783763751293 53 1034 89 1014 34 1125 27 1154 76 1145
3398 -1.2061228548544924 2.3576250423990737 2.388256675102522 0 0 0 0.54426895864948122 78 1164 89 1020 71 944
3400 0.43439093354252239 1.0701857288764056 1.4633577861640668 19 25 34 1.0315603462401648 6 918 36 864 78 846 54 878 5 907 43 790 60 646 89 711 53 751 82 798 34 862 21 699 44 694 45 575 92 745 47 667 100 330 40 463 28 457 88 491 8 385 73 365 37 3
3401 0.4094655926540296 2.5223455235539038 1.608289723622701 32 25 24 0.22537706946998573 24 351 62 362 53 276 89 164 78 461 54 467 5 480 43 153 60 510 71 123 65 497
3402 -0.85616755969499903 1.6020677371828418 1.2886871245664697 255 233 72 0.44187646098183381 24 802 62 832 89 919 36 1047 78 1049 54 1093 5 983 6 1077 43 1011 53 952 82 991 71 845 34 962 12 916 21 952 60 965 44 627 92 679 27 1023 76 1043 45 556 47 733 100 575 83 327 40 205 57 601 17 682
3403 -0.70559830367081078 1.6419037984718836 1.1841028029348741 175 131 41 0.17566529808525339 43 481 71 7 44 2 92 3
3404 -0.56113087351597701 1.5308620776691819 1.571717198798027 133 132 143 0.076038523032024907 89 224 71 15 44 19 92 26
3405 -0.3662841618408621 1.640433083797169 1.1945828965066969 255 238 63 0.22495129288943161 89 227 71 35 44 15 92 13
3406 -0.20463299251282277 1.9644905746820731 1.5541484437834998 112 70 16 0.087251713958170399 89 204 71 61 44 49
3407 -0.20463299251282277 1.9644905746820731 1.5541484437834998 112 70 16 0.087251713958170399 89 205 71 62 44 50
3408 -0.068240279093802814 1.8390764216696429 1.5937441139352557 167 138 47 0.12441579423485145 89 186 71 76 92 67
3409 0.068945439133951 1.65932449794236 1.4862864797999837 103 86 21 0.43445910925245601 36 130 89 461 71 95 44 68
3410 0.068945439133951 1.65932449794236 1.4862864797999837 103 86 21 0.43445910925245612 89 462 71 96 44 69 36 131
3411 0.1456024833770026 2.6469739256890406 1.5192395893285053 35 28 32 0.28602933469627451 16 133 71 100 20 221 26 285
3412 0.14213304177240935 1.7494216985178417 1.3929470685952321 103 120 158 0.10416078361473165 89 169 71 104 44 70 92 71
3413 0.21801006906916187 1.8167126270461167 2.7914795871588667 44 33 34 0.24411490556851828 43 424 71 109 34 521 12 538 27 614 76 630 47 120
3414 -1.1444389209253762 2.3510001221739647 2.1917079524710634 207 196 164 0.037550063928740531 89 512 71 269 44 236
3416 -0.49630835046422989 1.6716404682384283 1.1296539841154458 253 230 70 0.55824824145086582 89 238 71 286 12 379
3417 -0.58147461212784157 2.5954560452136888 1.2411547411921058 6 6 9 0.43334370721781568 89 516 71 287 44 9 92 267
3419 -0.36461238674474805 1.8305955270518566 1.8155999688721234 255 191 42 0.19254325784030399 89 485 71 309 92 303
3420 -0.087031013263649648 1.4530938997389857 1.8284761064922463 134 94 22 0.22146853039009021 89 452 71 324 44 292
3421 0.15034859447884127 1.7215334758430412 1.7035430228580064 100 97 106 0.20072924551334423 89 449 71 338 12 410
3422 0.41782416775042042 1.6745131054889388 1.8679746651823355 15 8 3 0.19684865379572955 89 578 71 354 34 430 43 100 12 608
3423 0.84208767473447621 1.2977034142593686 1.5902851175514976 255 232 65 0.18124440105701156 89 373 71 523 12 324 44 391
3424 0.84123331694403558 1.2928437670885107 1.5867719294221949 255 232 65 0.034263481289025781 89 372 71 524 44 392
3425 0.85305324642051195 1.2641164383624253 1.629552366661577 254 235 68 0.040500649557808001 53 410 89 342 71 530
3426 0.9098256663457065 1.272269801554333 1.6103277406426459 255 232 65 0.25325597086909324 43 6 53 102 71 536 34 10 12 319 44 417 92 427 27 9 76 9 45 340 100 350 83 347 40 258 28 272 30 83 88 352
3427 -0.65694164116248011 1.5680026036939614 1.5058657894177883 253 235 70 0.72757392811412203 89 897 71 554
3428 -0.60639256382772622 1.5691277242154744 1.5736672862681327 92 86 96 0.55441063635173482 89 791 71 561 44 235 92 276
3429 -0.43494951990298236 1.7650382473457771 1.9285533750044797 184 189 212 0.36961359733659288 36 729 89 618 71 578 34 804 12 719 44 506 92 722
3430 -0.13856212127357648 1.4509064057047474 1.8873232486243567 92 85 80 0.22160412469100491 89 457 71 598 92 322
3433 0.23140515915572163 1.8433243755486834 2.7678089193730404 108 74 60 0.63352827344911544 89 559 71 630 34 794 12 806 92 632 27 611 76 627 45 298
3434 0.44275969618602729 2.5130544596738882 1.6772365508171116 115 76 57 0.13478984178455117 89 602 71 638 44 536 92 577
3435 0.34350103502918578 0.93808485866964897 1.7047051808519635 125 98 23 0.32406989482730991 43 361 71 644 44 547
3436 0.61929123175895273 2.3954492851448839 1.9257147308602145 220 204 168 0.14011807944975108 24 741 71 662
3439 -0.23924584827599096 1.7907524264985684 1.6662616064966078 216 174 53 0.26168451752462563 89 776 71 745 34 926 27 1013
3440 0.10014518676021679 1.7080248502469382 1.7445992891843798 146 120 42 0.15281063953144247 89 757 71 758 44 678 92 738
3441 0.074072919504001952 1.963171801167539 2.6570203862246129 236 217 176 0.13273030514581596 89 740 71 760 34 961
3442 0.48511645187713276 2.2696434250992752 1.6358262716742296 102 67 52 1.3928961705674896 89 754 71 787 44 538 92 581
3443 1.3062587824812451 2.2603668956863228 2.0280631333437653 147 101 76 0.51295903626709249 16 934 78 645 71 834 44 767 89 687 72 815
3444 -0.47971089124630456 1.5511949579142166 1.3084793752838488 255 239 70 0.11250671897717401 89 894 71 875
3446 -0.38294935029819555 1.6440457095394803 1.2054375268946345 247 217 67 0.26335536492556894 89 890 71 883 44 838 92 908
3447 -0.28502923015471848 1.9077009823449953 1.5169100945237335 12 13 16 0.34672250517744807 89 881 71 886 44 667 92 718
3449 0.099946288901707203 1.7983992823274855 1.6314476842433339 210 176 55 1.911446023864164 89 870 71 898 12 1000 34 1011
3450 0.086485356492987955 1.6440835099896014 1.527393145372129 210 176 55 0.2577913117840695 53 913 89 869 71 899
3451 -0.66317163799408729 2.0480020096191467 2.4222084753948057 107 73 59 0.1781651126858782 89 975 71 956 92 921
3452 -0.38514500430107712 1.7965420794854829 1.6740345274609125 14 15 16 1.2490655385919984 89 1013 71 961 12 1088 44 921 92 989 45 1073 100 1074 83 1009 40 869 28 829 30 720 55 800 88 869
3454 0.038927982279044399 1.6814035527742233 1.5084169083618328 102 78 20 1.2398468275753154 82 1043 89 1008 71 986 44 672 92 729
3455 0.053540199328918403 1.623419110728338 1.5780047665069072 201 171 56 0.30403900533749495 89 963 71 988
3456 0.1253050247481497 1.7637176840810338 1.7121085747659845 30 25 28 0.57094125991286493 89 961 71 989 27 979 76 998
3457 0.5590509891930795 2.5039211257506895 1.5674073276592144 0 0 0 0.42295766789208278 36 1105 71 999
3459 -0.32749439855081597 1.8195071104789864 2.0966645969819679 23 29 38 2.7502434524079313 89 1053 71 1068 12 1183 34 1230 88 1036
3460 0.018657604487980026 2.1085173235466597 1.4886961476519522 16 25 38 1.9381861843423052 16 1176 89 1058 71 1070
3461 0.63904497676602945 0.89218349304149469 2.1565115212087664 243 195 57 2.7713077465188953 78 1171 71 1076
3462 0.58811956286938472 0.97739317814103543 2.117801691569773 250 197 51 0.18476257765980628 87 509 95 387 24 366 71 184 53 8 89 20
3464 -0.95523445107549321 2.2573990717643144 2.2457083452984383 106 73 59 0.15328825319789122 53 197 82 508 6 590 71 9 36 571 78 564 54 585 5 603 43 507 34 562 12 547 27 642 76 660 47 627
3465 -0.29421803803910485 2.8787192426864596 1.2342071956037544 0 0 0 1.1078907147705046 54 1097 43 988 71 887 41 1200 53 988 34 1017
3466 -0.16379306043020025 1.8628600044577077 1.5796845443527299 233 188 53 0.38566218671552066 61 1523 7 1307 64 1338 87 1369 95 1241 41 1250 24 1130 71 975 53 1033 89 967
3467 -0.81558230857684622 2.9149581871242143 1.2441066466132942 135 138 129 0.67010729610433595 25 781 16 699 71 860 19 1467 51 1075 29 910 98 1037 85 991 48 1462 10 1205 61 1494 7 1148 64 1324 95 905 41 934
3468 0.10270178009119002 1.7577662980309861 1.4042596429750158 101 111 137 0.15748669896237699 24 541 62 535 71 334 53 660 89 607 34 419 44 286 92 306
3469 -0.45863639027087783 1.6608773760381113 1.1663993450874777 255 221 62 0.028452620510562777 89 905 71 955
3470 0.91002627611782128 1.2522778448560667 1.6692080522791961 211 135 33 0.015719150620944349 53 84 34 16
3471 0.59639338576337408 0.95054582816120003 2.1184111336069935 151 90 24 0.58997490436476197 43 31 34 103 12 642
3472 0.32835632071078252 0.91726648319398529 1.8244108849046667 172 138 34 0.19267683966687113 43 46 34 104 12 150
3473 0.027742896055367269 1.1967478356812526 1.8386168681435369 116 112 115 0.11063552108315562 43 130 34 166 12 181
3474 0.71128581919678002 1.7195040975383151 2.9371661283400043 235 217 177 0.3085726445773202 43 82 34 202 12 270 92 509
3475 -0.20047104543783292 1.7679039876974099 1.7466492934692448 144 113 40 0.53591666707724051 89 475 34 203 92 307 44 281 76 160
3476 0.63365528818104411 2.1436828756025816 2.9196206875561463 226 210 172 2.5260353286912745 43 127 34 204
3477 0.19482477325583086 1.9531422431205119 2.6513195014854976 230 211 170 0.20593943708763743 43 168 34 250 45 278
3478 0.29051023498104311 1.795473096429649 2.7974571933892092 29 21 22 0.21256647354230737 89 423 34 252 12 536 92 453 45 302 88 242
3479 0.15479621428892062 1.9412680264166364 2.6929853154804433 215 200 161 0.14487691288530241 89 119 34 256
3480 0.11580162140347902 1.9444906422163979 2.6887118200991966 225 209 169 0.17617144359691272 43 175 34 259 12 278 76 375
3481 -0.66770709609918422 1.8050716988274298 1.7912920993549433 254 238 65 0.18871693252436056 43 253 34 279 12 224 27 300
3482 -0.8376019142818244 2.1796275008537314 2.3388230925936719 38 31 33 0.2730121422228764 43 283 34 322 12 302 27 435 76 435 17 634
3483 1.0245261357247268 1.2923501298658531 1.6204771588679727 193 140 42 0.1282817944841575 43 323 34 332 12 313 27 451 76 449
3484 0.91882822546843468 1.2626527169815436 1.6360857090085925 218 136 33 0.11520151976279143 43 328 34 337 12 323 27 456 76 454 45 346
3485 0.56901687626034847 1.1408011856749178 1.4500116864776658 151 122 30 0.18407604449056014 43 26 34 359 76 12 27 10
3486 0.53242364677979237 1.0562857130214514 1.5016344610101082 120 104 27 0.159538834662345 43 352 34 370 12 344
3487 0.27184776645756864 0.89409754931695307 1.7495948239390768 72 71 73 0.28617071486740137 43 52 34 431 12 444 27 58 76 70 45 409
3488 -0.48603213480538393 1.5826949232626355 1.2570460696958761 255 229 70 0.064011282103565256 43 457 34 472 12 401
3489 -0.57812724561678708 1.6569429339105342 1.1489953680097789 255 226 69 0.069306482829532098 43 465 34 473 12 391
3490 -0.55171984734079582 1.6035878531881436 1.2283627177971175 255 227 70 0.069575627422868089 43 461 34 476 12 404
3491 -0.95793388937662438 1.651044666131428 1.2670147101389166 253 235 73 0.078554601935244106 43 735 34 540
3493 0.90840469126607493 1.220254206952895 1.7338629542583874 255 230 67 0.24596205709492894 43 523 34 576 76 679
3494 0.83755026630172202 1.153391735009579 1.8406547125827739 255 232 67 0.41189304900236973 43 525 34 588 27 678 76 689
3495 0.76435428894016411 1.086592175918524 1.9120297333229392 255 234 76 0.25692082944215833 34 601 83 429
3497 1.3604341234692621 2.8526777906531171 3.6423971224497182 233 219 182 0.35925615878107148 43 580 12 749
3498 -0.027238000567149305 1.6821025313345135 1.8013510061436306 126 102 26 1.2803438967166423 43 837 53 609 34 683
3499 0.71068339862836905 1.8454073541527405 2.7808105227917492 232 217 180 0.081848106854425104 43 583 34 685 12 734
3500 0.64503843697599073 1.8601448437887449 2.7500416230732467 232 217 179 0.0894394616887106 43 592 34 695 12 737
3501 0.64503843697599073 1.8601448437887449 2.7500416230732467 232 217 179 0.0894394616887106 43 593 34 696 12 738
3503 0.55040807695344462 1.8535079004428066 2.7791773871759688 230 216 179 0.10780531073013877 43 607 34 733 12 768
3504 0.36879188385593259 1.9331026404951428 2.7087289452617465 229 212 175 0.0024279241158560172 34 760 12 774
3505 0.4058910303512257 1.7967037691613306 2.8060956249599491 92 62 52 0.25539264447649934 43 632 34 772 27 592 76 896
3506 -0.43861896945251488 1.7687928072748862 1.8511131078669338 255 230 65 0.44233513625010473 71 576 89 487 34 797
3507 -0.67001540154877681 1.7859093659822232 1.8694646833992878 74 52 12 2.1280228613853764 5 223 34 821 12 761
3508 -0.66963942022123424 2.0938433818016557 2.4122313031022533 106 73 59 0.27404138871095912 78 748 34 834 12 825
3509 1.0392843573188182 1.2002528483684411 1.7367030118248246 255 235 71 0.36409461076201094 24 815 34 850 7 675
3510 0.49935011583606942 1.0631306077002818 1.4422557578471391 107 87 20 0.6745909839130767 62 816 34 858 12 838
3511 0.41679051794854155 0.95655190641119447 1.6522873778812079 0 0 0 0.017653093880130658 36 854 82 921
3512 0.95403450679529622 1.2224457736733769 2.3289868456194269 255 230 72 0.73695520630075684 53 714 34 879
3513 0.71079110212485275 0.89476571059980936 2.2544369468722776 253 233 72 0.40063120911804923 43 532 34 891 27 1147
3514 0.32438223085359241 1.7763722950230039 1.7822829113797243 217 201 164 0.62463173536090622 43 410 34 893 12 603
3515 -0.43840808059493269 1.5960718974799342 1.2428184669125946 255 232 72 0.22617800840586141 43 865 34 912 12 869 76 990 27 973
3516 -0.54113875898988117 1.5760130946061055 1.2815394583828976 255 235 73 0.27244937633957877 43 983 34 931 12 882 45 826
3517 -0.041701362755677034 1.5183185673589981 2.0398245236258994 225 202 156 2.3756091866300406 43 669 34 939
3519 -0.60805982709298023 1.5156091404320629 1.3891297824967501 255 243 74 0.21501222193508371 43 989 34 948 12 907
3520 0.17446706357412528 1.972400720339448 2.6239671532938083 238 218 175 0.38709129223413102 89 734 34 954 12 955 45 915 40 656 100 793
3521 0.078360584838213593 1.7708178604393641 1.7142554598922068 198 170 57 1.4895747012400355 53 911 34 1018 12 1005 27 987 76 1003
3522 -0.41980512650462992 1.7824795786626906 1.5629468058508948 255 242 72 0.25382461789786143 53 924 34 1039
3523 -0.57536927214192535 1.5449655973897825 1.3367478150753507 255 245 72 0.28173562732588914 43 985 34 1043 12 894 45 836
3524 -0.67012957909150261 1.5325875911215137 1.3630738209348243 255 245 69 0.31296880164979363 43 994 34 1049 12 910 76 1033 27 1009 45 569 100 585 83 646
3525 -0.22313608873240645 2.0805976176493965 2.4984023386793432 215 198 162 0.49333161513934215 43 867 34 1073 12 1042 27 1082 76 1083 45 1033 100 1044 83 960 40 908 55 925 88 971
3527 -0.4130993956875168 2.137145343740837 2.4197239772098413 220 203 165 0.12724686148325984 43 987 34 1078 12 1043 27 1197 76 1177 45 1101 83 1051
3528 -0.4744620451372133 2.1652343052335392 2.3981050906916948 221 205 166 0.1409148086703744 43 993 34 1081 12 1044
3529 -0.60158612634366093 2.1966187883182289 2.3378726322947498 222 205 166 0.2133474105022776 43 1001 34 1084 12 1047 27 1203 76 1183
3530 1.036125385095561 1.2751511407701368 1.5382662308957524 0 0 0 0.8812011055502863 43 1030 34 1093 12 1111 27 1215 76 1249 27 1271 45 1146 100 1111 83 1137 40 982 28 935 30 908 55 991 88 1014 75 1059 66 1155 22 946 11 922 63 1040 13 1060 4 1032 84 827 52 986 70 913 59 821
3531 0.62658282809569299 0.98789731585739404 1.3916480419480146 255 247 73 0.92722456872839321 34 1095 12 1059
3534 -0.10769250770693983 2.0409474298355548 2.4657442460663872 30 34 40 0.8959791039706041 43 964 34 1140 12 1101 27 1298 76 1273 45 1137
3537 -1.1232305607606505 2.2081104928831947 2.3145307328888594 0 0 0 1.2482636867447372 53 1019 34 1158
3538 -0.14353575034432237 1.7047557632373365 2.1493651716099706 25 24 27 0.82035708367050086 43 1051 34 1184 12 1130
3539 1.0869806224788097 1.2729609250571656 1.6324162374773794 204 144 39 1.0447226327952057 43 1074 34 1195 12 1137 27 1272 89 998 76 1250 45 1150 100 1115 83 1140 40 985 28 959 30 912 55 992 88 1016 75 1029 22 948 11 923 63 1012 13 1061 13 1092 69 964 4 1033 84 852 52 987 70 914 59 708
3540 -0.16135148293093218 1.5101739554351898 1.8686817724260374 251 205 61 0.49089815450060481 43 1136 34 1217 12 1171
3541 -0.0074622076886029579 1.9114156712999473 2.359758375946075 24 23 25 1.7691285907406074 34 1218 12 1173 45 1180 27 1345 76 1317 40 1044 88 1034 30 952
3542 0.44997337600545895 1.0495157450723815 1.6163048547458332 126 101 25 0.63903157487655293 43 1148 34 1223 12 1176
3543 -0.95586738238603453 2.1868357498629925 1.916283152547152 26 29 37 0.74500643605280503 43 1147 34 1225 12 1174 27 1347 76 1319 45 1174
3544 -0.73986300874872701 1.5947351873174229 1.2856899085774871 254 228 70 0.24667941280720418 78 510 54 539 34 510 82 725 6 790 78 732 5 774 12 450
3547 0.096876134157310681 2.5920122551979392 1.5130962015058462 93 103 103 0.2200760330259926 34 438 12 48
3548 0.080149425268150234 1.7179576814051454 1.512348616700786 100 92 94 0.20415830378722688 34 434 12 74 27 704 76 721
3549 0.080149425268150234 1.7179576814051454 1.512348616700786 100 92 94 0.20415830378722688 34 435 12 75 27 705 76 722
3550 0.3436689035908313 0.99350107717016556 1.5687785861767918 18 26 39 0.18621736485834159 34 65 12 76 27 38 76 37
3552 0.29197092608203162 0.71278530390264538 1.8827422091240815 161 135 37 0.088168054258623077 34 445 12 179 27 76 76 524
3553 -0.34068235813051206 1.8153202892366969 1.8314969639274528 41 28 36 0.70492738163833202 34 506 12 189 45 401
3554 -0.14179938785953231 1.4534838263366132 1.8857603532120044 77 70 74 0.29107759425448126 34 223 12 192 27 556 76 583 45 432 100 102 83 120
3555 -0.96756875546205856 1.8818607746357561 1.5059966118151269 125 1 1 0.69338914792718009 34 822 12 199 27 1052 76 1066
3556 -0.99643536295739688 1.9676781237229952 1.61839899577805 254 234 70 0.13940289211516241 34 551 12 222 45 50
3557 0.44161377461322038 1.8678596663456395 2.7574222406655524 223 208 169 0.31420024167164073 34 232 12 260 88 244 28 194
3558 -1.0455256277056013 2.2729463903402429 1.9544029617900573 192 182 154 1.7902444095024559 34 836 89 248 12 277 27 418
3559 0.54060080894625506 1.7015205313628301 2.9513180453298027 77 52 44 0.13057843128758923 34 241 12 286 27 353 76 346
3560 -0.011914331750240745 1.9265693720352393 2.6798715297700983 231 216 178 0.26857650405863603 34 275 12 292 45 538 100 259 83 275 40 429
3561 1.1160132702152261 1.275852192206157 1.630512424227325 255 237 73 0.035569304071471838 89 0 12 310
3562 1.0025550218768697 1.2688968462595893 1.6402285391690465 255 226 65 0.071244934202358168 34 334 12 317 45 589
3563 0.51082249267698487 1.1172438381373169 1.352698871095233 192 203 230 0.067521459937670683 34 350 12 318 27 4 76 3
3564 0.50378723154548333 1.105810522174546 1.3757143786538149 69 69 73 0.12061365002493366 34 355 12 321 27 5 76 7
3566 -0.45957806571424381 1.5304561418439553 1.3362899261888694 254 229 70 0.088791116965173764 34 475 43 451 12 422
3567 -0.34499749310133088 1.8153438554290593 1.6690138143335225 247 200 60 0.15878084339080861 34 495 89 488 12 465 45 52
3568 0.60893644875864583 0.98869030330505336 2.0889559267357809 254 224 65 0.24810602306985072 34 95 12 468 45 501 40 352 28 375 30 375 88 431
3569 0.30774946527313579 0.70687534883803282 1.8884339336250757 255 250 79 0.17109841509072746 34 442 12 479 45 464
3570 0.60000961724621571 1.7964190523925441 2.8352641232172648 121 113 97 0.15740770141782531 34 485 12 517 76 607 83 297 88 256
3571 0.22056370424367086 1.8253526226845098 2.7959936423562155 48 35 34 0.24145961634964974 34 522 12 539 27 615 76 631 45 301 100 560 83 621 40 171
3572 0.19050586512611914 1.8136200833681633 2.8018490313741555 109 74 58 0.15906118543100994 34 526 12 541 27 616 76 633 45 541 100 561 40 438 28 428 30 461 55 506 88 448
3573 -0.61543653043247115 2.0818770443137575 2.4452149293821948 106 73 58 0.060022329582292706 34 559 12 548
3574 -0.86250958196143945 2.1829616783764552 2.3522316966667169 106 72 59 0.22771797997058596 34 561 12 552 27 643 76 661 47 613 17 637 57 545 8 618 73 559 37 242
3575 0.48030916623648323 1.1052252373799443 1.3642753884212386 47 50 58 0.52947976084472348 34 584 12 564 27 658 76 673 45 554 100 325 83 0 28 237 88 482
3576 0.48375634874328977 1.1150685348860316 1.3663350012380364 47 50 58 0.12232512080932492 34 585 12 565 27 659 76 674 45 555
3578 -1.0141960033383652 2.1276072506792452 1.7109359684771122 108 113 119 0.54529930974232443 34 553 12 742
3579 0.86904269034587744 1.761589699623922 2.9237653541101669 232 218 181 0.00026183172430365733 34 674 12 750
3580 0.79728773795331487 1.7661597436743737 2.8870636319991911 232 218 182 0.40538633762711695 34 684 12 756 88 836
3581 0.043136210012319931 1.787780785190533 2.3926683839681258 229 209 167 1.1682217559019616 5 745 12 770 27 1180 76 1165 47 494
3582 0.42278296615565247 1.888325930425987 2.720701480508632 229 213 176 0.1969119940130826 34 750 12 771 76 867
3583 0.31382352503050176 1.8287429433547413 2.7650283169216645 53 37 32 0.38238370486640072 5 727 12 799 27 599 76 619 45 539 100 828 83 290 40 695 28 648 30 653 55 505 88 675 84 641
3584 0.5745165781163728 1.697783072281382 2.9680336038220205 150 101 75 0.16785924135779942 34 763 12 807 76 901
3585 0.24984926202633123 1.7662677339381037 2.8076258529181732 147 99 73 0.1989411172611848 34 796 12 815 76 915 27 904 45 810 100 839 83 874 40 703 28 657 30 658 55 750 88 681
3586 -0.58800920154779912 2.081722746521113 2.4282728350852945 46 34 35 0.32463023402750329 34 829 12 823 27 638 76 654 45 524 100 220
3587 0.92505461450086246 1.2676707409733812 1.5698039402854731 255 226 64 0.68640577763900879 34 849 12 833 45 849 100 870 28 722 55 569 83 658 75 283 66 332
3588 -0.74957989424262661 1.7012996150216009 1.1114441117052158 255 232 72 0.51123628345548799 34 941 12 875 27 985 76 1008 45 822
3589 -0.47866563248231647 1.547237156999256 1.3048548724792204 255 238 73 0.026242186486755397 34 924 12 879
3590 -0.53980656909083324 1.574579610285737 1.280949065704813 255 241 74 0.23384606405383185 34 930 12 881 27 983 76 1006 45 827
3591 -0.54674903296449284 1.4992238161953897 1.4193910007755175 255 245 71 0.2124154421954382 34 944 12 905 45 843
3592 0.87970781534190368 1.1648514076696292 2.3682081085038988 255 242 72 2.1859082855635945 53 709 12 921
3594 -0.46140115893199168 1.6491236805081639 1.156730861858924 255 230 71 0.29667743391749818 34 1022 12 997 76 1133 27 1141 45 975 100 986 83 982 40 916 28 870 30 811 55 867
3595 0.1484465701426545 1.8776971016558768 1.6860711517333165 207 175 58 0.61849252856416947 34 1010 27 1146 76 1143
3596 -0.22582412231663437 1.8701998636455774 1.5433992629107793 254 214 64 0.92460454096228495 34 1123 12 1006 27 996 76 1013
3597 -0.79557690963859684 1.5663083185252697 1.3087289023848221 255 244 69 0.25301536361399235 34 1060 12 1017 27 1020 76 1041 45 834
3598 -0.53855059150473461 2.1773939226526924 2.364787179828725 221 204 165 0.095747308833898065 34 1083 12 1045 27 1201 76 1182
3599 -0.65805505431933309 2.2225284202669391 2.3113623973148267 214 197 159 0.54973875798297633 34 1086 12 1048 27 1204 76 1186 45 1025 100 1037 83 1043 66 994 63 787
3600 -0.90821114008152948 2.3122087333288053 2.2022381843677232 217 202 165 0.34953352112309927 34 1087 12 1052 27 1210 76 1191 45 1019 100 1031 83 948 11 637 57 956 17 1109 8 931 73 870
3601 0.45738166765852667 1.0634878516315338 1.4142334822863909 188 198 225 1.0182439484722721 34 1097 12 1061 27 1217 76 1196 45 1057 100 1057 83 984 40 923 28 876 30 861 55 939 88 988 75 852 66 915
3602 0.39157402219312254 1.317979167586119 1.4094499541392085 103 71 58 0.96370611020569497 34 1165 12 1062
3603 0.3552149688974412 0.95118875481686471 1.6173301595585838 189 201 232 0.11951804271237415 34 1102 43 933 12 1073 27 1131
3607 -0.35893527471060421 2.1348995180740284 2.3740292356248918 43 42 39 0.35158489231549805 34 1074 12 1102 45 1099
3608 -0.53490962788388974 2.1912423424677385 2.2955984895079213 41 41 38 0.1559379798964308 34 1144 12 1103 45 1095
3609 -0.97081614951398587 2.3236300948244488 2.1760455402721992 218 204 165 0.30810155893206737 34 1151 43 1022 12 1106 27 1264 76 1243
3611 -0.40388920990215021 1.8197658884138546 1.7618002431775233 255 236 60 0.2622613932615262 34 1182 12 1125 45 1153
3612 -0.91953158086965681 2.0444421657628786 1.6875146245710773 255 224 61 2.2290769500798597 34 1188 12 1128 27 1338 76 1311
3613 0.70499614372816743 1.0631761696470237 1.2873354102148118 239 205 64 0.81115665323275876 34 1193 12 1136 76 1248 27 1270 45 1141 100 1137 83 1159 40 1029 28 952 30 897 55 988 88 1010 75 1015 84 848
3614 0.26529006898815505 1.3925383088480476 1.3756088470711083 236 204 67 0.36558049355870664 34 1199 12 1138 76 1279
3616 0.012452989116111812 1.8857021426555025 1.5507037654144615 29 29 30 1.5996674269593907 34 1211 12 1158 27 1331 76 1303
3619 0.344106191122242 1.0491452906671608 1.8572935016672778 130 102 23 1.1953729824216159 34 1227 12 1181 76 1321
3620 0.80748213930555546 1.742365934578552 2.9567567526658909 129 121 103 0.26093189047699777 34 1229 12 1184
3622 -1.1924462701079512 2.4438093714629288 2.0308543791786677 229 214 177 0.50452523078302647 6 1007 82 893 36 979 78 978 54 1038 54 1112 5 1042 43 912 34 988 12 970 89 805 71 716 27 1106 76 1104 45 879 100 663 83 749 55 342 75 376 57 958 17 1028
3624 -1.1413985022838442 2.3412771133928896 2.1826254394408924 205 194 162 0.3287453055301211 82 736 6 847 36 803 78 795 54 845 5 870 43 751 60 843 34 842 12 549 89 513 71 270 21 845 44 237 92 280 27 927 76 942 45 484 47 843 65 801 100 490 40 83 30 109 55 104 88 56 84 51
3625 -1.2078369847126509 2.3605384547213686 2.156784429016442 204 193 162 0.56980504554904088 43 520 34 565 12 550 31 660 42 380 64 714 53 477 82 741 6 851 36 809 78 805 54 853 5 877 43 752 60 853 89 518 71 266 34 843 12 826 21 862 92 275 44 231 32 246 45 669 80 210 2 247 65 808
3626 -0.63994208856629087 1.5565185089272371 1.297185598434266 255 228 71 0.98908390085999787 61 1249 24 809 62 1002 53 943 43 879 6 970 36 1040 78 923 54 965 71 859 89 910
3627 0.2700403604194978 2.6816149448959297 1.5275490332747104 37 40 36 2.5334329488170138 7 1164 91 823 41 820 87 1152
3628 0.37569994059330919 1.1582727175537935 1.4266313060852578 142 155 186 0.18356166403141802 6 15 60 6 21 7 65 5
3629 0.15739474247119964 1.3674187187409823 1.8623509204024706 110 80 20 0.13461685269339885 60 18 21 24 65 31
3630 -0.64382001742980965 2.0825890111361574 2.4290041019453303 39 24 19 0.22501973510887624 78 220 21 201
3631 -0.73022562991816076 2.0636686916604945 1.18895182142682 61 72 98 0.37404182735993446 6 321 60 259 21 202
3632 -0.9827248424467635 2.0327975423246847 1.5921981257682163 122 110 31 0.050275828005516499 60 281 21 229 65 234
3633 -0.77231089531699448 2.2092565916219926 1.3207099650068721 162 132 35 0.10887523006775773 60 280 21 241 65 236
3634 -0.76113903763939406 2.3737168194067566 1.3170014421516154 61 58 31 0.11223801821307362 60 588 21 268 47 241
3635 -0.76113903763939406 2.3737168194067566 1.3170014421516154 61 58 31 0.11223801821307362 60 589 21 269 47 242
3636 -0.40020776439831629 2.807672707895402 1.3186159956832939 25 19 18 0.35397948150599806 60 308 21 295 65 337
3637 -1.0649764272787745 2.4498106640421775 2.0122211287517584 121 118 102 0.16979717217601414 5 355 21 316 47 338 65 386
3638 -1.0649764272787745 2.4498106640421775 2.0122211287517584 121 118 102 0.16979717217601414 5 356 21 317 47 339 65 387
3639 -0.97386792912101006 2.5973847691496745 1.7496680497557577 76 67 52 0.053702883226636189 60 366 21 336 47 329
3640 -0.97413094431343306 2.6447964636669385 1.4916181492742344 80 86 83 1.3961287091467298 60 380 21 358 65 401
3641 -1.0397917263615986 2.6952807973230621 1.5739843092508994 126 127 117 0.075693978612175333 31 380 60 390 21 366 65 436
3642 -0.5786123791640907 3.046759705497093 1.2071771877362598 136 96 72 0.37573734362330802 36 603 21 368
3643 0.44664746536286176 1.1427205065539601 1.4165121636153502 62 68 83 0.39874750211586252 60 3 21 375 65 4 33 8 58 10
3644 -0.006670562756041519 1.1694369203062969 1.7086706712884983 241 207 68 0.14040918810562461 60 407 21 379 65 15
3645 -0.006670562756041519 1.1694369203062969 1.7086706712884983 241 207 68 0.14040918810562461 60 408 21 380 65 16
3646 -0.72784077187597784 1.7156994789432394 1.1083612232566638 254 233 91 0.29707811301817261 6 804 60 746 21 520
3647 -0.80596107047021082 2.0861765643936336 1.4955298789167411 156 127 34 0.21379417116271163 60 789 21 579 65 519
3649 -0.38332577637829002 2.791146900781039 1.3282935243544067 56 45 46 0.14658792606249749 60 594 21 627 65 578
3650 -0.62197257472146206 2.70732450740701 1.4257302149617983 81 85 78 1.2630989259012224 21 642 32 829
3651 -1.126366026980006 2.3898914649735912 2.1059683221826675 114 111 94 0.23066822418211119 5 629 60 615 21 646 65 619
3652 -0.9778907681402681 2.7424072071864511 1.547391263526624 83 90 87 0.2047129569608778 60 388 21 685 65 440
3653 0.62544695763396407 1.1508633644436881 1.3401391155052789 119 105 41 0.25237527965954137 5 895 31 797 60 640 21 695
3654 0.24626383571492755 1.3981190074143719 1.4593655668701369 94 89 88 0.57562009432027228 60 1043 21 712 65 963
3656 0.94494793563685386 2.2441253179870211 2.2251903049427235 230 214 175 3.103704039430677 53 776 21 738
3657 -0.71831815860989068 1.7347730167735447 1.0899902115270972 106 84 18 0.072094720545050769 60 750 21 759
3658 -0.32094498265273141 2.7446478905069607 1.3393861132034102 78 59 54 0.18441737366846644 60 806 21 829 65 565
3659 -0.35872463438545538 2.7895166473390898 1.2537672886502238 109 77 63 0.079839084302973096 60 809 21 834
3660 -0.58186135472728739 2.7940146056655726 1.3976690159242198 86 95 93 0.18471924059263889 60 833 21 866 47 795 65 792 1 601
3661 -0.77507943051135564 2.6915785323099142 1.5896474786618835 101 103 95 0.17436934300749499 60 847 21 870 47 816
3662 -0.66040423153256 2.8699948756481808 1.2935217551849687 129 132 124 0.14906605736182474 60 619 21 887 47 611
3663 -1.1652033287403258 2.5608064037746696 1.8269335786762682 196 187 163 0.14848824413231043 60 890 21 893 47 851 5 881
3664 0.3905476821585489 1.1907795419894978 1.4400949260195348 22 30 39 0.12364304363283095 60 652 21 924 65 845
3665 1.1727108356705891 2.266586233555433 2.0102790848065926 50 31 23 0.31985148195297075 31 851 60 939 21 938 32 159
3666 1.1130616602091832 2.3366069669472913 1.8438600106366219 0 0 0 0.33022420794778234 6 935 21 940 65 716
3667 -0.83997529468455523 2.1615367737629061 2.3434316275659426 73 60 56 0.28278346790604492 60 986 21 980 65 907 1 661 33 370
3669 -1.0876366028220028 2.3738031774003967 2.0727074062945827 242 229 197 1.1312606220987051 60 842 21 1001 65 927 1 594
3670 -0.45635989353235024 2.8708484784341675 1.2126759969940675 121 85 68 0.28208646277382027 60 1010 21 1008 65 782
3671 0.29997796942890076 0.89130097942681485 1.8615190578202572 148 128 46 0.54941485812726154 60 1117 21 1035 65 954
3672 -1.3686626218207161 2.390399019459811 2.1288031268595158 131 96 79 0.77404607950649384 5 1047 21 1107 47 1048 8 1018 57 967 73 966 37 873
3673 -0.50018029109942153 2.7392798518176784 1.3289793528994367 85 95 98 1.8234466583582287 6 1106 21 1148 65 770 60 821
3674 -0.79335246629172118 2.1093688069275598 1.4578460269109261 127 101 27 0.39393501170698092 60 1207 21 1171 47 1106
3675 -1.0357407370729639 2.3473224818002594 2.113810179564092 235 225 194 0.68399890775741923 60 1189 21 1175 65 1097 1 812
3676 0.048895718833245401 2.6471944028130645 1.4635824407595941 34 28 33 1.4802277742891174 53 855 82 876 6 988 71 756 21 1078 36 938 78 931 44 670
3677 0.61865578196694904 1.1076178535354448 1.3629902538915151 155 133 40 0.42976013612851027 31 973 42 1293 29 756 21 921 64 1064 6 911 36 858 78 831 54 864 5 892 60 911 32 744 46 617 80 702 2 721
3678 -1.3362022134334204 2.3985239265985889 2.0960589024561256 222 211 177 0.56100688554015543 31 314 96 414 19 397 99 420 42 406 48 247 61 856 64 728 6 868 21 882 6 1009 82 750 36 984 78 982 5 1046 60 1031 89 660 32 272 47 986 2 274 65 826 8 1015 73 881 37 803 1 483
3679 -0.38200862911613459 2.794795599577093 1.3356447719109177 57 44 43 0.18381500393282979 89 503 44 31 92 24
3680 0.24900392004779737 1.907251807619915 1.418694664519154 23 24 25 2.3348289630644175 95 184 44 87 41 220
3681 0.48470111428262369 1.0326085245105869 2.0734082764183293 177 105 19 0.096519900530126393 71 363 44 162 92 200
3682 0.72627649899131719 1.748467559687565 2.8931897526608314 236 220 184 0.077253238495287938 16 276 44 218 92 261
3683 -0.16190698436516987 1.7852137649388766 1.6921121842645468 128 102 35 0.11350548851561378 16 323 44 280 92 66
3684 -0.043653425791794369 2.6885519600945877 1.543504305658163 80 91 93 0.6226257226340709 78 518 44 282 92 58
3686 0.61258803821522034 0.9731418306582893 2.1085258182032507 172 110 36 0.11780896792381641 89 273 44 436 92 482
3687 0.59976989489740062 0.96093430050068251 2.1315204749378625 143 93 32 0.16615488730674613 71 413 44 438 92 225
3688 -0.24660705213648518 1.9359245369237028 1.5065220161605999 255 223 58 0.19173800047367187 89 782 44 499 92 535
3689 -0.43611895598520434 1.747207484087735 1.8337462031657423 255 225 61 0.25301969563007076 71 575 44 502 92 720
3690 0.015428964426319608 1.5648885318363182 1.6725018559419356 134 95 19 0.080746144174473566 16 549 44 522 92 566
3691 0.52157666323425178 2.2752468503250944 1.6303462314993518 126 82 60 0.74433579761172342 89 596 44 543 92 584
3693 -0.60867015520358492 1.5089870383135398 1.3882722570389112 255 244 68 0.070013593306084074 87 750 44 646 92 699
3694 0.04706009203371106 1.6574924951268826 1.4951825612041798 86 65 13 0.85773423626493284 71 985 44 671 92 728
3695 0.63613909555182557 0.95868971617588938 2.1159664229108195 249 222 142 0.78261403555503806 71 676 44 727 92 791
3696 0.81932585565130422 1.7075449427349008 2.9766175290360639 235 220 181 0.63864912127495466 34 922 44 831 92 898
3697 0.57921481081463355 2.748815236341966 1.7082416637433513 0 0 0 3.5261869186671744 62 1136 44 863
3698 1.0706812850684111 3.2394529236837721 3.9150874780044811 246 226 183 2.4518607508552304 95 1206 44 898
3700 0.91434357020143209 1.7123450669225475 3.1118189379249737 0 0 0 1.3453053536892885 95 1178 44 902 15 1073
3701 -0.94116913345667252 1.60603701596213 1.3393361654691982 255 233 72 0.61855996301543203 16 1035 44 906 92 973 88 852
3703 -0.32821434538691774 1.855711348700372 1.8473430918564242 50 36 36 0.21775912184450599 71 966 44 930 92 998
3704 -0.18090649903099801 1.9572114384026711 1.4634864044418219 251 207 59 0.68643218574558929 12 1159 71 1069 44 1022 92 1093
3705 0.80676847338323343 1.6405005926942811 3.0655056783094463 112 76 58 0.92847872295759737 43 567 89 526 34 730 5 40 12 962 44 833 87 1043 41 953 71 814 92 900 27 871 76 873 45 972 100 1054 83 1075 40 970 28 915 30 891 55 982 88 922 75 1078 66 1152 63 1059 13 1111 69 958 94 807 13 1087 84 720
3706 -0.44012294390326956 1.5869644559982896 1.2508256470720205 255 236 65 0.49561612529760052 7 1197 87 1256 95 1133 41 1144 24 1001 61 1437 62 1021 64 1212 25 1034 16 947 91 1029 44 836 89 895 71 879 92 906
3708 -0.56874839688262757 1.6227496884679671 1.2015089670272876 255 232 73 0.4103031208523617 87 977 41 878 25 752 16 676 44 633 48 1285 61 1439 64 1222 24 1003 62 1027 53 957 89 911 71 862 92 686
3709 0.74030831880886661 1.6602575085637965 3.0354634174616857 103 70 53 0.98019571710022135 54 677 43 574 60 670 34 935 12 964 44 800 87 1041 95 920 41 949 25 863 16 824 91 891 71 809 92 896 76 1069 45 1049 43 807 100 1104 83 1131 40 969 28 913 30 890 55 981 88 921 66 1151 13 1086 69 957 72 738 94 806 84 717 39 647
3712 -0.27311046798494742 2.7798601875336222 1.2741780038052395 68 51 47 1.0288756951766851 82 1070 89 982 71 970 44 842 6 1100 78 1112 54 1146 5 1104 36 965 60 1148 21 1094 53 862 65 908
3713 -0.14597814223490427 2.7566142605624795 1.3389622073971741 55 39 35 0.96030053486294908 78 947 54 1091 5 1102 43 972 60 985 44 844 64 1367 41 1309 62 1174 16 1078 53 982 82 1066 6 1096 89 887 71 977 92 914
3714 0.76008336504137364 1.5798160962418897 3.1304115796948717 0 0 0 0.79169314195343543 43 804 44 895 87 1293 16 1020 20 1215 72 743 41 755 91 897
3715 0.6208315170638139 1.659894768047558 3.0209897248462712 157 105 78 0.65407462250174464 25 1103 16 1016 91 1091 44 893 54 894 43 809 34 1044 92 963 20 1083 10 1046
3716 -0.32774551420975928 1.7890641494956034 1.8090725345927663 87 46 4 1.5450061368891381 25 1040 16 963 44 931 24 987 62 992 71 967 12 1093 34 1138 43 1055 92 999 27 1245 76 1226 45 1081 57 892 17 732
3717 -0.58721787559721472 2.116576271252204 2.4035898878172213 142 95 71 0.29302098104774299 82 705 36 750 78 742 54 801 5 806 43 718 12 545 44 284 89 486 71 294 92 314 45 519 28 146 30 168 88 370 84 277
3719 0.67724071895935045 1.6839959552653061 3.0098465977100943 93 63 50 0.90495884930957859 36 872 43 582 34 942 12 965 44 769 25 849 16 807 91 876 92 882 45 1048 100 1052 83 1129 40 915 28 912 30 889 55 980 88 920 75 1052 66 1150 13 1085 69 956 72 717 94 805 84 706 39 620
3720 -0.28323182532712227 1.7734003915736904 1.7573488273535649 245 195 59 0.36995317670977768 82 854 43 967 34 1041 24 812 62 998 53 799 89 775 12 920 44 507 25 569 16 537 92 551 92 724 27 1165 76 1153 45 1002 100 1013 83 1017 40 757 88 706 28 469
3721 0.089150239258551853 2.6739009392776323 1.5029949870196686 37 31 36 0.070827258794913445 89 780 44 673
3722 -0.65224562506834394 1.9949762805439635 1.0433472863509092 0 0 0 1.7525166213175112 44 1030 92 1089 72 1004
3723 -0.28381773131248333 2.1062923915935916 1.3896823541445584 87 68 13 0.17145032845322666 44 251 92 34
3724 0.60144369667229625 -0.8117124709707827 0.72809514097293548 7 8 15 0.32633232103777399 44 94 92 107
3726 0.0059766636788430097 1.952187953285812 2.6522661819734097 232 215 176 0.13665066204388335 89 130 92 132 88 439
3727 0.0058363215248232944 1.9590414978668531 2.65762896653515 232 215 176 0.015819384332006397 89 129 92 133
3728 0.59247756430555842 1.7536389497547065 2.8741580582654462 237 222 185 0.093460269214381331 36 60 91 253 92 250
3729 0.5927534732525801 1.7538419113594768 2.8741249313604587 237 222 185 0.093313814666029338 36 61 92 251 88 258
3730 0.72644197557262236 1.7352047785311624 2.8836383178066769 234 219 182 0.08816378302691108 44 219 92 262
3731 -1.3591588307527709 2.4363361845519966 2.1174403780988045 225 213 180 0.86616541516110956 53 662 89 659 92 270
3732 -0.49485834672155365 1.6720631271669273 1.7019254997499647 74 72 88 0.096155581307594579 44 248 92 291
3733 0.10176352006003642 1.1969931210953417 1.8513804045278079 252 182 43 0.13333786214677507 44 308 92 337
3734 0.46469710939768033 1.0541280281273844 1.5307424593284589 91 99 121 0.048225427016525158 44 548 92 350
3735 -0.91062114439396125 2.2867338346237855 2.1971878298625538 215 202 167 0.41169813979494913 34 1088 92 531 27 1211 76 1192
3737 0.027379350388768313 1.7384227916390085 1.6801545672153235 145 104 20 1.3314949230042528 44 523 92 565 45 364
3738 0.41138630077737753 1.0663413798928358 2.0230937126303639 255 208 51 0.91169695799762929 44 564 91 1053 92 619 26 935
3739 0.56772261721177164 1.0501535631537351 2.0233843814657155 255 220 60 0.22348225231528204 44 589 71 673 92 641
3740 0.72329983538897447 1.6839371332832724 2.9809103435835116 226 213 177 0.17260931211227432 44 614 92 672
3741 -0.46990260249038124 1.4286646902588689 1.4288673466620048 255 246 67 0.098615366104461782 44 657 92 711
3742 0.92316656693376675 1.1313390509122456 1.7467088933926949 241 222 180 0.0899647551851495 44 732 92 788
3744 1.1611716433765167 2.0247826414461336 2.4344005245606275 237 221 182 0.099264726138014889 44 812 92 866 84 683
3745 1.0552135125338629 1.8918163466931162 2.5742905174096786 243 224 182 0.10349986687165362 44 816 92 876
3746 1.0552135125338629 1.8918163466931162 2.5742905174096786 243 224 182 0.10349986687165362 44 817 92 877
3747 -0.42736158443635142 1.8385889672248075 1.6305437044550828 255 207 53 0.37301787134419956 44 920 92 915 84 604
3748 0.39537471601466906 1.6702844003131976 2.9352795764759989 0 0 0 1.2901045896904171 91 822 92 959 72 639 26 976 20 1072 39 548
3749 -0.9737515018529449 1.5698293336952647 1.2809258434313264 0 0 0 0.23708752933362184 44 904 92 972 84 776
3750 -0.2922070470790048 2.386109954640327 1.4048649335833969 12 18 28 0.088426215845664652 44 978 92 982
3751 -0.27963533167884985 1.784650491424087 1.6319340876392032 250 203 55 1.2001662687377517 44 923 92 991 40 943 55 889 28 824 88 866
3752 0.38021031186884319 1.0001056256119416 1.5563075696476587 15 16 17 0.62313844487566117 44 949 92 1014 88 945 28 818
3756 -0.93811414001502891 2.0417555493693924 1.9058252999735745 27 31 37 0.44440371212624186 44 974 92 1069 45 1175
3757 0.11702777442829479 1.5357689631593059 2.3878121723869881 221 202 164 0.46570665683660983 44 1032 92 1101
3758 -0.1635117978045165 1.7915112974542229 1.6944689628414891 135 105 32 0.48984978544998931 89 189 12 144 92 65 25 318 16 322 44 279 71 320 45 62 88 294
3759 0.58826987855093527 0.97835342849670526 2.1182977576268143 252 206 58 0.17948292181216208 24 367 44 421 92 476 53 9 89 19 71 185
3761 0.054179366113388257 2.664043713721663 1.5263758807529033 83 94 94 0.29536284836797433 54 778 43 691 92 305 96 915 31 695 19 926 99 856 42 949 51 850 38 722 29 723 98 1036 93 755 48 954 85 487 10 925 61 926 7 955 64 1004 87 715 95 623 41 630 24 760 62 765 53 691 25 449 16 369 91 451 82 724 6 580 36 755 78 727 60 561 89 621 71 615 21 581 44 287
3763 0.28941267553901545 2.613570804744564 1.5316820037538215 54 42 44 0.42021090839325342 5 961 34 626 92 734 82 870 78 912 54 942
3764 0.052868897924380709 1.8932487914974092 2.7419634586166555 63 44 41 0.88366441404356311 78 892 54 931 43 844 89 735 71 759 34 967 12 972 92 612 54 748 71 623 27 1191 76 1174 45 1047 100 1100 83 1125
3765 0.39362329265832108 1.0126605914867528 1.5360564903563358 11 12 13 0.067519603101041409 34 58 27 31 76 29
3766 0.087423813354312568 1.8079587346427088 1.6499882162559294 117 82 19 0.3339916750151653 34 118 27 93 76 99
3767 -0.25622295487485625 1.7903850164403403 1.7220927711347993 187 146 42 0.44855113577960803 12 464 34 212 27 171 45 64 88 45
3768 0.7822004484943339 2.7249047967161655 2.8074039932290997 229 211 169 0.3190353400734085 12 184 27 255
3769 0.58420483750837515 1.8437606350300924 2.7784210999669412 135 126 109 0.15671015884513739 12 246 27 288 76 267
3770 -0.26391201543387188 2.0523195235763905 2.5148946486544022 113 75 53 0.11294965999935121 12 537 27 408 76 402
3771 0.79985337850407245 1.143754114621341 1.3962807306107183 252 158 27 0.31941506126229102 43 3 27 444 76 444
3772 0.53465287176037957 1.0782940875969504 1.383913431638111 156 126 31 0.36694602488472833 34 349 27 453 76 4
3773 0.91592423966354308 1.2579637667056824 1.6346620006013124 225 142 36 0.076107872538263441 34 338 27 457 76 455
3774 -0.051770149210423465 1.3374185290202902 1.8673730563829447 202 147 34 0.19547612267814504 34 718 27 550 76 760
3775 0.24077289581606434 1.8521354605857838 2.7774162131714966 105 71 53 0.24698587980359396 5 445 12 534 27 610 76 626
3777 0.98896053397237371 1.2999069264179186 1.634574012351119 253 213 59 0.18474740971641787 34 569 27 660 76 672
3780 0.87447620818813609 1.0451433970180757 2.0043946809153832 255 234 75 0.1008256335731732 34 865 27 687
3781 0.088931365911249505 1.6650611872335459 1.8381372868804664 99 86 50 0.40795335498034224 34 909 27 733 76 736
3782 -0.25559538776337382 1.8612643104317204 1.571099206557107 154 116 34 0.10372483910038453 34 692 27 734 76 739
3783 -1.0216897296150766 2.1767182542362207 1.8534054735538616 116 115 104 0.35183905906282353 34 833 27 910 76 929
3784 -0.07127736703634982 1.92313012669983 2.6806815873843748 63 43 37 0.27227754817265526 12 543 27 911 76 927 47 519
3785 0.86687991203997516 1.1775867971851772 1.8057757793852807 255 216 53 0.090479656738852013 34 857 27 945 76 960
3786 -0.055290356408937445 1.8149812010837529 1.6174584070435067 165 137 48 0.10094153389146095 12 1004 27 988 76 1004
3787 -0.38617770971093807 1.765844263501317 1.4893597153980598 254 239 70 0.6893518636475594 34 1033 27 1004 76 1021
3788 0.7051135917923218 1.8339003449350952 2.804355332646371 230 215 176 0.59408156251004351 34 919 27 1048 17 826
3789 0.65501158354115319 1.7090448429793605 2.9504199892843119 227 213 178 0.48136091359329125 12 959 27 1062 76 1068 28 866 30 851 75 950 66 910 17 847 8 187 73 157 37 409
3790 -0.91335475264771326 2.2133688093335682 2.3281526521501039 148 99 73 0.16648596422937817 12 827 27 1112 45 691 57 961 18 728 17 1025
3791 0.64266204645676583 1.1489129432920167 1.3002759620742037 144 128 37 0.57813032039193402 34 1094 27 1128 76 1119
3792 -0.32726141362046263 1.8109406184345671 1.7402380473603829 255 220 64 0.66205702318811832 34 1132 27 1166 76 1224
3794 -0.19902773289808237 1.851672842743185 1.6173847874752632 25 20 12 0.15620675395340589 34 1171 27 1237 76 1215
3796 0.11592752653833277 1.7564052639570227 1.5702104148118861 208 180 62 0.70209664468217936 12 1069 34 1109 27 1284 76 1259
3797 -0.93369003178221177 1.5822452670239935 1.3303850710130594 255 232 72 0.080470988931639051 34 1187 27 1293 76 1270
3800 0.70626672142669467 0.93072797019995157 2.2422105397202219 182 125 37 0.17419052740541549 34 1200 27 1307 76 1281
3802 -0.95442030802169919 2.1892481514253959 1.9092100574353186 17 18 22 0.68332980171930602 89 1048 27 1348 76 1320
3803 0.78069021348886458 0.97814588676326553 2.1307646874744788 211 210 97 0.76311210973387555 7 1278 87 1367 95 1243 41 1255 24 1116 62 1146 53 1059 91 1178 82 1083 27 1282 34 1167 43 1080 76 1256
3806 -0.17769761395914552 2.0628781673015482 1.3946111341294343 162 174 202 0.83011936512426554 89 882 71 889 96 746 31 548 19 1062 99 268 42 1119 51 701 38 137 29 119 90 615 98 842 85 806 93 1112 10 1333 48 1530 61 1462 7 1235 64 1242 79 513 87 1288 95 1166 41 1181 25 1056 16 1059 91 1049 44 843 92 916 15 929 50 1080 20 1195 3 782 49 379 67 408
3808 0.33790381203029762 0.84369090560324544 2.0135042069121987 255 244 63 0.075907767649935995 27 101 76 104 45 205
3809 0.049041453771637655 1.6174326094790799 1.8613112044076765 102 96 105 0.19125726406984023 27 140 34 463 76 142
3810 -0.51979502716004156 1.7975018686237807 1.850812754233464 136 117 96 0.18182649907721862 27 275 34 532 76 271
3811 -0.51979502716004156 1.7975018686237807 1.850812754233464 136 117 96 0.18182649907721862 27 276 34 533 76 272
3812 -0.44235692642866226 2.1638966999681579 2.3849271179067624 218 203 163 0.10190420722963522 12 279 76 407 45 238
3813 0.2519682353143014 0.88346882833324658 1.7642325039469384 174 188 218 0.087640971507207066 27 503 76 512 45 418
3814 0.45356354965369761 1.0441403088994594 1.9146897505346006 174 141 36 1.0176150014095837 27 703 34 429 76 519
3815 0.055808404278278843 1.1359345477107734 1.727921821771558 243 211 81 0.08455467560229657 27 522 34 458 76 541
3816 0.77828060135378785 1.2533518443580773 1.515515626851228 154 134 43 1.8466824566474367 27 661 43 767 76 675
3817 0.3277693206350753 0.9171433825057691 1.7230928909311416 122 95 22 0.034933150164589671 27 690 76 702
3818 0.44643572627052175 1.7094768057907779 2.8906071217879328 149 100 75 0.051046194750721668 27 894 34 780 76 906
3819 0.82028800378318234 1.1238670809726325 1.3934330369378292 255 248 71 2.0330108376483418 34 846 76 946 88 883
3820 0.98550159776854396 1.2524472184136552 1.6727614621099256 1 1 0 1.1834927490047833 12 984 27 933 76 949 45 991 34 992 40 760 30 744 88 899 84 806
3822 0.99462327440401144 1.1615609033696552 1.8607535978431962 242 218 65 0.75693656666825782 27 674 34 856 76 958
3823 0.61432697123357893 0.75652681968369395 1.9456191839902663 255 237 74 2.1398188624778767 43 769 76 970
3824 0.61432697123357893 0.75652681968369395 1.9456191839902663 255 237 74 2.1398188624778767 43 770 76 971
3825 -0.52905912010803247 1.4644953640499494 1.3548476391910313 255 243 70 0.05743537127868098 27 993 76 1014
3827 -0.79481493608761933 1.5680522800631165 1.3086940857179272 255 244 69 0.19855786777448065 12 1016 27 1019 76 1040 45 833
3828 -1.0721831157128789 2.2528465506687119 1.7403964407804535 120 112 95 0.46096382995052504 27 1078 34 831 76 1082
3830 -0.22537923247213634 1.7627667176626156 1.7860980369937232 212 156 41 0.053201833390567686 27 1162 34 1036 76 1151
3831 0.016972266043552488 0.3655185732975762 2.1815918576618309 245 226 184 0.25415039840496667 27 1168 76 1158
3833 -0.3832550853087846 1.8105235819865571 1.6715910424879765 13 14 14 1.016412770658494 12 1087 100 1075 45 1072 83 1010 40 870 28 830 30 721 55 801 88 870
3834 0.11086309486076115 1.750417156673989 1.568831727980545 206 177 61 0.61741150533013645 12 1070 27 1285 76 1260
3835 0.25874852020096234 0.9370908131516249 1.9531258331611927 160 132 36 0.74590391855132621 27 1287 76 1262 45 1016
3836 0.42547482867149283 0.85247604143605404 1.212325437298615 0 0 0 1.6425044303774108 27 1305 76 1295
3837 -1.2548724833006044 2.3269992620971114 2.378319657081597 0 0 0 1.7531152859196868 12 1179 27 1351 76 1325 45 1181 100 1183 40 1041 88 1028 57 1182
3838 -1.0224751808508838 2.2507150873650366 2.0187114475281485 13 13 15 1.1210975604480278 12 1133 27 1319 76 1276 43 1068 34 1150 12 1105 47 1136
3839 0.50195929517607363 1.1081092605610805 1.3730214561583527 72 73 77 0.54662113975122928 34 356 12 322 92 342 44 314 27 6 76 8 82 45 36 17 78 17 54 6
3840 0.3356036701780985 1.1658340127157687 1.4243663756408571 25 30 38 0.21107663901053358 27 25 76 22
3841 -0.50519061377162189 1.5772488059466285 1.2815986333373131 184 150 51 0.023124858048208664 27 103 76 110
3842 -0.089314968547535678 1.3678606622630738 1.9043423113637001 27 22 15 0.47399013774666643 27 1292 76 1222 40 880 28 727 30 733 55 896
3843 -0.4246227128859511 1.2939251160104122 2.3267087614686472 144 96 69 0.33393222395337729 27 1301 76 1292
3844 0.73836054073073998 1.3782088257903329 1.6581257532053741 166 136 35 2.0366011032850371 27 1322 34 1208 76 1296
3845 0.59629375998251299 0.99558281554241423 2.3159869356747431 0 0 0 1.6864247812011763 27 1334 34 1202 76 1306
3847 0.24261980951844936 1.3026149806269522 1.8525085234086698 158 131 48 0.087200812857172738 31 431 32 31 77 39 46 38 80 38 2 29
3848 -0.73474393356303958 1.8671653837180548 1.0848548040740915 105 93 26 0.18374583928305113 31 119 32 86 56 60
3849 -0.7548900637003183 2.1233322148589395 1.2331686750572 99 0 0 0.055453574224997533 31 242 32 142
3850 -0.82233531323670717 2.1808788626443318 1.3691806404098135 166 139 60 0.29001434208683474 31 623 32 179 80 117 46 91
3851 0.14456574724884036 2.3456826046690709 1.3469350369211497 2 2 2 1.949754497224095 31 265 32 185 46 94
3853 -0.86048790683765763 2.5242380855874766 1.8782855307365507 56 55 48 0.15619369275526271 31 327 32 279 80 234
3854 -0.70612718405611252 2.6296619992856534 1.6519355916973006 86 90 83 0.15161943512305817 31 359 32 306 77 215 56 216 46 251 80 489 2 506 58 325 68 298
3855 -1.0483429765710341 2.6500482071874529 1.6447454917031812 81 81 72 0.14811466583671035 31 736 32 331 46 284 80 284 2 317
3856 0.47759951260112865 1.120943165222557 1.357506028446825 36 40 47 0.13511040186986104 31 417 32 389 46 7 80 3 2 4
3857 0.58106542116587268 1.1811146411557649 1.4245098924951716 100 83 19 0.26037450068522017 31 802 32 391 46 340 80 343 2 382
3859 -0.014999341407320878 1.1806239406261176 1.73786060678052 109 64 5 0.28326472350141813 31 423 32 395 77 22 56 300 46 345 80 348 2 385
3860 0.083523516528888592 1.2473457370983629 1.8003228038039589 42 40 45 0.12135957362986363 31 429 32 398 56 309 77 288 46 31 80 32 2 22
3861 0.28792119952075457 1.4748213767053893 1.3868718590572653 68 72 70 0.27471945903831319 31 439 32 402 77 32 56 37 46 356 80 355 58 28 2 24 68 20 33 28
3862 -0.72023083106768182 1.7271451950888173 1.0872855413717699 116 87 17 0.20438684181114558 31 828 32 407 46 40 80 363 2 396
3863 0.036511589264556339 1.7393708590014172 1.4436349730984921 93 52 5 0.21003616150834717 31 493 32 414 80 375 46 368 2 608
3865 -0.55112442152238228 2.3282196592068787 1.372969938415751 90 74 17 0.12926763050588361 31 642 32 460 46 559 80 616 2 428
3866 -1.1166724191768214 2.2830312754415223 2.2026195698015734 47 28 19 0.16272356851005249 31 644 32 483 80 448 2 462
3867 -1.0897795788012459 2.3447212440616507 2.1582080892079891 49 33 22 0.3000364742321836 31 653 32 492 56 183 46 188 80 458 2 480 33 274
3868 -0.96744031652422569 2.4292784540704697 2.0377402600112307 62 62 55 0.23746079738508591 31 665 32 504 80 208 46 205 2 490
3869 -1.0902144776918499 2.4208144119468469 2.0627953909109809 108 106 91 0.33504450030592459 31 668 32 508 46 213
3870 -1.1392447395389627 2.4163643499851468 2.0652870213307195 228 214 178 0.36878532163343969 31 896 32 510 21 1006 46 216 80 470
3871 -0.72472470051511972 2.6494423527219526 1.6574483158123616 59 61 54 0.26654391922629567 31 362 32 543 46 464 80 499 2 523 68 177
3873 -0.40696928353792811 2.842438033792178 1.2507216238705461 115 78 58 0.37241785929323479 31 939 32 562 77 237 46 479 80 517 2 532
3874 -0.58772595462008503 2.9074493667047454 1.1740809731554276 140 95 70 0.31005253527028548 31 961 32 583 46 318
3876 0.47668879687237142 2.5998822619482307 1.5530596156883831 87 88 82 1.0830049552706906 99 1193 32 655 46 683
3877 -1.1705370193324078 2.4951256098080403 1.9532969579571788 98 98 85 0.33063924350331675 31 910 32 684 56 422 80 657 2 692
3878 -0.71899630005535564 2.6734660051358885 1.6202944332453664 87 92 86 0.25879745709212509 31 920 32 695 46 465 80 662 2 690 58 428 68 417
3879 -0.9115812591631216 2.673644382000802 1.6046364853231636 69 74 67 0.28084013258104584 31 926 64 1018 32 701 80 669 46 593 2 703
3880 -0.97202474958732521 2.6947776369485545 1.5809146449749618 71 75 68 0.10673926401082831 31 931 32 708 80 677 2 710
3881 -0.60096852193438799 2.8722554031307173 1.2772947643356631 76 80 75 0.14465914507476327 31 952 32 731 46 608 80 690 2 712
3882 -0.75512011903384291 2.9396394484185353 1.1725901741672149 170 165 145 0.17795152768862454 31 963 32 735 77 474
3883 0.24233398329107969 0.9169110737291748 1.750187487981314 33 34 38 0.50342571971268146 31 967 32 741 46 620 2 803 58 444 68 431 33 407 1 611 35 319 14 514
3884 0.26497158702131141 1.2302147942607389 1.852824065900849 160 133 51 0.20526202669747667 31 978 32 759 46 636 80 798
3886 -1.0043525861417439 1.8698272445841864 1.5941723225225888 0 0 0 0.88713061135102633 31 1007 32 783 80 814
3887 -0.99758387751954836 1.9699887885869405 1.6043208938381082 254 243 84 0.19304109842949352 31 1018 32 790 56 624 46 661
3888 0.34864561554812934 2.5261821558905724 1.6541387618386687 41 30 23 0.29257853048356164 31 1151 32 805 80 754 2 834 58 497 68 471 33 437
3889 0.34050310480891555 2.6446273203354909 1.5135980060522181 88 88 82 1.0128302387411474 42 1390 32 813 80 765
3890 0.12226496958695068 2.7337846332907487 1.4634419676876018 90 89 84 0.15278857804530599 19 1385 32 821
3891 0.27313906610344807 2.8626485595666247 1.9186302024214132 0 0 0 1.6709814146372781 42 1401 32 828
3893 -0.69966923451032692 3.0219897338568078 1.1318567479635577 88 88 82 0.8984810604726684 19 1235 32 850 50 912 10 1242
3896 0.61589363401477548 1.4010137667065345 1.5738648989280428 0 0 0 1.9718879746737628 31 1181 32 864 46 705 80 854
3897 0.38198643956483741 1.5883856433242256 1.5245908521662397 99 85 24 0.68516665782168595 31 1112 32 868 46 707 80 721
3898 -0.94974829296597585 1.599642830135517 1.3278898870553733 255 236 81 0.34518256056192664 31 1117 32 869 80 719 2 738
3899 -0.97950372290892351 1.8413682096200101 1.548221308271359 158 168 198 0.65611536531904369 31 1001 32 882 77 330 56 517 46 654 80 730 2 824 58 539 68 444
3900 -0.8905427218940718 2.1002465019110237 1.4971574146776392 194 153 39 0.27584975591775285 31 1192 32 893 77 646 56 628
3901 -0.76002142475826695 3.0434764192671691 1.1660873405820034 0 0 0 0.94067270816286275 31 1087 32 930 56 670
3902 -0.98861712774517463 1.8075734089351734 1.4900081196817958 0 0 0 1.7784773634446351 31 522 32 947 77 521 56 696 46 653 80 867 2 867 58 578 68 536
3904 -0.58417560858024264 1.5368239624362254 1.2232007040597992 219 181 53 1.4122548592036295 32 970 85 1212 98 1249 51 1308 93 1313
3905 -1.0073212749801057 1.9105681404356427 1.5867639110724525 0 0 0 0.83046962634994059 31 1231 32 977 77 798 56 806
3906 -0.74978094866115064 2.2136160217741834 1.2390702743917834 130 116 38 0.49498437329254574 31 1196 32 987 80 914 2 917 58 620 68 586 33 563
3907 0.82848920860612973 1.140988596456598 1.2833690628842771 0 0 0 1.5493852030057109 31 1207 32 992 56 819 46 827 80 887 2 912 33 535 1 779 35 452
3908 0.5075428135718727 1.5502484892457036 1.5932595564741643 0 0 0 1.4604509485517336 31 1241 32 994 77 795 56 802
3909 1.4161052582383311 2.1827944781867306 2.1902250192288566 166 158 133 0.44194988159220971 51 1327 80 901
3910 0.26945875237150574 1.5243159617684283 1.3714897770557537 79 80 91 0.73106344143749857 31 1256 32 1015 46 837 80 923
3911 -0.52872743985594339 2.2706490601205296 1.2004727344376163 101 90 26 1.2149311863838343 31 1262 32 1029 80 932
3912 -0.82954994309288044 1.6275567973906113 1.1882944114364173 238 207 65 0.38738786683188425 31 1282 32 1034 61 1616
3913 -0.53758673377999278 2.4061741936706631 1.3335476691494692 28 32 45 1.3028149911368698 31 1278 32 1035 77 847 56 848 46 856 80 933
3914 -0.62343986432518073 2.6410402349292976 1.3954638978138596 14 18 24 1.6612387962891402 32 1036 56 843 77 844 46 858 80 943 2 951
3915 0.64722448184493364 1.2011243614700162 1.3339733570310885 141 122 35 0.31357274252738837 38 920 29 920 32 747 96 1312 31 1096 19 1403 99 1225 42 1431 51 1091 90 982 77 607 56 585 46 621 80 704 2 724
3916 -1.251696928138357 2.2875423849367187 2.1966249214344478 151 102 78 0.74952114590927676 96 1339 19 1449 99 1258 31 1152 42 1488 38 986 29 835 32 960 53 1027 64 1301 82 1067 6 1165 36 1130 54 1158 5 1125 78 1075 54 1111 43 1029 71 844 56 653 2 887
3917 -1.020274870658572 2.8172571084203706 1.5015723623088717 0 0 0 0.96764014178553792 64 1323 32 927
3918 1.0205257894172337 1.2868029872517908 1.6189051948027697 201 141 41 0.022165006684974762 12 314 45 30
3920 -0.37419801455863139 1.792366050771425 1.9210005006720237 241 202 54 0.18030027338620078 27 258 76 255 45 120 100 109 28 75
3921 -1.314911234188187 2.3777043093225183 2.1496511719272697 128 86 67 0.32058394205914637 27 648 45 189 76 945
3922 0.36685104416888309 2.1218044417700175 2.3842825655419486 240 216 169 0.18051022440080425 27 225 76 214 45 224
3923 -0.25904348721569853 2.0993090234072489 2.4643555054493116 217 202 161 0.099633162430807179 76 394 45 250 27 389
3924 -0.086048464020610727 2.0547928471003747 2.4791043237850334 16 16 19 0.13763732426878528 27 370 45 255 100 224 83 254
3925 -0.034862737336025983 1.9999657654285339 2.5958360823202349 231 210 164 0.26822634430030207 34 270 45 273 88 185
3926 0.75379365243834573 1.7598864632794524 2.8901821610811003 231 214 174 0.23960047338970389 34 184 45 306 100 306
3928 -1.2711854947140868 2.3408930979195812 2.1516311675030342 81 66 62 0.22083524619019304 76 944 45 477 27 647
3929 -0.61725648348594653 2.0745051161327326 2.4413292577551546 105 72 59 0.083466713399145812 27 639 76 656 45 529
3930 -0.61219876600461742 2.0499340380665507 2.4740057397469899 76 53 48 0.19795557140761855 27 923 76 939 45 531 47 783
3931 -0.07306435716781487 2.0227209913231987 2.533610438886174 222 205 165 0.068529902589610919 27 612 76 629 45 533
3934 0.6171289656945218 1.6927952078958717 2.978312765363385 92 64 52 0.30444403414106402 27 591 76 616 45 543 57 509 17 236
3935 0.44068016417093964 1.0482100814331796 1.4599638687345253 15 16 18 0.44400168709024895 44 693 92 744 45 574 100 329 40 462 28 456 55 246 30 485 88 490
3936 -0.53371855105534127 1.5165919882960852 1.5446294085983148 255 246 65 0.40501327666942227 12 644 45 590 100 598 83 663 40 467 28 235 30 481 55 541 75 570 66 628 22 566 11 589 63 734 13 646 69 483 9 388 94 482 4 488 52 528
3937 -0.73921844614656662 1.8156580042146817 1.7757785723483506 254 236 63 0.11440694803908505 27 866 76 889 45 615 30 498
3938 -1.0407624391433088 2.2384679320329304 1.9164299595912118 131 129 118 0.96462152656515476 27 915 76 933 45 631
3939 -0.1579375553751185 1.6816980740717649 2.0586034803273017 208 211 233 0.40576028254953483 12 214 45 660 100 662 27 1042 76 1058 83 728 40 773 55 594
3941 0.24635215028052138 0.97854901385448168 2.100457673678227 239 218 174 1.4089558275181291 34 676 76 750 45 681
3942 0.31444458632595329 2.1084340342475554 2.4004606250295457 237 214 170 0.087973573474375386 27 818 76 828 45 686
3943 0.58318025155553521 0.91479734463817808 2.1761187442125642 255 254 70 0.20531344094320655 12 657 45 705 88 744
3944 -0.0033671877783542567 1.9476963862193282 2.533925770331531 232 214 171 1.8381953591879223 27 892 76 908 45 750 100 759 83 822 40 614 28 760 30 773 55 839 84 449 11 664
3945 0.019471010046761768 1.9957080358441397 2.6107961435354827 225 209 170 0.12141245673379492 27 903 45 775 100 787 40 643
3946 0.16053166630600996 1.8288435341192726 2.8121600358391077 101 68 56 0.31388275794432074 27 1081 76 923 45 808
3947 0.26538353137121384 1.7625774318100524 2.8519442147413003 80 53 41 0.53266908146376901 27 905 76 917 45 812 100 960 83 1068 88 452
3948 0.5128343967696003 1.7119970936085578 2.9334073623188162 150 100 73 0.21975749971796302 27 889 76 903 45 813 100 966 83 973 40 831 28 785 45 967 88 830
3949 0.40953215263763976 1.7245736330471466 2.9609399276676904 220 196 155 1.0010752846235953 12 977 45 815 28 781 11 803
3950 0.62422079541169306 1.700410294945756 3.0582002799011869 219 195 154 1.2288456109765473 27 1066 45 818 100 980 83 979 22 886
3951 1.0256312414128039 1.2243474354105435 1.6866390559086128 110 0 0 1.2600649094384107 12 982 34 847 45 857 40 762
3952 1.033861964307105 1.2364380296780504 1.6899293274760183 110 0 0 1.4220890389189573 12 983 34 848 45 858 40 763 88 732
3953 0.17514821526676505 1.9796995695717499 2.625344057360135 243 221 175 0.11692493985200576 12 956 45 916 88 608
3954 0.23548035798362987 1.9498252516417502 2.6501486200614353 239 219 176 0.29101242067452748 12 954 45 919 88 748
3955 -0.26292225206743464 1.9855367350641839 2.6218992295142698 90 60 50 0.39770943967908634 27 1094 76 1091 45 921 88 911
3957 1.3768771877961823 4.6860038872757492 3.7760118822862996 238 220 179 1.9415830472911773 76 898 45 940
3958 -8.73546020066715e-05 1.8819600302437822 2.7871452236721712 158 136 107 1.8138180774628072 27 1090 45 949 100 953 40 817 28 766 30 779
3959 0.99310198789052417 1.2664963504325055 1.6743363359431462 16 16 0 0.90045708521684775 12 985 27 934 34 993 45 992 76 950 40 761 30 745 88 900
3960 1.0835621982602066 1.2076938941086999 1.7125290275518024 0 0 0 0.96736253632659319 76 1195 45 993 27 1216 30 747
3961 -0.23618183179479021 1.745090482677059 1.7257218462818975 179 143 39 0.3017287108450219 27 1160 45 997 76 1039
3962 -0.13953566875070744 1.4784173603134902 1.7703729970104298 159 129 45 0.20358680390950493 27 1159 76 1149 45 1006
3963 0.11802724429336961 1.9672308088114474 2.3737011039163365 229 203 155 1.1086929124107519 12 714 45 1027 28 751 30 767
3964 -0.84421277047170773 2.1602841853472707 2.3535685539635756 51 34 30 0.10409862860737196 27 1267 45 1028 88 894
3965 0.086053738275208708 1.8401307061220353 2.3673189318692893 229 205 161 1.9721624856845157 27 1176 76 1161 45 1029
3966 0.031502515645518779 1.817698527267444 2.4895380076879121 227 209 168 1.6338706540597803 34 1055 45 1036
3967 -0.13591987125076038 1.9324409134569751 2.6629546987718991 109 75 60 0.29552195435687201 27 1199 76 1179 45 1043 47 1025
3969 -0.75516769158079022 1.762267470606689 1.0445694901932336 255 228 73 0.30421467459119883 27 1286 76 1263 45 1052
3970 -0.6552963365610297 1.7154107676978418 1.0732743180410933 255 230 72 0.12534402913839127 76 1209 45 1053 27 1229
3971 -0.46911229399524285 1.7968597201006316 1.7996136932371374 183 186 204 0.11468154363718557 27 1249 76 1231 45 1082
3972 -0.96572265400754198 2.3359060604219115 2.1784830992495472 215 197 155 0.36119078247025949 27 1265 76 1244 45 1092 100 1089 83 1119 55 910 66 1075
3973 -0.027813004622602118 1.9442695524451605 2.6559313459422293 229 212 175 0.6441931564999045 92 942 45 1104 40 912 83 1058 88 915 75 940 13 806 57 942
3974 0.07804074564736134 1.9233228110235379 2.6831241630500111 222 205 167 0.92499110902035564 27 1299 76 1274 45 1138 100 1134 83 1158 40 1005 28 944 55 1011 88 1000 75 1072 69 985
3975 0.51221016183360701 1.0398224773352074 1.496650507885686 137 109 24 1.2002405371456875 12 1155 45 1147
3976 -0.15887955429064107 1.4817307995379809 1.8322216103674021 240 204 68 0.041363690386299952 27 1311 76 1285 45 1155
3977 -0.83615431249627925 2.1966380170406943 2.3230445750895319 107 74 61 0.84773892743465196 27 1320 76 1294 45 1159 100 1153 83 1179 40 1002 88 995
3978 -0.069206246911563407 1.6564021116436924 2.0654819071414048 187 189 205 0.40464185165407257 27 1336 76 1309 45 1164
3979 0.18386574849110462 1.9546649129093745 2.2309329579471213 221 196 152 0.81509138924255742 27 1335 76 1308 45 1165
3983 -0.73204298768706011 1.5610117003434232 1.3375200609851818 255 235 73 0.86673884762735887 36 1042 78 1045 54 1086 5 1090 43 1000 34 1053 12 913 36 939 78 929 54 979 45 840 27 1015 76 1037
3984 -0.74021873154025053 1.7764360819817127 1.5910500485107906 9 4 2 2.2802668410347562 27 1343 76 1316 45 1172 34 1221 12 1172
3985 0.42091365349067555 1.0129572868383974 1.5091748619713359 185 196 225 0.57009365329386574 27 1219 76 1197 45 1063 43 930 34 1098 12 1063 44 989 92 1057 100 1061 83 988 40 929 28 880 30 866 88 940
3986 0.37837276747219356 1.0112568882302109 1.5552713170563732 21 26 33 0.85580134915024486 27 1130 76 1124 45 990 44 950 92 1015 88 946 28 819
3987 0.3556467039866566 0.95130462061977505 1.6130954946460934 187 199 230 0.48626303158978523 34 1103 89 944 12 1074 76 1198 45 1071 44 952 92 1059 88 950 40 936
3989 0.19488725804499316 1.8029697841827512 2.840987762627754 59 37 27 0.6641550387582672 27 621 47 126 76 634 100 565 83 877 40 440 88 241 75 820 66 900
3990 -0.066393635016245151 1.9465542773848976 2.4647572677827965 13 12 16 1.2197897125247978 27 359 76 357 47 171 8 234
3991 -0.55938170362604034 2.8522014765731667 1.2863182828464628 36 29 25 0.28671807911090036 21 660 47 284 65 611
3993 0.050042741285552021 1.9193863372758546 2.7296628746830329 52 36 32 1.6651972619052891 27 909 47 512 8 780 73 496 37 440
3994 -0.86952970094188997 2.1068495583592122 1.4644308058399762 190 157 46 0.34875588737877478 21 809 47 552 65 527
3995 -0.93995644380224785 2.0873802427060388 1.5635212603863304 82 57 9 0.5812713183990238 21 591 47 559 65 243
3996 -0.82397291998157118 2.3138171700353154 1.3893430315750581 47 34 3 0.52867145014357031 5 588 47 562 73 471 37 135
3997 -0.53288631426793798 2.8767741240038522 1.2514059382603933 35 23 18 0.48883021312476815 60 608 47 590 65 612 1 210 35 144 14 146
4002 -0.09751566484829724 1.7713851457866161 2.7413946953741664 0 0 0 0.68663421062727514 27 1093 47 928
4004 0.70930476545346566 1.0699388259040661 1.2772602115794442 194 164 53 0.51335447600026207 5 1131 47 1049 21 908 8 1020 73 969 17 1155 37 703
4005 -0.651930106821482 2.9257953007300626 1.0695663654799994 0 0 0 0.29358312584403673 34 1124 47 1111
4007 -1.1644371135616181 2.3808667939111539 2.1484577456376543 216 203 168 0.20258122645038956 21 1179 47 1113 65 1079
4008 -0.86976008808023331 2.4183947053655217 1.5210429194887174 58 58 53 0.48761378018080659 60 1235 47 1165
4009 0.25972056490198486 0.91937742381354393 1.6623216421179068 123 137 170 0.30947212429758003 99 17 77 3 46 2
4010 0.057939440723205782 1.3343621047978982 1.8625136758716918 107 57 2 0.15523508466923228 31 23 77 46 56 52
4011 -0.81982821261094141 1.7672824296376639 1.504029647557092 3 2 4 0.33159234654383779 32 92 46 60
4014 -0.65595979672022686 2.4352848775355147 1.3647278940739793 8 8 5 0.074538854695330045 31 304 77 147 56 138
4015 0.39404983902392476 2.4010225014332076 1.6693288257761834 2 2 2 1.5013205185599443 38 338 77 154 56 145
4016 -0.516034354409032 2.5854304855479207 1.3684856200659432 57 66 90 0.083317291296851614 38 371 77 187
4017 0.64669054878846188 1.2706639260593899 1.3357353418364517 133 120 50 0.3192935333780933 99 940 77 277 80 345
4018 0.21368994436866284 1.323538335160207 1.863158706687539 135 100 32 0.08615080946421956 38 532 77 297 56 322
4020 -0.069066603567053075 2.024551406173777 1.4355441067366805 92 85 23 1.3191388009299323 31 532 77 355 80 394
4021 -0.95120420616946033 2.0707070609850327 1.5701073665911653 83 66 13 0.27458185508475791 31 1027 32 447 77 366
4022 0.37784296678648882 2.2489049754346411 1.649524265977397 2 2 3 0.51808408444105647 31 595 77 379 56 387
4023 -0.90288534505625939 2.6141385056201001 1.6601926246312373 114 113 101 0.37229508447843723 32 694 77 434 56 431 80 661 2 689
4024 -0.68273353231360201 2.6392665618585287 1.6458132434765056 57 58 51 0.19361465307886941 32 690 77 437 56 566 46 460 80 491 2 510
4025 0.042472499506630387 1.2579769576892685 1.7963614262448488 138 104 25 0.2775547806053264 31 812 77 491 56 492
4027 -0.10152152920230642 2.3539450100915409 1.5898209776310577 77 60 14 0.26198355688775093 79 699 77 665 49 585 23 617 67 614 3 861
4028 -0.78029736328566601 2.6300799931782342 1.6718971941164695 62 65 58 0.30915224720894147 32 693 77 684 80 658 2 683 68 307 33 278
4029 -0.9589318578594187 2.0256463920661547 1.5891008858104565 99 77 15 0.77847153042967576 32 892 77 726 56 711 46 665
4030 -0.98349041048144625 2.3484877283544723 2.1456939734753808 118 104 74 0.27835959878338579 32 961 77 742 56 729 46 751 80 834 2 886
4031 0.45612230223181693 2.436330674808691 1.7988470391482161 201 187 154 0.78915035844337289 79 824 77 771
4033 -0.90564115376071486 2.028755466679327 1.5508490136191961 90 64 12 0.61401395213642429 96 718 19 781 42 813 77 104 32 136 99 234
4034 0.42201376671988883 1.0795022520143009 1.3907765858706689 126 134 147 0.65157566356733621 77 5 56 10 80 331 2 374
4035 0.43720272393401866 1.060160929833297 1.4334935679761169 126 134 147 0.63011160473123407 32 599 77 6 56 11 46 510 80 558 68 3 58 5 33 183 65 839 1 501
4036 0.29333680371316329 1.156823445230323 1.5815195807778692 114 83 15 0.93375014037889559 77 15 56 22 46 16
4037 0.29333680371316329 1.156823445230323 1.5815195807778692 114 83 15 0.93375014037889559 77 16 56 23 46 15
4038 -0.95012948618048521 1.9004091746484217 1.4976614818268383 137 107 36 0.11401051925199035 32 108 77 80 56 83 46 379 80 393
4039 0.36818057963129663 1.7597229882058942 1.8070795266947177 44 40 30 0.063208125340491889 32 88 77 338 56 85
4040 0.16072825864425075 1.9893349405205365 1.556203621619997 80 92 124 0.16617418912126611 77 99 56 103 46 71 80 66 2 92
4043 -0.82415790022109414 2.3844826277163516 1.3280546491103142 15 17 19 0.21692064720759957 32 475 77 130 56 126 46 410 80 429 2 440 58 404 68 390 33 359
4044 -0.27176031844185161 2.5368853625888836 1.0777045422600025 84 70 18 0.87401951865437688 77 150 56 139
4045 0.21523639700422667 2.3737520569935722 1.7158267741237894 64 70 92 0.096229846179267789 77 153 56 143 46 146
4047 -0.50424351182141136 2.5388927505705898 1.3216803335906262 26 29 42 0.11798817943009721 77 409 56 165
4048 -1.401665773861809 2.3784518739673648 2.1494924186600568 64 45 35 0.23721910555261491 32 268 56 199 46 449 80 484 2 520 58 345 68 319 1 494 35 316
4049 -0.74281355455728948 2.6130545586897536 1.6933367411153435 59 61 54 0.32207502146431932 32 536 56 214 46 458
4050 -1.0584233952848128 2.6750166887378133 1.604575660091504 130 130 117 0.3213813882982387 77 222 56 228 46 481 32 561 80 524 2 552 58 227
4051 -0.98780508454655502 2.761745794362148 1.5179954500592812 125 126 114 0.14628723504401228 77 450 56 248 46 491
4052 -0.42874860792959729 2.858279760889249 1.2444332371641034 53 36 29 0.15352680193926621 77 241 56 250 46 298 32 347
4053 -0.60059004657052317 2.9261660854190894 1.2556358979953806 137 93 67 0.98103240458910412 90 538 56 274
4054 -0.78663113579333588 2.9461969735541835 1.2123588205638689 156 153 135 0.26754821294041709 77 476 56 281 46 507 32 595 80 551 2 369
4055 -0.76440651373012369 2.9639589584717103 1.1387328582358773 66 48 38 0.22213590849291834 77 260 56 282 46 508
4056 0.66850500687043668 1.2023697588085804 1.3166702690456673 135 123 50 0.18831873175861544 77 274 56 288 46 339
4058 0.03839712053613973 1.1980543397336845 1.7391311234404727 82 75 71 0.28019659387797313 77 283 56 303 46 348 80 349
4059 0.32017017501042944 1.2288192679213008 1.8030444982742475 108 55 2 0.19320358868575943 32 397 56 308 46 350 80 350 2 386
4061 0.53285555487814906 1.462485840684598 1.4607511256420187 0 0 0 0.18354472161946545 77 493 56 316
4062 0.2197478010637271 1.3162722354303056 1.8778031302004963 132 99 30 0.17316461433418698 77 298 99 644 56 323
4063 0.3528120965373252 1.6523790651647152 1.5868196284082974 66 35 2 0.099284980165230699 77 63 56 336 46 367
4066 -0.54721364848083454 2.3255769734008229 1.384906052640412 90 73 16 0.058017303896544192 77 380 56 386
4067 -0.83736716544527912 2.3373696042860579 1.377531267906926 133 144 171 0.26123382077742396 77 381 56 388 80 624 46 562 2 650
4068 -0.67651181232738844 2.4417328830393741 1.3601200021537601 78 72 15 0.31385553618020284 31 306 77 559 56 397
4069 -0.43868776848730928 2.4569859089130883 1.3419656879867721 25 29 41 0.1727697781143237 77 396 56 398 81 388
4070 -0.073224707883536772 2.3833555563897955 1.6048609177444011 64 44 5 0.076128218470165987 77 394 56 399
4072 0.068034062522255495 2.6808037000620755 1.456196729934732 29 20 17 0.032878808768169274 77 584 56 423
4074 0.33085179755975774 1.2636309550021376 1.4361297069071102 6 9 12 0.79497749910563187 77 482 56 484 46 626 32 754 80 710 2 807 58 453 68 434 33 413
4076 -0.43930862415356747 1.690582995138961 1.2049909765864493 76 38 3 0.17319098377045439 77 299 56 497 46 520
4077 0.27236883670498102 1.5917131506833977 1.3971843093857172 7 8 12 0.48448174772840796 77 499 56 501 81 458
4078 -0.73963607026191402 1.8375288889015309 1.0618386960131281 28 26 25 0.095867023329692269 77 507 56 502 80 374
4079 -0.89252512617075164 1.9154739224070287 1.4864494829391182 32 29 29 0.11458873891413084 77 525 56 520 46 380
4080 -0.89252512617075164 1.9154739224070287 1.4864494829391182 32 29 29 0.11458873891413084 77 526 56 521 46 381
4082 -0.43484262158694242 2.7873721228616546 1.2994517987757113 72 83 83 1.8677229334265935 77 446 56 572 46 591
4084 0.59378688384983491 1.2350649632410726 1.4160028304057077 118 108 34 0.24537472008871136 77 481 56 588 46 624 32 752
4085 -0.82789439759737971 2.5400666128081286 1.8841082498729771 99 99 89 2.1331855985427342 77 678 56 662 80 840
4086 -1.3810099304007917 2.4547350123316893 2.2291181158502731 0 0 0 0.87792481976078218 32 914 56 665 2 851
4087 0.43223932384076924 1.2268814833245782 1.4374683917989888 125 106 42 0.66678901396262413 32 936 77 692 56 675 46 696 80 794 2 731
4089 0.64317967239453921 1.3892929165449051 1.5207806806529676 107 67 8 2.3868561161015367 77 698 56 687 2 735 80 715 81 521
4090 -1.0484070806894306 1.985656596088675 1.6452589852056534 0 0 0 0.9073452916130994 32 890 77 725 56 709 46 728 80 874 68 569
4091 -0.75810445098620194 2.3275272173693131 1.3029075591226158 112 102 32 0.61571672278720613 77 660 56 718 46 737 32 899 80 822 2 879
4092 -0.17412352589254038 2.3881448603520865 1.522092969960755 78 61 14 0.027319619300398404 77 738 56 723
4093 -1.2359830587409346 2.2386363280396031 2.1939515813313148 0 0 0 1.2264595068423119 31 1149 56 724 80 766 58 503
4094 -0.27948745876877457 2.4012237258815552 1.9639803086241807 51 61 84 3.0366833269486797 77 743 13 1035
4095 -1.0910249093051767 2.7436619086460681 1.6830311792289272 0 0 0 0.8211353190985119 32 925 56 740 2 888
4096 0.83024018242854458 1.1837575438026942 1.382081592560898 108 92 25 0.54613081611754055 77 783 56 745 46 765
4097 -0.9426539838260527 1.9446275689189032 1.5267632537752331 146 0 0 0.45264518408730348 77 721 56 764 46 809 32 979 80 898
4098 0.16799707853416646 2.2799474237636632 1.568057248073101 40 48 68 0.082124221235375161 77 765 56 768
4100 -0.87994795996474429 1.6961301370437756 1.2543696552719752 70 48 33 1.0047433120260449 32 974 56 800 46 830 80 890 2 895
4101 1.2366366078219961 2.2116975935988648 2.0123009655906365 191 178 145 1.2947435694769653 77 803 56 810 46 814 32 999 2 877 31 1273
4102 -0.99624944777855495 2.3090165239971974 1.9769564608406909 17 17 17 0.24181690347363147 77 820 56 829 46 834
4103 0.64035278848207733 1.5235350058952077 1.5758901547733049 0 0 0 2.0186655288190209 32 1038 56 851 46 855 80 937 2 946
4104 -1.195057438204457 2.2037960139266399 1.9341593508114117 0 0 0 2.032900749262287 77 851 56 853 46 863
4105 -0.48941943560610573 2.8809213156338602 1.2112741290054747 57 40 34 0.166415237705868 38 491 51 597 29 484 90 537 77 245 56 261 96 596 19 580 99 603 42 523 61 653
4106 0.51068182361198344 1.0726625836278549 1.3993663132869936 154 135 53 0.39023594936975348 32 386 46 3 80 332 2 375
4107 0.2459045582122979 0.89784018675386257 1.7375863004335153 39 43 53 0.083345891848414441 32 384 46 5 80 333 2 376
4108 0.24698869257460201 0.89773748241826334 1.7390878597044814 39 43 53 0.15490624921833879 32 385 46 6 80 334 2 377 58 8 68 6 33 2 1 374 35 1 14 0
4109 0.65356063813907783 1.354430422683107 1.5102323312043737 94 65 10 0.31695168828120129 32 21 46 29 80 18
4111 0.087431405576153337 1.7738362462727297 1.4441980700263446 67 62 40 0.12914308131319441 32 75 46 57 80 52
4112 -0.68947795246040566 1.9328515929483967 1.6077167474464411 145 104 21 0.2378368775735889 32 112 46 73 80 77 58 268 68 70
4113 -0.82002168651446261 2.1803514960299886 1.3732439930488545 164 134 37 0.30268317232626435 32 178 46 90 80 116
4114 -0.59827296580702349 2.603184181400287 1.2263201753492576 16 18 21 0.026222736463188789 32 262 46 180 80 186
4115 -1.0275719839053195 2.3234944393544854 2.1888653448170241 39 23 14 0.22933583766334129 32 490 46 181 2 470
4116 -0.47210407613319555 2.5557789442194787 1.5318927164973128 59 67 91 1.4060461667141901 31 324 46 184
4117 -1.1173657537496948 2.3453151859041816 2.1598664733902142 39 29 25 0.51722739280137608 32 493 46 190 80 459 2 669 58 319 68 294 33 380 1 602 65 799
4118 -1.0298931578817405 2.3998706316072034 2.0814233198584975 105 103 87 0.087745528895350214 32 500 46 196 2 486
4119 -0.82815183433411943 2.4665973698162085 1.9620810095339363 52 46 39 0.2104347860830853 32 252 46 208 80 206
4120 -1.0334694125420689 2.4507057044350034 2.0106813564759061 77 75 63 0.11985235906465848 32 515 46 219 80 471 2 495 58 202
4121 -1.1524644530045525 2.4390240438005688 2.0520411397875602 115 111 92 0.24207081775202552 32 273 46 224 80 238 2 266
4122 -0.6996202585366188 2.5710837337215686 1.7224595205155426 53 47 37 0.19316745128976198 32 282 46 225 80 221 2 248
4123 -0.6996202585366188 2.5710837337215686 1.7224595205155426 53 47 37 0.19316745128976198 32 283 46 226 80 222 2 249
4124 -1.205472430506153 2.4395261499521039 2.0133797001954203 235 220 184 0.3369948039480597 32 520 46 229 80 481 2 514 58 337 68 312
4125 -1.336402627425592 2.4396856989240372 2.0518210005933133 228 216 180 0.42266273394725162 32 291 46 242 80 255 2 528 33 398 58 347 68 321
4126 -0.34545854078550775 2.7985175491736505 1.2593665627862032 107 74 56 0.23692574015104415 32 555 46 269 80 257 80 500 2 511
4127 -1.1983001478946855 2.5687730126833417 1.8428641559784384 198 188 159 0.10789537478051055 32 320 46 274 80 280 2 546
4128 -0.3842575790002658 2.8049125046451007 1.2750164890929385 108 74 54 0.091167065311143922 32 333 46 277 80 266 2 280
4130 -0.6022422703471505 2.924645241225003 1.1491214809988755 51 34 27 0.02822343811783945 32 370 46 322
4131 0.31281887636286876 0.76068400516244661 1.8680440746748868 130 98 19 0.44562399064156816 32 374 46 330 80 326 2 371 65 654 68 206 1 499 35 159
4132 0.41838373885812491 1.0655340740558754 1.4640982935775053 4 2 2 0.25567616240893859 32 387 46 334 80 336
4133 0.41838373885812491 1.0655340740558754 1.4640982935775053 4 2 2 0.25567616240893859 32 388 46 335 80 337
4134 0.41084102275898843 1.1423155742482878 1.435767411355453 99 117 154 0.23368689129717937 77 273 46 338 2 584 58 236 68 208 33 185 1 378 35 161 14 188
4135 0.21326612809550483 1.3495459479179823 1.445670911507787 119 135 171 0.18010304515102529 32 396 46 349 80 565 2 591
4136 -0.25641054630281329 1.9510318183480924 1.4255564650061094 71 78 96 0.27148128500581886 32 428 77 340 46 378 80 60 2 87
4137 -0.76951952687480463 2.0010960697969185 1.6530852447683808 63 52 49 0.48835466314940901 32 634 46 387 80 599 2 624
4138 0.36635916030336857 2.1935167094073678 1.7142073215651823 46 50 65 0.5087662842569558 32 150 46 390
4139 -0.96404263372484944 2.2003005267233751 1.6709636262807335 51 50 46 0.11044564191736106 32 199 46 400 80 619 2 646
4140 -0.87508484676308385 2.3296550327991188 1.3996143229555913 36 41 56 0.16027318054952031 32 463 46 401 80 626 2 651
4141 -0.83070917357698404 2.3505181826939925 1.3449526239322043 96 112 144 0.23929240654799103 32 652 46 403 80 424
4142 -0.83317243414402042 2.3519121765438458 1.3386856717957141 96 112 144 0.23617449546286692 32 653 46 404 80 425 2 653
4143 0.30769711718581455 2.4238798943858004 1.7649567026318982 4 4 6 0.69297705637162899 42 887 46 417 2 432
4144 0.42351457682643373 2.5401218306337081 1.5678429956022426 29 19 16 0.17215103997621348 32 472 46 427 80 428
4145 -1.0640806327652363 2.2649745957056848 2.2175763870639904 45 26 17 0.27562172790364509 56 411 46 431 80 441 32 478 2 665 58 303 68 281 33 262
4146 -0.96410475345751856 2.3783726006152124 2.1058061941593418 92 90 76 0.26277311696378308 32 494 46 441 80 457 2 476 58 310 68 288 33 271
4147 -0.66437312781375468 2.653897410150285 1.6324689433730895 78 83 77 0.078176099848231068 32 542 46 461 80 498 2 516
4148 -1.0694759401575278 2.5629418340075527 1.8178922070193844 129 126 114 0.31255726856883564 32 692 46 463 80 504 2 531
4149 -1.0571070425905698 2.6743901851136922 1.6140816357730956 129 128 115 0.15460251930182206 32 560 56 227 46 480
4150 -0.47222871261587279 2.8598602452229032 1.2274823268207784 125 85 62 0.14270286800031454 32 720 46 485 80 522
4151 0.23577458786247249 0.99020420608838888 1.8410039770144278 149 130 50 0.61726232287662652 32 600 46 514 80 707 2 725
4152 -0.3962309591058405 1.8200255772672596 1.213689476209115 87 103 137 0.42039862299292813 32 620 46 529 80 581 2 402 33 38
4153 -0.13249345986221231 1.9722954619863464 1.4526595909380762 245 205 65 0.5356655633211348 32 776 46 537 80 589
4154 -0.79096371240693686 2.145424842561197 1.2770580007525756 134 104 26 0.1752294723833164 32 640 46 548 58 390 68 371 33 221 1 412
4155 -0.9543484478047205 2.1747226823587815 1.6204345104969968 97 90 27 0.080049902452363556 32 457 46 556 80 614
4156 -0.81045915543495017 2.4148127104995374 1.4489544765325364 96 86 22 0.73836820079137722 32 484 46 572 80 632 2 658
4157 -0.7648890060113499 2.5152288383919799 1.5063127767020434 56 45 33 2.0914480288209627 32 674 46 575 80 455 2 666
4158 -0.80263015825529915 2.4385611398536837 1.9785012056983251 69 67 59 0.2689785000147164 32 667 46 577 80 641 2 667
4159 -0.49850216177280976 2.6817449172419985 1.4275902919971022 49 61 85 0.66926343914150666 32 688 46 582
4160 -0.79543601094926863 2.5915747876449777 1.7062611736674125 91 94 86 0.26558921463062524 32 823 46 587 80 654 2 781
4161 -0.36409455875214902 2.7540235905865034 1.4199843576026814 0 0 0 0.16519151001320168 31 1068 32 827 80 777
4162 -0.32153043419673127 2.7976044003365623 1.2477526274150434 30 20 17 0.18305613664289044 32 700 46 592 80 659 2 500
4163 -0.95261614947441176 2.744556628138469 1.5265175180129373 122 124 114 0.070509672512768462 32 718 46 599 80 688
4164 -0.55268246147820999 2.8538402441198003 1.2919515380649487 34 24 19 0.13701950078093633 32 723 46 601 80 681 2 708
4165 0.42719267913491604 1.0675137748356085 1.691249515620324 134 111 44 0.43549873723032273 32 748 46 622 80 706 2 728 58 451 68 433 33 412 1 701
4166 0.081340967092219024 1.1806969978459549 1.6994184686253666 104 121 157 0.26521397678449854 32 755 46 628 80 712 2 733
4167 0.24238606671394539 1.3677627276372204 1.3467400250002282 238 204 71 0.1788401215507987 32 858 46 629 80 796 2 810
4168 0.58086235019008581 1.3092339451224828 1.5270744340083771 94 66 10 0.30383013596008801 32 604 46 630 80 564 2 590
4170 1.1353435332697424 2.2768614260801363 1.9836379505747028 92 64 53 0.33508012036060048 32 894 46 670 80 741 2 764 68 97
4171 -0.81790568484244808 2.2814546932932167 1.3836751455215024 105 95 28 0.45804291062864383 32 800 46 671 80 746 2 770 58 482 68 460 33 432 1 553 35 289
4172 -0.76369758932409448 2.4500362141583811 1.2394783419458557 55 65 87 0.11162704161603505 32 809 46 675 80 758
4174 0.62635835954383001 1.271434203837333 1.3541984095586912 129 118 49 0.21918031208074215 56 677 46 698 2 806
4175 1.0694580673512177 1.2074527240004655 1.5895899772287185 0 0 0 1.8240571740733078 31 1172 46 700
4176 -0.6663341418969797 1.5246185707919355 1.2041660530669205 252 2 1 0.60524555136411218 56 746 46 701 81 595 23 571 49 542 67 571
4177 0.18896053568503329 1.6138672652214614 1.4376130637439619 155 119 39 1.7375655951100524 31 1114 32 867 46 706 80 859
4178 -0.95949204788075193 1.7986804232177989 1.4278141237129736 138 116 34 0.11088053626415263 56 695 46 715 80 809
4179 -0.9383769392059973 2.2534850477291539 1.5964990863470929 100 93 27 0.62768738187167772 32 803 46 738 80 824 2 880
4180 -1.0519695409722745 2.2213524060474081 2.3035707174897002 162 114 87 0.88353979879426237 32 904 46 746 80 832 2 885 58 553 68 548 33 529
4181 -0.88638890793412073 2.2348897462293698 1.4361341541310999 119 108 32 0.37061636943703141 56 715 46 788 68 572
4182 -1.1073963198028141 2.3146422284984007 2.1703480309915109 52 37 32 0.58933799053715186 56 778 46 792 80 906 2 908 58 614 68 580 33 553 1 810 35 526
4183 -1.0414260538630673 2.739108546418195 1.6233908618887078 103 104 96 0.99610016750419661 32 923 46 793 80 845
4184 0.21346445171569481 0.92973682428463167 1.8594561930334581 143 113 36 1.3912025322025849 32 967 46 795 80 910 2 913
4185 -0.49968107579971904 2.7255448520669465 1.3737127120851513 2 3 5 1.4943782997851263 31 1254 32 1009 46 823 80 921 2 931
4186 0.31888203909063256 0.77275312230346427 1.8632973244598592 128 105 28 1.1989360368627933 32 1012 46 825 80 907 2 924 58 624 68 590 33 565 1 818
4187 -0.74343136339675087 2.1447330836490934 1.4313502560605273 158 124 34 0.73785618409855103 56 823 46 844 80 927
4188 -0.76221481072119479 2.4020574592019952 1.233892829226058 93 85 20 0.80729056454494486 32 1030 46 846 80 928 2 930
4189 -0.81383776836319532 2.366776247921925 2.0561792427161927 0 0 1 1.5754289538565556 32 1031 46 857 80 939 2 939
4190 0.64366990823577719 2.2937822151480067 1.739398325736758 214 200 166 1.8342359698663555 56 854 46 861 80 940 2 948
4191 0.64366990823577697 2.2937822151480072 1.7393983257367576 214 200 166 1.8342359698663504 56 855 46 862 80 941 2 949
4192 0.75665982722148151 2.3852091843116678 1.8324987982645085 35 20 15 0.63673821353926219 96 1100 19 1164 99 1030 42 869 51 1039 48 1430 61 1385 7 1262 32 192 46 144 77 161 56 155 80 130
4193 -0.42917292196114443 2.8601718048197808 1.242015130830278 40 30 26 0.22903836781326581 96 593 19 576 99 599 42 520 51 595 38 484 29 478 61 650 46 299 31 768 32 348
4194 -0.78837227113725572 2.3869264643387242 1.2872361791757116 101 118 150 0.7650289023339103 5 827 60 1001 21 995 31 892 32 473 47 949 46 408 77 385 56 124 80 426
4195 -0.72952041571454929 2.9974601920558785 1.1018983180058239 53 36 28 0.39839226281149143 31 404 99 608 29 490 32 596 46 509 77 600 56 578 80 556 2 576 58 354 68 330
4196 0.91640881962258658 2.4178456068172651 1.7901491762052943 36 25 22 1.2018163964815471 31 616 96 1107 19 1173 42 879 48 1246 10 1490 61 510 87 452 32 647 46 568 51 1256 38 1053 29 1075 85 1190 93 1262 77 670 56 648 2 141 50 1226 20 659
4198 -1.0140044302661082 2.0828943368992463 1.5740407606248321 54 52 57 0.33202407509716159 31 240 32 451 46 551 77 112 56 377 80 607 2 634
4199 0.33766057310590714 1.0420145110047563 1.7770026814444895 135 110 37 0.65825556563181808 31 419 32 392 46 341 77 14 56 298
4200 0.31131156270594929 1.2569094846449389 1.8506415001623582 45 42 46 0.23046683236617582 31 430 32 28 46 357 77 293 56 315 80 35
4201 2.0682632853084328 1.9596361030330902 4.3460035692020389 0 0 0 0.24865408762094943 56 733 77 675
4202 0.5700953162133835 1.1552275630520596 1.445946034076294 120 103 26 0.43592325160906614 32 390 46 11 80 9
4203 0.39365340844671803 1.0936499026998567 1.7794375538737379 125 88 18 0.67972843874547362 32 13 80 11 58 242 68 216
4204 0.61481566272371824 1.3279115162583783 1.5548135588118945 84 54 5 0.11781199611967734 32 20 80 17 2 13
4205 0.68987852731437904 1.3826224221421799 1.4546025929337263 94 65 9 0.13393569448842779 32 22 80 22 2 14
4206 0.067455016473673191 1.7582661917641889 1.4425259205831458 123 98 22 0.29430117340885847 46 54 80 51 68 47
4207 -0.70011678511687281 1.9369506112483486 1.6283916357363784 22 21 23 0.40707853096100166 46 75 80 80 58 94 68 73
4208 -0.75748681665713191 2.1611530914453563 1.2400776137242544 115 92 25 0.077477003091196858 46 83 80 92 2 124
4209 -0.81866136510244192 2.1566148188870522 1.4035176399611142 132 94 19 0.0026643109903129246 32 171 80 111
4210 0.44179298630537123 2.2863068041997741 1.632535848876413 234 218 179 2.1044093923962213 31 608 80 112
4211 -1.0445243666274768 2.0865720080822885 1.6057466373939235 31 34 45 0.11841965585623961 46 92 80 118 2 139
4212 0.45812793356361625 2.2753971733891665 1.7531218829172053 3 3 4 0.053226855152961626 56 127 80 123 2 135
4213 0.47629426291472987 2.309874809326447 1.795904121118002 2 2 2 0.83861948918832996 46 123 80 126 58 126
4214 0.42024799893359432 2.5181549131801657 1.6230262548031835 29 19 15 0.37868725537494208 32 466 80 145 2 161 31 278
4215 0.14944042168940372 2.5545345756275277 1.6723894977553559 2 3 4 0.080988033248055771 32 230 80 157 2 173
4216 0.11753073510161319 2.654022073606662 1.4867700481108894 33 24 23 0.092011256485963158 32 245 80 175 2 189
4217 -1.0934186045212455 2.294615930555044 2.1755124152799525 119 89 74 0.55523425516972569 31 274 80 176 2 217
4218 -0.66970311798619464 2.5540933401356187 1.3428158463941384 68 58 11 0.06893186841945094 46 177 80 180 2 207
4219 -0.66460065453609796 2.5534687857613609 1.3513901695264054 68 58 11 0.18437606062191272 46 178 80 181 2 208 68 122 58 152 33 114
4220 -0.93188258947655545 2.3391409893844499 2.1584550523586303 186 173 141 0.68488566918115112 46 182 80 183 58 177 68 153 33 140
4221 -0.69799066373968988 2.5669247381754263 1.4002187979267449 10 11 8 0.21284285767130626 46 185 80 191 2 221
4222 -0.90589624615111708 2.4325770377254692 2.0122656335380573 84 89 82 0.11199115463431597 32 247 80 202 2 239
4223 -1.1168981794608714 2.3906199655456648 2.108031913861752 115 108 87 0.10919308595839337 32 249 80 211 2 245
4224 -1.3255909810577458 2.3445863591230847 2.1431566729432459 58 37 29 0.51567629898242606 31 292 80 213 2 252 58 200 68 171 33 154 1 277
4225 -1.0735679754402134 2.4192471202547008 2.065800481517142 102 98 80 0.14459957984342189 32 256 46 212 80 218
4226 -0.08801769608775456 2.7459422175581572 1.4051118368069639 77 55 45 0.92409542024161506 46 453 80 220 2 668
4227 -1.1408944983921838 2.4418463059191877 2.0246259075452322 100 97 82 0.2506405463340467 32 269 46 223 80 236
4228 -0.31152031751245152 2.7596885844112142 1.2995831297966565 70 50 40 0.31375883585226821 32 546 80 240 2 251
4229 -1.3365657352802107 2.4222137492594 2.0751946001926185 112 107 89 0.13090671995738215 32 280 80 245 2 285
4230 -1.3365657352802107 2.4222137492594 2.0751946001926185 112 107 89 0.13090671995738215 32 281 80 246 2 286
4231 -1.0918991481591738 2.5593053825306686 1.8397947499011593 81 82 73 0.13399587390079268 46 262 80 265 2 534
4232 -1.1969000487890535 2.5490359095628303 1.8677997577182897 101 99 86 0.26974206312579158 46 267 80 271 2 306 65 454
4233 -1.1939302134678229 2.5476918837369591 1.8739737577980129 101 99 86 0.10468958123071896 46 268 80 272 2 307
4234 -1.0522126244092787 2.6508045535367843 1.6359208078951788 80 83 76 0.046152169785422192 46 283 80 283 2 316
4235 -0.44219106266565378 2.8795462625163482 1.2163212929727107 121 82 60 0.16711834481273982 32 568 80 299 2 314
4236 -0.9803641915857374 2.7380339455655021 1.5455376396668232 79 83 79 0.036069103413208868 46 309 80 304 2 340
4237 -0.55964161204739815 2.8790213250214394 1.2595358109465025 162 160 141 0.097185501934328469 32 363 80 309 2 337
4238 -0.59179051639767544 2.9746961115241595 1.4211558974716603 94 92 82 2.5006722378438702 31 398 80 325 2 370
4239 0.35806688081588656 1.1068738326777654 1.826021913405852 107 63 6 0.13219861597028673 32 394 80 347 2 384
4240 -0.40436938484435192 1.7118381586170972 1.2107513836590593 107 90 23 0.23496381730005625 46 363 80 366 2 397
4241 -0.96983859206317902 1.8650859062245984 1.5302545850710845 70 75 94 0.044945482479363454 32 103 80 391 2 409
4242 -0.89434066227406495 1.9201971119626711 1.4799258288562618 52 49 40 0.18613629047996202 32 625 80 395 2 100
4243 -0.78196075425621792 2.0644237330139763 1.2129288350745309 130 101 28 0.1619860471793334 32 120 80 398 2 414
4245 -0.75766893917350142 2.2914194181128371 1.3121421313501485 111 99 30 0.26212082417665794 46 395 80 413 2 150
4246 -0.78404772517908627 2.2952724703577974 1.3801681564486536 97 62 8 0.22652193928854789 32 204 80 416 2 429 68 90 58 116
4247 0.37452558067956737 2.4805624304255303 1.7256098195227252 208 194 160 0.98897829546985661 32 649 80 427 2 436 58 550 68 513
4248 -0.65324345701450637 2.3852386346042791 2.0753163416841356 86 77 67 0.1015357285208342 46 179 80 444 2 456
4249 -0.73074998566378646 2.4118424501241575 2.0213149726870596 81 73 66 0.060679952974312112 46 438 80 451 2 464
4250 -1.1796665867351313 2.3339035796895322 2.196174470437263 50 34 23 0.075185228961602263 46 443 80 460 2 485
4251 -0.86625525645870516 2.4633424182455754 1.9652706519641745 82 86 79 0.08826061355273683 32 506 80 464 2 487
4252 -1.2472138007439126 2.3582911417740653 2.15068606552575 51 35 25 0.25666673185975208 77 414 80 466 2 494 68 172 58 201
4253 -0.73626256670033741 2.5668055443974596 1.7284608341320156 88 89 81 0.12395114475365639 32 677 46 451 80 473 2 675
4254 -1.0849592147229852 2.4460551199855187 2.0224192710346145 178 170 145 0.052535425264653511 32 516 80 475 2 499
4255 -1.1456402888319919 2.4650897665291374 1.9929013597564582 165 159 140 0.14842197965917589 32 527 80 488 2 517
4256 -0.99627400565249491 2.5417122257265201 1.8634111621904796 121 120 107 0.16756589587817042 32 687 80 497 2 686
4257 -1.1291701505703959 2.5287702059796224 1.8936241711793353 89 88 79 0.085158089538735451 46 253 80 503 2 529
4258 -0.39740333179616194 2.7913889959312401 1.3523842420078409 32 21 18 0.19308772859916887 46 279 80 510 2 684
4259 -1.1671254396909427 2.5601828203765966 1.8257643411320956 191 181 154 0.049508544426344454 32 544 80 512 2 540
4260 -0.87000896375585068 2.677241605594483 1.6230954925775951 108 110 101 0.33619668049055523 31 734 80 516 32 554
4261 -0.59814372760182122 2.7807694155246061 1.4228741619089571 61 69 68 0.088160369315038387 46 478 80 518 2 702
4262 -0.44368311300198526 2.83172208632016 1.2955074461981611 34 25 22 0.079703637581737444 46 483 80 519 2 297
4263 -1.1656713268909931 2.599009280122254 1.7876699435107413 170 164 142 0.10971473659585135 32 552 80 520 2 548
4264 -0.72605861316411135 2.9494280450515333 1.0995115450585442 143 99 75 0.065818510901405447 32 594 80 548 2 571
4265 -0.74679966668124009 2.9437073299139045 1.1790909728921382 173 167 146 0.20744063032168458 46 326 80 550 2 573
4266 0.025556473022746322 1.7099044562417811 1.4324968733428873 220 189 75 0.20728196909607066 32 412 80 577 2 399
4267 -0.24733770623752524 1.9858758887697068 1.4476848776589486 83 63 30 0.28064304933605816 46 539 80 590 2 408
4268 -0.9239366124613303 2.0491478647361596 1.5671884590126193 117 102 27 0.13851749157400017 32 638 80 603 2 627
4269 -0.95330997212026125 2.1734702513555963 1.6241375211998859 97 90 27 0.092569256040866341 46 555 80 613 2 636
4270 -0.92997108004130058 2.2013082172350069 1.6186866093498706 65 47 6 0.21490894623428358 46 397 80 615 2 642 58 398 68 384 33 352 65 749 1 557
4271 0.72934754251329337 2.4410145798259566 1.7528085910569404 105 77 65 0.43430056198251377 32 648 80 617 2 768
4272 -0.86410347616225847 2.2790620870736547 1.4090017261218446 55 61 77 0.46259470822648047 46 557 80 618 2 643 58 396 68 382
4274 -0.77603002407604538 2.3182574113624779 1.3664692700797179 116 99 26 0.19413256762973718 46 560 80 621 2 645
4275 -0.87494206941792341 2.3302668996904203 1.399423727030878 34 40 53 0.071284690980430679 46 402 80 627 2 652
4276 -0.65264928681672141 2.7367553628944314 1.5129530542157625 98 101 93 0.18274617595448742 32 702 80 666 2 700
4277 -0.45876092016657494 2.8134116947486985 1.3277781626591267 38 25 21 0.066290884261718627 46 476 80 668 2 697
4278 -0.83705561207666435 2.7046607236452052 1.5578094311198696 113 114 104 0.020479938497747065 32 705 80 672 2 705
4279 -1.0242428976043969 2.6581948888348181 1.6100188750835205 126 126 114 0.099931461175500405 32 704 46 472 80 674
4280 -0.89468923899015063 2.7243115115839762 1.541726847573933 118 119 109 0.078938001044435671 32 711 46 595 80 678
4281 -0.53154215162818519 2.8807072835770606 1.205413268116108 133 92 67 0.063785407723891602 32 730 46 604 80 687
4282 -0.68486454077383985 3.0097199294488952 1.1196765197314082 87 87 82 0.49079167876095608 31 965 80 698 2 577
4283 0.28833027221857876 0.91298988069357567 1.5105127790683242 153 136 52 1.9878794751536668 32 739 2 800 65 946
4284 0.47076202348803869 2.161766630256861 1.6481255874759335 238 222 184 0.35320907925747136 77 762 80 738 2 416
4285 -1.0585072539625269 2.2628729627396011 1.7239677581549411 94 109 139 0.52068202942834996 46 672 80 755 2 777
4286 -0.91318839962416276 2.3109266759608778 1.910001940113307 84 74 45 0.39001055602734241 32 905 80 761 2 838
4287 0.038102861389835638 1.8613552950086674 1.6626208580147255 45 34 25 0.27046791304301832 46 657 80 811 2 748
4288 0.35617726209946171 2.2008321688681751 1.5900433493868886 12 11 13 0.15621448383327183 32 986 80 819 2 761
4289 -0.50866517852242632 2.3182327796001312 1.3076067638765272 100 88 23 1.0027259212707611 32 200 46 789 80 821 2 767
4290 -0.89962876521834345 2.320998273199455 1.4469518006497866 108 98 30 0.43868456353102275 46 740 80 825 2 833
4291 -0.8748249031320634 2.3076620102493215 1.506849410728289 108 98 30 0.76274906343235305 32 900 46 741 80 826
4292 -0.79843507091834354 2.417249346419938 1.2306686449390771 89 104 135 0.03809957514257329 46 742 80 828 2 836
4293 0.45057803738977781 2.5532736320216736 1.5618052330799337 39 28 26 0.0022707932255725512 32 903 80 830
4294 -1.1090328934950537 2.7176968909677996 1.5900051268382747 105 107 99 1.8077390170324608 32 836 56 737 80 844 2 853 68 518 33 533
4295 -0.82016989027562592 1.7808512085636559 1.0521329834586974 99 83 18 0.70399141287935341 32 870 46 769 80 861 2 865
4296 -0.96053697403346783 1.7334994168541809 1.4054409666421044 138 117 34 0.61260305829850203 46 771 80 866 2 821 58 575 33 513
4297 -0.88795027809765736 1.9937914277159576 1.5166829624249414 122 88 20 0.81161282075698027 46 784 80 870 2 828
4298 -0.78601491206544161 2.2680153573217217 1.3272992386844895 107 59 4 0.38454008579779198 46 786 80 879 68 571 58 607 33 546
4299 -0.32051673309767115 2.0705258933936186 1.346830487722946 209 163 40 0.27319013298827016 32 981 80 896 2 901
4300 -0.32051673309767115 2.0705258933936186 1.346830487722946 209 163 40 0.27319013298827016 32 982 80 897 2 902
4301 -0.18281378329563461 1.8511334153602923 1.4388589161138949 142 102 20 0.5314409633638012 32 997 80 912 2 898
4302 -0.94002191348249609 2.2803225762965544 1.8461559852519005 59 69 92 0.69751917604796876 46 847 80 919 2 921
4303 -0.84195693082978962 1.6231243977139553 1.1976885859137361 234 179 45 1.2101391097711989 77 788 80 931 2 936
4304 0.64419371376723322 1.1157822938967337 1.3302460318587455 138 122 48 1.5702504861615978 46 853 80 935 2 941 65 1111 58 629 68 595 33 567 1 820
4305 0.62590469523187986 1.128237452171152 1.3155972465239048 138 122 48 1.4566174220581771 46 854 80 936 2 942 58 630 68 596 33 568
4306 -0.77582546505643946 1.8529515496273894 1.0661568568171156 112 100 27 0.39921951288862956 96 1028 31 835 99 973 42 1076 38 793 29 785 80 725 19 1303 32 766 56 603 46 643
4307 0.39085390817783905 1.1907844179921909 1.4344888448445661 6 9 14 0.37017849599246672 31 804 42 1030 80 561 32 601 77 609 56 482 46 513 2 585 58 364 68 341 33 307
4309 -0.95742282072833207 1.8851925038453521 1.4686224875458087 97 68 10 0.25527734173196409 80 65 2 96 68 57 58 74 33 53 1 70 65 187
4310 0.38802108715200662 2.3438323949823707 1.7848899572478587 4 4 4 0.26527954444747431 80 132 2 145
4311 0.43903641397037046 2.3598025511783791 1.7899098908398867 2 2 5 0.14619020064535818 2 149 58 132 46 143 68 107
4312 -0.68930499356766661 2.447529334318808 1.2328705026768658 10 10 8 0.42414005905998109 80 431 2 165 58 127 68 104
4313 -0.93897914857800702 2.3052863622123398 1.6213306587546938 90 101 130 0.51684077297436692 32 467 2 166 58 135
4314 -1.0888757405326663 2.6429240828711769 1.6595254484604656 138 134 118 0.37994949833548686 80 290 2 326 58 224 33 174 1 485
4315 0.23395906592932764 1.0226791903895034 1.710578906953155 6 9 13 0.18769026084691159 80 342 2 381 58 366 68 343 33 305
4316 -0.66933694236460295 1.9026440893210201 1.6123392458372303 60 59 70 0.224170815958423 80 396 2 411 58 88 68 68
4317 -0.72984939973930829 2.0974135347536857 1.3732904196625768 120 1 0 1.0197084452604501 31 233 80 406 2 419
4318 -0.97262643003464533 2.1488813706624765 1.547381324310821 101 56 7 0.76425236668273133 32 455 80 125 2 427
